ISO-10303-21;
HEADER;
FILE_DESCRIPTION (( 'STEP AP214' ),
    '1' );
FILE_NAME ('Slip ring D22mm 12 wire.STEP',
    '2021-07-05T20:02:30',
    ( '' ),
    ( '' ),
    'SwSTEP 2.0',
    'SolidWorks 2021',
    '' );
FILE_SCHEMA (( 'AUTOMOTIVE_DESIGN' ));
ENDSEC;

DATA;
#1 = AXIS2_PLACEMENT_3D ( 'NONE', #1698, #2888, #1677 ) ;
#2 = CYLINDRICAL_SURFACE ( 'NONE', #2568, 0.4000000000000000777 ) ;
#3 = CIRCLE ( 'NONE', #1134, 0.4000000000000000222 ) ;
#4 = ORIENTED_EDGE ( 'NONE', *, *, #834, .F. ) ;
#5 = ORIENTED_EDGE ( 'NONE', *, *, #902, .T. ) ;
#6 = DIRECTION ( 'NONE',  ( 0.000000000000000000, 1.000000000000000000, 0.000000000000000000 ) ) ;
#7 = CIRCLE ( 'NONE', #3605, 0.4000000000000000222 ) ;
#8 = DIRECTION ( 'NONE',  ( -0.000000000000000000, -1.000000000000000000, -0.000000000000000000 ) ) ;
#9 = PRESENTATION_STYLE_ASSIGNMENT (( #1480 ) ) ;
#10 = FILL_AREA_STYLE_COLOUR ( '', #1439 ) ;
#11 = VERTEX_POINT ( 'NONE', #3019 ) ;
#12 = PRESENTATION_STYLE_ASSIGNMENT (( #1817 ) ) ;
#13 = DIRECTION ( 'NONE',  ( 0.000000000000000000, 0.000000000000000000, 1.000000000000000000 ) ) ;
#14 = VERTEX_POINT ( 'NONE', #2072 ) ;
#15 = SURFACE_SIDE_STYLE ('',( #1532 ) ) ;
#16 = FACE_OUTER_BOUND ( 'NONE', #2744, .T. ) ;
#17 = SURFACE_STYLE_FILL_AREA ( #1140 ) ;
#18 = ORIENTED_EDGE ( 'NONE', *, *, #3696, .F. ) ;
#19 =( LENGTH_UNIT ( ) NAMED_UNIT ( * ) SI_UNIT ( .MILLI., .METRE. ) );
#20 = EDGE_CURVE ( 'NONE', #2398, #545, #415, .T. ) ;
#21 = UNCERTAINTY_MEASURE_WITH_UNIT (LENGTH_MEASURE( 1.000000000000000082E-05 ), #478, 'distance_accuracy_value', 'NONE');
#22 = EDGE_CURVE ( 'NONE', #30, #796, #1977, .T. ) ;
#23 = CIRCLE ( 'NONE', #1080, 0.4000000000000000222 ) ;
#24 = DIRECTION ( 'NONE',  ( 0.000000000000000000, 0.000000000000000000, 1.000000000000000000 ) ) ;
#25 = EDGE_LOOP ( 'NONE', ( #2243, #3902 ) ) ;
#26 = DIRECTION ( 'NONE',  ( 0.000000000000000000, 0.000000000000000000, -1.000000000000000000 ) ) ;
#27 = APPLICATION_PROTOCOL_DEFINITION ( 'draft international standard', 'automotive_design', 1998, #3275 ) ;
#28 = PRESENTATION_LAYER_ASSIGNMENT (  '', '', ( #2537 ) ) ;
#29 =( LENGTH_UNIT ( ) NAMED_UNIT ( * ) SI_UNIT ( .MILLI., .METRE. ) );
#30 = VERTEX_POINT ( 'NONE', #501 ) ;
#31 = CIRCLE ( 'NONE', #2672, 0.3999999999999993006 ) ;
#32 = CARTESIAN_POINT ( 'NONE',  ( 9.919639073093559228E-16, 0.000000000000000000, 8.099999999999999645 ) ) ;
#33 = CARTESIAN_POINT ( 'NONE',  ( 0.000000000000000000, 28.24999999999999645, -10.00000000000000000 ) ) ;
#34 = AXIS2_PLACEMENT_3D ( 'NONE', #3378, #1824, #1265 ) ;
#35 = LINE ( 'NONE', #92, #878 ) ;
#36 = VERTEX_POINT ( 'NONE', #2904 ) ;
#37 =( NAMED_UNIT ( * ) SI_UNIT ( $, .STERADIAN. ) SOLID_ANGLE_UNIT ( ) );
#38 = CARTESIAN_POINT ( 'NONE',  ( 0.000000000000000000, 0.5000000000000000000, 0.000000000000000000 ) ) ;
#39 = PRESENTATION_LAYER_ASSIGNMENT (  '', '', ( #2865 ) ) ;
#40 = FACE_BOUND ( 'NONE', #702, .T. ) ;
#41 = LINE ( 'NONE', #3714, #1005 ) ;
#42 = ORIENTED_EDGE ( 'NONE', *, *, #2772, .F. ) ;
#43 = FACE_OUTER_BOUND ( 'NONE', #2983, .T. ) ;
#44 = AXIS2_PLACEMENT_3D ( 'NONE', #1188, #868, #821 ) ;
#45 = CARTESIAN_POINT ( 'NONE',  ( -0.6287016611611960792, 24.39999999999999858, -0.5341902481823798121 ) ) ;
#46 = COLOUR_RGB ( '',0.000000000000000000, 0.000000000000000000, 1.000000000000000000 ) ;
#47 = FILL_AREA_STYLE ('',( #2178 ) ) ;
#48 = ADVANCED_FACE ( 'NONE', ( #302 ), #1108, .T. ) ;
#49 =( GEOMETRIC_REPRESENTATION_CONTEXT ( 3 ) GLOBAL_UNCERTAINTY_ASSIGNED_CONTEXT ( ( #1288 ) ) GLOBAL_UNIT_ASSIGNED_CONTEXT ( ( #1391, #2920, #782 ) ) REPRESENTATION_CONTEXT ( 'NONE', 'WORKASPACE' ) );
#50 = ORIENTED_EDGE ( 'NONE', *, *, #2053, .F. ) ;
#51 = DIRECTION ( 'NONE',  ( 0.000000000000000000, 1.000000000000000000, 0.000000000000000000 ) ) ;
#52 = DIRECTION ( 'NONE',  ( 0.000000000000000000, 0.000000000000000000, -1.000000000000000000 ) ) ;
#53 = PRESENTATION_LAYER_ASSIGNMENT (  '', '', ( #672 ) ) ;
#54 = SHAPE_REPRESENTATION_RELATIONSHIP ( 'NONE' , 'NONE' ,  #2505, #3683 ) ;
#55 = CARTESIAN_POINT ( 'NONE',  ( -0.7099363585365638940, 24.39999999999999858, 0.8202563108721194762 ) ) ;
#56 = EDGE_CURVE ( 'NONE', #14, #1255, #924, .T. ) ;
#57 = VERTEX_POINT ( 'NONE', #2149 ) ;
#58 = FACE_OUTER_BOUND ( 'NONE', #1828, .T. ) ;
#59 =( GEOMETRIC_REPRESENTATION_CONTEXT ( 3 ) GLOBAL_UNCERTAINTY_ASSIGNED_CONTEXT ( ( #1497 ) ) GLOBAL_UNIT_ASSIGNED_CONTEXT ( ( #2007, #2315, #1927 ) ) REPRESENTATION_CONTEXT ( 'NONE', 'WORKASPACE' ) );
#60 = CARTESIAN_POINT ( 'NONE',  ( 0.000000000000000000, 0.5000000000000000000, 0.000000000000000000 ) ) ;
#61 = CYLINDRICAL_SURFACE ( 'NONE', #3398, 0.3999999999999993006 ) ;
#62 = DIRECTION ( 'NONE',  ( 0.000000000000000000, 0.000000000000000000, -1.000000000000000000 ) ) ;
#63 = EDGE_LOOP ( 'NONE', ( #1974, #213 ) ) ;
#64 = CARTESIAN_POINT ( 'NONE',  ( -15.09049266094379682, 2.694222958124177006E-16, -8.712500000000071410 ) ) ;
#65 = DIRECTION ( 'NONE',  ( 0.000000000000000000, 1.000000000000000000, 0.000000000000000000 ) ) ;
#66 = FILL_AREA_STYLE ('',( #1593 ) ) ;
#67 = ORIENTED_EDGE ( 'NONE', *, *, #2909, .F. ) ;
#68 = UNCERTAINTY_MEASURE_WITH_UNIT (LENGTH_MEASURE( 1.000000000000000082E-05 ), #2554, 'distance_accuracy_value', 'NONE');
#69 = AXIS2_PLACEMENT_3D ( 'NONE', #3160, #1365, #459 ) ;
#70 = DIRECTION ( 'NONE',  ( 0.000000000000000000, 1.000000000000000000, 0.000000000000000000 ) ) ;
#71 = VECTOR ( 'NONE', #3654, 1000.000000000000000 ) ;
#72 = PRESENTATION_LAYER_ASSIGNMENT (  '', '', ( #2964 ) ) ;
#73 = VERTEX_POINT ( 'NONE', #1846 ) ;
#74 = FACE_OUTER_BOUND ( 'NONE', #2721, .T. ) ;
#75 = EDGE_CURVE ( 'NONE', #2084, #2885, #770, .T. ) ;
#76 = DIRECTION ( 'NONE',  ( 0.000000000000000000, 1.000000000000000000, 0.000000000000000000 ) ) ;
#77 = SURFACE_STYLE_FILL_AREA ( #2449 ) ;
#78 = ORIENTED_EDGE ( 'NONE', *, *, #185, .T. ) ;
#79 = CARTESIAN_POINT ( 'NONE',  ( 1.240379765745380114, 9.400000000000000355, -0.3458650599722584151 ) ) ;
#80 = ORIENTED_EDGE ( 'NONE', *, *, #2648, .T. ) ;
#81 = DIRECTION ( 'NONE',  ( -0.000000000000000000, -1.000000000000000000, -0.000000000000000000 ) ) ;
#82 = CYLINDRICAL_SURFACE ( 'NONE', #3585, 0.3999999999999993006 ) ;
#83 = DIRECTION ( 'NONE',  ( 0.000000000000000000, 0.000000000000000000, 1.000000000000000000 ) ) ;
#84 =( LENGTH_UNIT ( ) NAMED_UNIT ( * ) SI_UNIT ( .MILLI., .METRE. ) );
#85 =( NAMED_UNIT ( * ) SI_UNIT ( $, .STERADIAN. ) SOLID_ANGLE_UNIT ( ) );
#86 = AXIS2_PLACEMENT_3D ( 'NONE', #589, #949, #700 ) ;
#87 = CARTESIAN_POINT ( 'NONE',  ( 0.000000000000000000, 0.000000000000000000, 0.000000000000000000 ) ) ;
#88 = CIRCLE ( 'NONE', #3559, 0.4000000000000002442 ) ;
#89 = AXIS2_PLACEMENT_3D ( 'NONE', #2524, #1025, #198 ) ;
#90 = CARTESIAN_POINT ( 'NONE',  ( 0.000000000000000000, 24.39999999999999858, 0.000000000000000000 ) ) ;
#91 = PRESENTATION_STYLE_ASSIGNMENT (( #1260 ) ) ;
#92 = CARTESIAN_POINT ( 'NONE',  ( -1.405902292668247844, 24.39999999999999858, 0.2690257990329674165 ) ) ;
#93 = ORIENTED_EDGE ( 'NONE', *, *, #626, .T. ) ;
#94 = FILL_AREA_STYLE ('',( #1881 ) ) ;
#95 = AXIS2_PLACEMENT_3D ( 'NONE', #509, #1720, #2610 ) ;
#96 = EDGE_CURVE ( 'NONE', #3602, #3313, #1095, .T. ) ;
#97 = DIRECTION ( 'NONE',  ( -0.000000000000000000, -1.000000000000000000, -0.000000000000000000 ) ) ;
#98 = UNCERTAINTY_MEASURE_WITH_UNIT (LENGTH_MEASURE( 1.000000000000000082E-05 ), #3093, 'distance_accuracy_value', 'NONE');
#99 = PRESENTATION_LAYER_ASSIGNMENT (  '', '', ( #3627 ) ) ;
#100 = FACE_BOUND ( 'NONE', #562, .T. ) ;
#101 =( NAMED_UNIT ( * ) PLANE_ANGLE_UNIT ( ) SI_UNIT ( $, .RADIAN. ) );
#102 = EDGE_CURVE ( 'NONE', #2785, #3662, #2767, .T. ) ;
#103 =( NAMED_UNIT ( * ) PLANE_ANGLE_UNIT ( ) SI_UNIT ( $, .RADIAN. ) );
#104 = VECTOR ( 'NONE', #3563, 1000.000000000000000 ) ;
#105 = AXIS2_PLACEMENT_3D ( 'NONE', #3287, #825, #222 ) ;
#106 = CARTESIAN_POINT ( 'NONE',  ( 1.692677974708935107, 24.39999999999999858, 0.1525560195772903138 ) ) ;
#107 = DIRECTION ( 'NONE',  ( 0.000000000000000000, 1.000000000000000000, 0.000000000000000000 ) ) ;
#108 = STYLED_ITEM ( 'NONE', ( #195 ), #1131 ) ;
#109 = SURFACE_SIDE_STYLE ('',( #1585 ) ) ;
#110 = EDGE_LOOP ( 'NONE', ( #2055, #2660 ) ) ;
#111 =( NAMED_UNIT ( * ) PLANE_ANGLE_UNIT ( ) SI_UNIT ( $, .RADIAN. ) );
#112 = MECHANICAL_DESIGN_GEOMETRIC_PRESENTATION_REPRESENTATION (  '', ( #672 ), #1243 ) ;
#113 = STYLED_ITEM ( 'NONE', ( #2037 ), #1666 ) ;
#114 = FILL_AREA_STYLE ('',( #3153 ) ) ;
#115 = PLANE ( 'NONE',  #2237 ) ;
#116 =( NAMED_UNIT ( * ) SI_UNIT ( $, .STERADIAN. ) SOLID_ANGLE_UNIT ( ) );
#117 = EDGE_LOOP ( 'NONE', ( #3273, #1393 ) ) ;
#118 = DIRECTION ( 'NONE',  ( 0.000000000000000000, 1.000000000000000000, 0.000000000000000000 ) ) ;
#119 = CARTESIAN_POINT ( 'NONE',  ( 4.898587196589413075E-17, 28.24999999999999645, 10.40000000000000036 ) ) ;
#120 = DIRECTION ( 'NONE',  ( 0.000000000000000000, 0.000000000000000000, -1.000000000000000000 ) ) ;
#121 = SURFACE_STYLE_USAGE ( .BOTH. , #2826 ) ;
#122 = ADVANCED_FACE ( 'NONE', ( #2481 ), #1889, .T. ) ;
#123 = DIRECTION ( 'NONE',  ( 0.000000000000000000, 0.000000000000000000, 1.000000000000000000 ) ) ;
#124 = SURFACE_SIDE_STYLE ('',( #2831 ) ) ;
#125 = CONTEXT_DEPENDENT_SHAPE_REPRESENTATION ( #2038, #226 ) ;
#126 = ORIENTED_EDGE ( 'NONE', *, *, #834, .T. ) ;
#127 = AXIS2_PLACEMENT_3D ( 'NONE', #1933, #133, #1343 ) ;
#128 = CARTESIAN_POINT ( 'NONE',  ( 0.000000000000000000, 38.25000000000000000, 10.00000000000000000 ) ) ;
#129 = DIRECTION ( 'NONE',  ( 0.000000000000000000, 1.000000000000000000, 0.000000000000000000 ) ) ;
#130 = ORIENTED_EDGE ( 'NONE', *, *, #138, .T. ) ;
#131 = AXIS2_PLACEMENT_3D ( 'NONE', #288, #569, #3570 ) ;
#132 = LINE ( 'NONE', #1341, #776 ) ;
#133 = DIRECTION ( 'NONE',  ( -0.000000000000000000, -1.000000000000000000, -0.000000000000000000 ) ) ;
#134 = FACE_BOUND ( 'NONE', #2299, .T. ) ;
#135 = LINE ( 'NONE', #2857, #1325 ) ;
#136 = FILL_AREA_STYLE_COLOUR ( '', #1218 ) ;
#137 = ADVANCED_FACE ( 'NONE', ( #3703 ), #692, .T. ) ;
#138 = EDGE_CURVE ( 'NONE', #1169, #1708, #1793, .T. ) ;
#139 = DIRECTION ( 'NONE',  ( 0.000000000000000000, -0.000000000000000000, 1.000000000000000000 ) ) ;
#140 = CARTESIAN_POINT ( 'NONE',  ( -1.405902292668247844, 24.39999999999999858, -0.1309742009670326612 ) ) ;
#141 = EDGE_CURVE ( 'NONE', #2956, #2679, #1054, .T. ) ;
#142 = ADVANCED_FACE ( 'NONE', ( #3794 ), #3492, .T. ) ;
#143 = ORIENTED_EDGE ( 'NONE', *, *, #2931, .F. ) ;
#144 = DIRECTION ( 'NONE',  ( 0.000000000000000000, 0.000000000000000000, 1.000000000000000000 ) ) ;
#145 = CARTESIAN_POINT ( 'NONE',  ( 0.000000000000000000, 38.25000000000000000, -10.40000000000000036 ) ) ;
#146 = VECTOR ( 'NONE', #2930, 1000.000000000000000 ) ;
#147 = ORIENTED_EDGE ( 'NONE', *, *, #2069, .F. ) ;
#148 = VECTOR ( 'NONE', #2075, 1000.000000000000000 ) ;
#149 = LINE ( 'NONE', #3733, #2234 ) ;
#150 = COLOUR_RGB ( '',0.000000000000000000, 0.000000000000000000, 1.000000000000000000 ) ;
#151 = CARTESIAN_POINT ( 'NONE',  ( 0.3525766757920597572, 9.400000000000000355, -0.7458650599722584928 ) ) ;
#152 = CIRCLE ( 'NONE', #657, 2.699999999999999289 ) ;
#153 = PRESENTATION_LAYER_ASSIGNMENT (  '', '', ( #3439 ) ) ;
#154 =( LENGTH_UNIT ( ) NAMED_UNIT ( * ) SI_UNIT ( .MILLI., .METRE. ) );
#155 = AXIS2_PLACEMENT_3D ( 'NONE', #625, #65, #703 ) ;
#156 = FACE_OUTER_BOUND ( 'NONE', #427, .T. ) ;
#157 = FILL_AREA_STYLE ('',( #1940 ) ) ;
#158 = CARTESIAN_POINT ( 'NONE',  ( 0.000000000000000000, 0.000000000000000000, 0.000000000000000000 ) ) ;
#159 = EDGE_CURVE ( 'NONE', #1625, #325, #2540, .T. ) ;
#160 = AXIS2_PLACEMENT_3D ( 'NONE', #3282, #3896, #238 ) ;
#161 = ORIENTED_EDGE ( 'NONE', *, *, #384, .F. ) ;
#162 = DIRECTION ( 'NONE',  ( 0.000000000000000000, 0.000000000000000000, -1.000000000000000000 ) ) ;
#163 = CARTESIAN_POINT ( 'NONE',  ( 0.8232053680170706711, 24.39999999999999858, 0.4543867821063123924 ) ) ;
#164 = EDGE_CURVE ( 'NONE', #2067, #3607, #1952, .T. ) ;
#165 = FACE_OUTER_BOUND ( 'NONE', #978, .T. ) ;
#166 = ORIENTED_EDGE ( 'NONE', *, *, #2342, .F. ) ;
#167 = DIRECTION ( 'NONE',  ( -0.000000000000000000, -1.000000000000000000, -0.000000000000000000 ) ) ;
#168 = AXIS2_PLACEMENT_3D ( 'NONE', #3609, #2986, #1194 ) ;
#169 = AXIS2_PLACEMENT_3D ( 'NONE', #2947, #850, #3204 ) ;
#170 = STYLED_ITEM ( 'NONE', ( #2253 ), #1823 ) ;
#171 =( NAMED_UNIT ( * ) PLANE_ANGLE_UNIT ( ) SI_UNIT ( $, .RADIAN. ) );
#172 = EDGE_LOOP ( 'NONE', ( #1595, #3598, #1340, #161 ) ) ;
#173 = FACE_OUTER_BOUND ( 'NONE', #2074, .T. ) ;
#174 = ORIENTED_EDGE ( 'NONE', *, *, #481, .F. ) ;
#175 = PRESENTATION_STYLE_ASSIGNMENT (( #2266 ) ) ;
#176 = CARTESIAN_POINT ( 'NONE',  ( 0.8715574274765832685, 38.25000000000000000, -10.36194698091745536 ) ) ;
#177 = AXIS2_PLACEMENT_3D ( 'NONE', #440, #742, #194 ) ;
#178 = SURFACE_STYLE_FILL_AREA ( #797 ) ;
#179 = SURFACE_STYLE_USAGE ( .BOTH. , #1953 ) ;
#180 = EDGE_LOOP ( 'NONE', ( #2476, #1220 ) ) ;
#181 = DIRECTION ( 'NONE',  ( 0.000000000000000000, 0.000000000000000000, 1.000000000000000000 ) ) ;
#182 = ORIENTED_EDGE ( 'NONE', *, *, #2825, .F. ) ;
#183 = CIRCLE ( 'NONE', #1988, 0.3999999999999993006 ) ;
#184 = LINE ( 'NONE', #2281, #2154 ) ;
#185 = EDGE_CURVE ( 'NONE', #3900, #277, #3877, .T. ) ;
#186 = SURFACE_STYLE_USAGE ( .BOTH. , #2060 ) ;
#187 =( NAMED_UNIT ( * ) PLANE_ANGLE_UNIT ( ) SI_UNIT ( $, .RADIAN. ) );
#188 = PRESENTATION_LAYER_ASSIGNMENT (  '', '', ( #1886 ) ) ;
#189 = LINE ( 'NONE', #754, #2254 ) ;
#190 = ORIENTED_EDGE ( 'NONE', *, *, #75, .F. ) ;
#191 = LINE ( 'NONE', #1160, #3868 ) ;
#192 = CIRCLE ( 'NONE', #2576, 0.4000000000000000222 ) ;
#193 = SURFACE_STYLE_USAGE ( .BOTH. , #439 ) ;
#194 = DIRECTION ( 'NONE',  ( 0.000000000000000000, 0.000000000000000000, 1.000000000000000000 ) ) ;
#195 = PRESENTATION_STYLE_ASSIGNMENT (( #743 ) ) ;
#196 = DIRECTION ( 'NONE',  ( 0.000000000000000000, 0.000000000000000000, -1.000000000000000000 ) ) ;
#197 = ORIENTED_EDGE ( 'NONE', *, *, #2342, .T. ) ;
#198 = DIRECTION ( 'NONE',  ( 0.000000000000000000, 0.000000000000000000, 1.000000000000000000 ) ) ;
#199 = CARTESIAN_POINT ( 'NONE',  ( 0.8715574274765832685, 38.25000000000000000, 9.961946980917456784 ) ) ;
#200 = FACE_BOUND ( 'NONE', #2117, .T. ) ;
#201 = VERTEX_POINT ( 'NONE', #1722 ) ;
#202 = ORIENTED_EDGE ( 'NONE', *, *, #3601, .F. ) ;
#203 = MECHANICAL_DESIGN_GEOMETRIC_PRESENTATION_REPRESENTATION (  '', ( #1905 ), #1550 ) ;
#204 = LINE ( 'NONE', #1697, #2294 ) ;
#205 = LINE ( 'NONE', #2968, #1971 ) ;
#206 = DIRECTION ( 'NONE',  ( -0.000000000000000000, -1.000000000000000000, -0.000000000000000000 ) ) ;
#207 = ORIENTED_EDGE ( 'NONE', *, *, #3518, .T. ) ;
#208 = ADVANCED_FACE ( 'NONE', ( #3736 ), #1327, .T. ) ;
#209 = DIRECTION ( 'NONE',  ( 0.000000000000000000, 0.000000000000000000, -1.000000000000000000 ) ) ;
#210 =( GEOMETRIC_REPRESENTATION_CONTEXT ( 3 ) GLOBAL_UNCERTAINTY_ASSIGNED_CONTEXT ( ( #2384 ) ) GLOBAL_UNIT_ASSIGNED_CONTEXT ( ( #1098, #1985, #2268 ) ) REPRESENTATION_CONTEXT ( 'NONE', 'WORKASPACE' ) );
#211 = CIRCLE ( 'NONE', #2014, 0.3999999999999993006 ) ;
#212 = FILL_AREA_STYLE ('',( #2232 ) ) ;
#213 = ORIENTED_EDGE ( 'NONE', *, *, #1554, .F. ) ;
#214 = PRESENTATION_LAYER_ASSIGNMENT (  '', '', ( #1847 ) ) ;
#215 = MECHANICAL_DESIGN_GEOMETRIC_PRESENTATION_REPRESENTATION (  '', ( #1030 ), #2019 ) ;
#216 = UNCERTAINTY_MEASURE_WITH_UNIT (LENGTH_MEASURE( 1.000000000000000082E-05 ), #1928, 'distance_accuracy_value', 'NONE');
#217 = PRESENTATION_LAYER_ASSIGNMENT (  '', '', ( #2220 ) ) ;
#218 = FACE_OUTER_BOUND ( 'NONE', #2832, .T. ) ;
#219 = ORIENTED_EDGE ( 'NONE', *, *, #257, .T. ) ;
#220 = CARTESIAN_POINT ( 'NONE',  ( -15.09049266094379682, 0.000000000000000000, -6.012500000000073896 ) ) ;
#221 = UNCERTAINTY_MEASURE_WITH_UNIT (LENGTH_MEASURE( 1.000000000000000082E-05 ), #154, 'distance_accuracy_value', 'NONE');
#222 = DIRECTION ( 'NONE',  ( 0.000000000000000000, -0.000000000000000000, -1.000000000000000000 ) ) ;
#223 = SURFACE_STYLE_USAGE ( .BOTH. , #3878 ) ;
#224 = EDGE_LOOP ( 'NONE', ( #1488, #2444, #1273, #324 ) ) ;
#225 = ORIENTED_EDGE ( 'NONE', *, *, #1893, .T. ) ;
#226 = PRODUCT_DEFINITION_SHAPE ( 'NONE', 'NONE',  #3908 ) ;
#227 = COLOUR_RGB ( '',0.7529411764705882248, 0.7529411764705882248, 1.000000000000000000 ) ;
#228 = CARTESIAN_POINT ( 'NONE',  ( -1.270887901932856501, 9.400000000000000355, -1.550332851019216251 ) ) ;
#229 = DIRECTION ( 'NONE',  ( 0.000000000000000000, 0.000000000000000000, 1.000000000000000000 ) ) ;
#230 = CYLINDRICAL_SURFACE ( 'NONE', #2347, 0.4000000000000000777 ) ;
#231 = CARTESIAN_POINT ( 'NONE',  ( -15.09049266094379682, 0.000000000000000000, -8.712500000000071410 ) ) ;
#232 = CARTESIAN_POINT ( 'NONE',  ( -1.270887901932856501, 9.400000000000000355, -1.150332851019216340 ) ) ;
#233 = AXIS2_PLACEMENT_3D ( 'NONE', #33, #1546, #3375 ) ;
#234 = PRESENTATION_LAYER_ASSIGNMENT (  '', '', ( #1044 ) ) ;
#235 = VERTEX_POINT ( 'NONE', #3441 ) ;
#236 = DIRECTION ( 'NONE',  ( 0.000000000000000000, 1.000000000000000000, 0.000000000000000000 ) ) ;
#237 = ADVANCED_FACE ( 'NONE', ( #3216 ), #2894, .T. ) ;
#238 = DIRECTION ( 'NONE',  ( 0.000000000000000000, 0.000000000000000000, -1.000000000000000000 ) ) ;
#239 = CARTESIAN_POINT ( 'NONE',  ( 0.1848617153801214441, 24.39999999999999858, 0.4040218567842039366 ) ) ;
#240 = VERTEX_POINT ( 'NONE', #2356 ) ;
#241 = CARTESIAN_POINT ( 'NONE',  ( 0.000000000000000000, 0.000000000000000000, 0.000000000000000000 ) ) ;
#242 = CIRCLE ( 'NONE', #1118, 0.3999999999999999667 ) ;
#243 = CARTESIAN_POINT ( 'NONE',  ( -0.5553116310352962381, 24.39999999999999858, 0.9136797799016355137 ) ) ;
#244 = DIRECTION ( 'NONE',  ( 0.000000000000000000, 1.000000000000000000, 0.000000000000000000 ) ) ;
#245 = ORIENTED_EDGE ( 'NONE', *, *, #2353, .F. ) ;
#246 = CARTESIAN_POINT ( 'NONE',  ( 1.692677974708935107, 24.39999999999999858, 0.5525560195772908356 ) ) ;
#247 = DIRECTION ( 'NONE',  ( -0.000000000000000000, -1.000000000000000000, -0.000000000000000000 ) ) ;
#248 = EDGE_LOOP ( 'NONE', ( #1207, #2847 ) ) ;
#249 = AXIS2_PLACEMENT_3D ( 'NONE', #437, #2742, #421 ) ;
#250 = FILL_AREA_STYLE ('',( #1157 ) ) ;
#251 = SURFACE_STYLE_USAGE ( .BOTH. , #3252 ) ;
#252 = DIRECTION ( 'NONE',  ( 0.000000000000000000, 1.000000000000000000, 0.000000000000000000 ) ) ;
#253 =( GEOMETRIC_REPRESENTATION_CONTEXT ( 3 ) GLOBAL_UNCERTAINTY_ASSIGNED_CONTEXT ( ( #535 ) ) GLOBAL_UNIT_ASSIGNED_CONTEXT ( ( #2804, #101, #1963 ) ) REPRESENTATION_CONTEXT ( 'NONE', 'WORKASPACE' ) );
#254 = ORIENTED_EDGE ( 'NONE', *, *, #3382, .T. ) ;
#255 = COLOUR_RGB ( '',1.000000000000000000, 0.000000000000000000, 0.000000000000000000 ) ;
#256 = DIRECTION ( 'NONE',  ( -0.000000000000000000, -1.000000000000000000, -0.000000000000000000 ) ) ;
#257 = EDGE_CURVE ( 'NONE', #596, #511, #710, .T. ) ;
#258 = DIRECTION ( 'NONE',  ( 0.000000000000000000, 0.000000000000000000, 1.000000000000000000 ) ) ;
#259 = ADVANCED_FACE ( 'NONE', ( #1430 ), #1519, .T. ) ;
#260 = ORIENTED_EDGE ( 'NONE', *, *, #883, .F. ) ;
#261 = LINE ( 'NONE', #3621, #2272 ) ;
#262 =( LENGTH_UNIT ( ) NAMED_UNIT ( * ) SI_UNIT ( .MILLI., .METRE. ) );
#263 = ADVANCED_FACE ( 'NONE', ( #2935 ), #2696, .T. ) ;
#264 = PRESENTATION_STYLE_ASSIGNMENT (( #223 ) ) ;
#265 = EDGE_CURVE ( 'NONE', #2885, #2084, #2085, .T. ) ;
#266 = ORIENTED_EDGE ( 'NONE', *, *, #1200, .T. ) ;
#267 = DIRECTION ( 'NONE',  ( 0.000000000000000000, 0.000000000000000000, -1.000000000000000000 ) ) ;
#268 = ORIENTED_EDGE ( 'NONE', *, *, #2666, .T. ) ;
#269 = SURFACE_STYLE_FILL_AREA ( #250 ) ;
#270 = DIRECTION ( 'NONE',  ( -0.000000000000000000, -1.000000000000000000, -0.000000000000000000 ) ) ;
#271 = ORIENTED_EDGE ( 'NONE', *, *, #3597, .F. ) ;
#272 = FILL_AREA_STYLE ('',( #576 ) ) ;
#273 = MECHANICAL_DESIGN_GEOMETRIC_PRESENTATION_REPRESENTATION (  '', ( #964 ), #1027 ) ;
#274 = VECTOR ( 'NONE', #2745, 1000.000000000000000 ) ;
#275 = STYLED_ITEM ( 'NONE', ( #1091 ), #392 ) ;
#276 = COLOUR_RGB ( '',0.5254901960784313930, 0.4431372549019607643, 0.03137254901960784270 ) ;
#277 = VERTEX_POINT ( 'NONE', #3237 ) ;
#278 = DIRECTION ( 'NONE',  ( -0.000000000000000000, -1.000000000000000000, -0.000000000000000000 ) ) ;
#279 = LINE ( 'NONE', #2623, #2289 ) ;
#280 = COLOUR_RGB ( '',0.000000000000000000, 1.000000000000000000, 1.000000000000000000 ) ;
#281 = COLOUR_RGB ( '',1.000000000000000000, 1.000000000000000000, 1.000000000000000000 ) ;
#282 = EDGE_CURVE ( 'NONE', #3137, #1090, #3749, .T. ) ;
#283 = DIRECTION ( 'NONE',  ( 0.000000000000000000, 0.000000000000000000, 1.000000000000000000 ) ) ;
#284 = SURFACE_STYLE_USAGE ( .BOTH. , #2828 ) ;
#285 = VERTEX_POINT ( 'NONE', #3906 ) ;
#286 = EDGE_CURVE ( 'NONE', #1529, #3612, #3240, .T. ) ;
#287 = CARTESIAN_POINT ( 'NONE',  ( -0.6287016611611960792, 9.400000000000000355, -0.5341902481823798121 ) ) ;
#288 = CARTESIAN_POINT ( 'NONE',  ( -0.5553116310352962381, 24.39999999999999858, 1.313679779901635536 ) ) ;
#289 = ORIENTED_EDGE ( 'NONE', *, *, #2145, .T. ) ;
#290 = DIRECTION ( 'NONE',  ( 0.000000000000000000, -0.000000000000000000, 1.000000000000000000 ) ) ;
#291 = VECTOR ( 'NONE', #1956, 1000.000000000000000 ) ;
#292 = DIRECTION ( 'NONE',  ( 0.000000000000000000, 0.000000000000000000, -1.000000000000000000 ) ) ;
#293 =( GEOMETRIC_REPRESENTATION_CONTEXT ( 3 ) GLOBAL_UNCERTAINTY_ASSIGNED_CONTEXT ( ( #340 ) ) GLOBAL_UNIT_ASSIGNED_CONTEXT ( ( #2689, #3046, #2778 ) ) REPRESENTATION_CONTEXT ( 'NONE', 'WORKASPACE' ) );
#294 = EDGE_LOOP ( 'NONE', ( #2695, #925 ) ) ;
#295 = FILL_AREA_STYLE ('',( #820 ) ) ;
#296 = DIRECTION ( 'NONE',  ( -0.000000000000000000, -1.000000000000000000, -0.000000000000000000 ) ) ;
#297 = CIRCLE ( 'NONE', #2363, 0.3999999999999993006 ) ;
#298 = UNCERTAINTY_MEASURE_WITH_UNIT (LENGTH_MEASURE( 1.000000000000000082E-05 ), #643, 'distance_accuracy_value', 'NONE');
#299 = CARTESIAN_POINT ( 'NONE',  ( 0.000000000000000000, 2.500000000000000000, 0.000000000000000000 ) ) ;
#300 = FILL_AREA_STYLE_COLOUR ( '', #3646 ) ;
#301 = COLOUR_RGB ( '',0.5019607843137254832, 1.000000000000000000, 1.000000000000000000 ) ;
#302 = FACE_OUTER_BOUND ( 'NONE', #1448, .T. ) ;
#303 = CIRCLE ( 'NONE', #2235, 0.4000000000000000222 ) ;
#304 = ORIENTED_EDGE ( 'NONE', *, *, #2801, .T. ) ;
#305 = FACE_BOUND ( 'NONE', #2711, .T. ) ;
#306 = UNCERTAINTY_MEASURE_WITH_UNIT (LENGTH_MEASURE( 1.000000000000000082E-05 ), #896, 'distance_accuracy_value', 'NONE');
#307 = FACE_OUTER_BOUND ( 'NONE', #3404, .T. ) ;
#308 = SHAPE_DEFINITION_REPRESENTATION ( #3700, #2505 ) ;
#309 = CARTESIAN_POINT ( 'NONE',  ( -1.702137580665993966, 38.25000000000000000, 9.454071628341480960 ) ) ;
#310 = VERTEX_POINT ( 'NONE', #3101 ) ;
#311 = SURFACE_SIDE_STYLE ('',( #621 ) ) ;
#312 = EDGE_CURVE ( 'NONE', #918, #2917, #897, .T. ) ;
#313 = SURFACE_STYLE_USAGE ( .BOTH. , #2083 ) ;
#314 = EDGE_LOOP ( 'NONE', ( #1695, #2655, #1699, #3364 ) ) ;
#315 = LINE ( 'NONE', #3399, #3181 ) ;
#316 = ADVANCED_FACE ( 'NONE', ( #1609 ), #399, .T. ) ;
#317 = FACE_OUTER_BOUND ( 'NONE', #1776, .T. ) ;
#318 = FILL_AREA_STYLE ('',( #3015 ) ) ;
#319 = CIRCLE ( 'NONE', #2890, 4.750000000000000000 ) ;
#320 = EDGE_LOOP ( 'NONE', ( #3820, #3359 ) ) ;
#321 =( NAMED_UNIT ( * ) SI_UNIT ( $, .STERADIAN. ) SOLID_ANGLE_UNIT ( ) );
#322 =( NAMED_UNIT ( * ) PLANE_ANGLE_UNIT ( ) SI_UNIT ( $, .RADIAN. ) );
#323 = AXIS2_PLACEMENT_3D ( 'NONE', #3549, #1178, #3901 ) ;
#324 = ORIENTED_EDGE ( 'NONE', *, *, #3496, .F. ) ;
#325 = VERTEX_POINT ( 'NONE', #1241 ) ;
#326 =( LENGTH_UNIT ( ) NAMED_UNIT ( * ) SI_UNIT ( .MILLI., .METRE. ) );
#327 =( NAMED_UNIT ( * ) PLANE_ANGLE_UNIT ( ) SI_UNIT ( $, .RADIAN. ) );
#328 =( NAMED_UNIT ( * ) SI_UNIT ( $, .STERADIAN. ) SOLID_ANGLE_UNIT ( ) );
#329 = EDGE_LOOP ( 'NONE', ( #143, #2190, #3057, #794 ) ) ;
#330 = LINE ( 'NONE', #352, #1105 ) ;
#331 = LINE ( 'NONE', #1299, #2430 ) ;
#332 = DIRECTION ( 'NONE',  ( -0.000000000000000000, -1.000000000000000000, -0.000000000000000000 ) ) ;
#333 = VERTEX_POINT ( 'NONE', #3386 ) ;
#334 = FACE_OUTER_BOUND ( 'NONE', #2042, .T. ) ;
#335 = CARTESIAN_POINT ( 'NONE',  ( 0.3525766757920597572, 24.39999999999999858, -1.145865059972258626 ) ) ;
#336 = PRODUCT_RELATED_PRODUCT_CATEGORY ( 'part', '', ( #3095 ) ) ;
#337 = CARTESIAN_POINT ( 'NONE',  ( 0.000000000000000000, 0.000000000000000000, 0.000000000000000000 ) ) ;
#338 = CARTESIAN_POINT ( 'NONE',  ( 1.692677974708935107, 24.39999999999999858, 0.1525560195772903138 ) ) ;
#339 = ORIENTED_EDGE ( 'NONE', *, *, #384, .T. ) ;
#340 = UNCERTAINTY_MEASURE_WITH_UNIT (LENGTH_MEASURE( 1.000000000000000082E-05 ), #2689, 'distance_accuracy_value', 'NONE');
#341 = ADVANCED_FACE ( 'NONE', ( #43 ), #979, .T. ) ;
#342 = DIRECTION ( 'NONE',  ( -0.000000000000000000, -1.000000000000000000, -0.000000000000000000 ) ) ;
#343 = AXIS2_PLACEMENT_3D ( 'NONE', #1743, #2665, #3002 ) ;
#344 = ORIENTED_EDGE ( 'NONE', *, *, #715, .T. ) ;
#345 = DIRECTION ( 'NONE',  ( 0.000000000000000000, -1.000000000000000000, 0.000000000000000000 ) ) ;
#346 = SURFACE_STYLE_FILL_AREA ( #2502 ) ;
#347 = VECTOR ( 'NONE', #2129, 1000.000000000000000 ) ;
#348 = VERTEX_POINT ( 'NONE', #2172 ) ;
#349 = SURFACE_STYLE_USAGE ( .BOTH. , #2158 ) ;
#350 = CIRCLE ( 'NONE', #1557, 0.4000000000000010214 ) ;
#351 = AXIS2_PLACEMENT_3D ( 'NONE', #2858, #1683, #771 ) ;
#352 = CARTESIAN_POINT ( 'NONE',  ( -0.2650306909542098910, 24.39999999999999858, -0.9663558761958367382 ) ) ;
#353 =( NAMED_UNIT ( * ) SI_UNIT ( $, .STERADIAN. ) SOLID_ANGLE_UNIT ( ) );
#354 = VERTEX_POINT ( 'NONE', #3715 ) ;
#355 = SURFACE_STYLE_USAGE ( .BOTH. , #15 ) ;
#356 = CYLINDRICAL_SURFACE ( 'NONE', #747, 0.3999999999999993006 ) ;
#357 = EDGE_LOOP ( 'NONE', ( #18, #3634, #2948, #3706 ) ) ;
#358 = DIRECTION ( 'NONE',  ( -0.000000000000000000, -1.000000000000000000, -0.000000000000000000 ) ) ;
#359 = STYLED_ITEM ( 'NONE', ( #1687 ), #1149 ) ;
#360 = STYLED_ITEM ( 'NONE', ( #3449 ), #1553 ) ;
#361 = DIRECTION ( 'NONE',  ( 0.000000000000000000, 0.000000000000000000, -1.000000000000000000 ) ) ;
#362 =( NAMED_UNIT ( * ) SI_UNIT ( $, .STERADIAN. ) SOLID_ANGLE_UNIT ( ) );
#363 = CIRCLE ( 'NONE', #168, 0.3999999999999993006 ) ;
#364 =( GEOMETRIC_REPRESENTATION_CONTEXT ( 3 ) GLOBAL_UNCERTAINTY_ASSIGNED_CONTEXT ( ( #3103 ) ) GLOBAL_UNIT_ASSIGNED_CONTEXT ( ( #2974, #2357, #2379 ) ) REPRESENTATION_CONTEXT ( 'NONE', 'WORKASPACE' ) );
#365 = EDGE_CURVE ( 'NONE', #2917, #918, #2016, .T. ) ;
#366 = ORIENTED_EDGE ( 'NONE', *, *, #1380, .T. ) ;
#367 = PRESENTATION_STYLE_ASSIGNMENT (( #2198 ) ) ;
#368 =( GEOMETRIC_REPRESENTATION_CONTEXT ( 3 ) GLOBAL_UNCERTAINTY_ASSIGNED_CONTEXT ( ( #1204 ) ) GLOBAL_UNIT_ASSIGNED_CONTEXT ( ( #1779, #3368, #2077 ) ) REPRESENTATION_CONTEXT ( 'NONE', 'WORKASPACE' ) );
#369 = MECHANICAL_DESIGN_GEOMETRIC_PRESENTATION_REPRESENTATION (  '', ( #2368 ), #428 ) ;
#370 = VERTEX_POINT ( 'NONE', #3405 ) ;
#371 = CARTESIAN_POINT ( 'NONE',  ( -1.702137580665993966, 28.24999999999999645, 10.25407162834147989 ) ) ;
#372 = PRESENTATION_STYLE_ASSIGNMENT (( #2138 ) ) ;
#373 = ORIENTED_EDGE ( 'NONE', *, *, #1425, .F. ) ;
#374 = CARTESIAN_POINT ( 'NONE',  ( 0.000000000000000000, 2.694222958124177006E-16, 17.42499999999999716 ) ) ;
#375 = CIRCLE ( 'NONE', #3150, 0.4000000000000000222 ) ;
#376 = CARTESIAN_POINT ( 'NONE',  ( 0.000000000000000000, 2.500000000000000000, 0.000000000000000000 ) ) ;
#377 = CARTESIAN_POINT ( 'NONE',  ( 0.8715574274765832685, 28.24999999999999645, -10.36194698091745536 ) ) ;
#378 = ORIENTED_EDGE ( 'NONE', *, *, #3177, .T. ) ;
#379 =( NAMED_UNIT ( * ) SI_UNIT ( $, .STERADIAN. ) SOLID_ANGLE_UNIT ( ) );
#380 =( GEOMETRIC_REPRESENTATION_CONTEXT ( 3 ) GLOBAL_UNCERTAINTY_ASSIGNED_CONTEXT ( ( #3658 ) ) GLOBAL_UNIT_ASSIGNED_CONTEXT ( ( #2029, #3869, #3379 ) ) REPRESENTATION_CONTEXT ( 'NONE', 'WORKASPACE' ) );
#381 = CARTESIAN_POINT ( 'NONE',  ( 1.240379765745380114, 24.39999999999999858, -0.7458650599722584928 ) ) ;
#382 = SURFACE_SIDE_STYLE ('',( #1247 ) ) ;
#383 = DIRECTION ( 'NONE',  ( 0.000000000000000000, 0.000000000000000000, -1.000000000000000000 ) ) ;
#384 = EDGE_CURVE ( 'NONE', #590, #3545, #2700, .T. ) ;
#385 = CIRCLE ( 'NONE', #1270, 0.3999999999999999667 ) ;
#386 = EDGE_CURVE ( 'NONE', #3322, #1582, #88, .T. ) ;
#387 = STYLED_ITEM ( 'NONE', ( #3136 ), #3354 ) ;
#388 = ORIENTED_EDGE ( 'NONE', *, *, #1586, .F. ) ;
#389 = FACE_BOUND ( 'NONE', #3848, .T. ) ;
#390 = DIRECTION ( 'NONE',  ( -0.000000000000000000, -1.000000000000000000, -0.000000000000000000 ) ) ;
#391 = SURFACE_STYLE_FILL_AREA ( #523 ) ;
#392 = ADVANCED_FACE ( 'NONE', ( #173 ), #1631, .T. ) ;
#393 = CYLINDRICAL_SURFACE ( 'NONE', #3217, 0.3999999999999993006 ) ;
#394 = VERTEX_POINT ( 'NONE', #2839 ) ;
#395 = PLANE ( 'NONE',  #3442 ) ;
#396 =( LENGTH_UNIT ( ) NAMED_UNIT ( * ) SI_UNIT ( .MILLI., .METRE. ) );
#397 = SURFACE_STYLE_USAGE ( .BOTH. , #998 ) ;
#398 = ORIENTED_EDGE ( 'NONE', *, *, #1667, .F. ) ;
#399 = CYLINDRICAL_SURFACE ( 'NONE', #1415, 0.3999999999999999667 ) ;
#400 = DIRECTION ( 'NONE',  ( -0.000000000000000000, -1.000000000000000000, -0.000000000000000000 ) ) ;
#401 = CIRCLE ( 'NONE', #3369, 9.599999999999999645 ) ;
#402 = CARTESIAN_POINT ( 'NONE',  ( -0.8715574274765833795, 38.25000000000000000, 9.961946980917456784 ) ) ;
#403 = ORIENTED_EDGE ( 'NONE', *, *, #553, .F. ) ;
#404 = VERTEX_POINT ( 'NONE', #3735 ) ;
#405 = DIRECTION ( 'NONE',  ( 0.000000000000000000, 0.000000000000000000, -1.000000000000000000 ) ) ;
#406 = AXIS2_PLACEMENT_3D ( 'NONE', #2458, #358, #2112 ) ;
#407 = CIRCLE ( 'NONE', #3491, 0.3999999999999993006 ) ;
#408 = FACE_OUTER_BOUND ( 'NONE', #2726, .T. ) ;
#409 = CARTESIAN_POINT ( 'NONE',  ( 4.898587196589408761E-17, 38.25000000000000000, 10.40000000000000036 ) ) ;
#410 = ORIENTED_EDGE ( 'NONE', *, *, #1482, .T. ) ;
#411 = AXIS2_PLACEMENT_3D ( 'NONE', #3571, #2020, #3825 ) ;
#412 = FILL_AREA_STYLE_COLOUR ( '', #2485 ) ;
#413 = ADVANCED_FACE ( 'NONE', ( #3170, #1700, #134, #1362, #456, #3120, #1344, #2569, #2587, #3800, #2854, #3774, #706 ), #2532, .T. ) ;
#414 = UNCERTAINTY_MEASURE_WITH_UNIT (LENGTH_MEASURE( 1.000000000000000082E-05 ), #1317, 'distance_accuracy_value', 'NONE');
#415 = CIRCLE ( 'NONE', #2735, 2.699999999999997513 ) ;
#416 = CARTESIAN_POINT ( 'NONE',  ( 0.000000000000000000, 1.600000000000000089, 0.000000000000000000 ) ) ;
#417 = FILL_AREA_STYLE ('',( #1577 ) ) ;
#418 = ORIENTED_EDGE ( 'NONE', *, *, #365, .F. ) ;
#419 = FILL_AREA_STYLE ('',( #2229 ) ) ;
#420 = SURFACE_SIDE_STYLE ('',( #3121 ) ) ;
#421 = DIRECTION ( 'NONE',  ( 0.000000000000000000, 0.000000000000000000, -1.000000000000000000 ) ) ;
#422 = CARTESIAN_POINT ( 'NONE',  ( 1.738004324169895476, 38.25000000000000000, 10.24780894256010377 ) ) ;
#423 =( NAMED_UNIT ( * ) SI_UNIT ( $, .STERADIAN. ) SOLID_ANGLE_UNIT ( ) );
#424 =( GEOMETRIC_REPRESENTATION_CONTEXT ( 3 ) GLOBAL_UNCERTAINTY_ASSIGNED_CONTEXT ( ( #3106 ) ) GLOBAL_UNIT_ASSIGNED_CONTEXT ( ( #2040, #2326, #3547 ) ) REPRESENTATION_CONTEXT ( 'NONE', 'WORKASPACE' ) );
#425 = UNCERTAINTY_MEASURE_WITH_UNIT (LENGTH_MEASURE( 1.000000000000000082E-05 ), #2945, 'distance_accuracy_value', 'NONE');
#426 = SURFACE_STYLE_FILL_AREA ( #1970 ) ;
#427 = EDGE_LOOP ( 'NONE', ( #1280, #1644 ) ) ;
#428 =( GEOMETRIC_REPRESENTATION_CONTEXT ( 3 ) GLOBAL_UNCERTAINTY_ASSIGNED_CONTEXT ( ( #2741 ) ) GLOBAL_UNIT_ASSIGNED_CONTEXT ( ( #2997, #103, #3461 ) ) REPRESENTATION_CONTEXT ( 'NONE', 'WORKASPACE' ) );
#429 = DIRECTION ( 'NONE',  ( 0.000000000000000000, 0.000000000000000000, -1.000000000000000000 ) ) ;
#430 = ORIENTED_EDGE ( 'NONE', *, *, #2940, .F. ) ;
#431 = PRESENTATION_LAYER_ASSIGNMENT (  '', '', ( #3266 ) ) ;
#432 = DIRECTION ( 'NONE',  ( 0.000000000000000000, -0.000000000000000000, 1.000000000000000000 ) ) ;
#433 = ADVANCED_FACE ( 'NONE', ( #1383 ), #2514, .T. ) ;
#434 =( LENGTH_UNIT ( ) NAMED_UNIT ( * ) SI_UNIT ( .MILLI., .METRE. ) );
#435 = ADVANCED_FACE ( 'NONE', ( #2990 ), #815, .T. ) ;
#436 = DIRECTION ( 'NONE',  ( -0.000000000000000000, -1.000000000000000000, -0.000000000000000000 ) ) ;
#437 = CARTESIAN_POINT ( 'NONE',  ( 0.000000000000000000, 1.600000000000000089, 0.000000000000000000 ) ) ;
#438 = EDGE_CURVE ( 'NONE', #2706, #680, #533, .T. ) ;
#439 = SURFACE_SIDE_STYLE ('',( #3148 ) ) ;
#440 = CARTESIAN_POINT ( 'NONE',  ( 0.000000000000000000, 9.400000000000000355, 0.000000000000000000 ) ) ;
#441 = DIRECTION ( 'NONE',  ( 0.000000000000000000, 0.000000000000000000, 1.000000000000000000 ) ) ;
#442 = STYLED_ITEM ( 'NONE', ( #1890 ), #2592 ) ;
#443 = VERTEX_POINT ( 'NONE', #2953 ) ;
#444 = CARTESIAN_POINT ( 'NONE',  ( 0.000000000000000000, 28.24999999999999645, 9.600000000000001421 ) ) ;
#445 = VECTOR ( 'NONE', #3143, 1000.000000000000000 ) ;
#446 =( NAMED_UNIT ( * ) PLANE_ANGLE_UNIT ( ) SI_UNIT ( $, .RADIAN. ) );
#447 = SURFACE_STYLE_USAGE ( .BOTH. , #1878 ) ;
#448 = PLANE ( 'NONE',  #1333 ) ;
#449 = EDGE_LOOP ( 'NONE', ( #677, #2308 ) ) ;
#450 = CIRCLE ( 'NONE', #696, 0.4000000000000000222 ) ;
#451 = CARTESIAN_POINT ( 'NONE',  ( 2.678914873134834916E-15, 0.000000000000000000, 21.87500000000000000 ) ) ;
#452 = UNCERTAINTY_MEASURE_WITH_UNIT (LENGTH_MEASURE( 1.000000000000000082E-05 ), #262, 'distance_accuracy_value', 'NONE');
#453 = AXIS2_PLACEMENT_3D ( 'NONE', #376, #1863, #1238 ) ;
#454 = CARTESIAN_POINT ( 'NONE',  ( 0.8715574274765832685, 28.24999999999999645, 9.961946980917456784 ) ) ;
#455 = CARTESIAN_POINT ( 'NONE',  ( 1.240379765745380114, 24.39999999999999858, -1.145865059972258626 ) ) ;
#456 = FACE_BOUND ( 'NONE', #320, .T. ) ;
#457 = DIRECTION ( 'NONE',  ( -0.000000000000000000, -1.000000000000000000, -0.000000000000000000 ) ) ;
#458 = EDGE_CURVE ( 'NONE', #1441, #1765, #350, .T. ) ;
#459 = DIRECTION ( 'NONE',  ( 0.000000000000000000, 0.000000000000000000, -1.000000000000000000 ) ) ;
#460 = SURFACE_STYLE_USAGE ( .BOTH. , #1969 ) ;
#461 = EDGE_CURVE ( 'NONE', #3510, #3316, #3380, .T. ) ;
#462 = CARTESIAN_POINT ( 'NONE',  ( -15.09049266094379682, 2.500000000000000000, -6.012500000000073896 ) ) ;
#463 = ORIENTED_EDGE ( 'NONE', *, *, #3454, .F. ) ;
#464 = DIRECTION ( 'NONE',  ( 0.000000000000000000, 1.000000000000000000, 0.000000000000000000 ) ) ;
#465 = CARTESIAN_POINT ( 'NONE',  ( -1.702137580665993966, 38.25000000000000000, -9.854071628341479538 ) ) ;
#466 = STYLED_ITEM ( 'NONE', ( #3723 ), #2021 ) ;
#467 = PRESENTATION_STYLE_ASSIGNMENT (( #2242 ) ) ;
#468 = ORIENTED_EDGE ( 'NONE', *, *, #185, .F. ) ;
#469 =( NAMED_UNIT ( * ) PLANE_ANGLE_UNIT ( ) SI_UNIT ( $, .RADIAN. ) );
#470 = AXIS2_PLACEMENT_3D ( 'NONE', #1202, #2049, #3317 ) ;
#471 =( GEOMETRIC_REPRESENTATION_CONTEXT ( 3 ) GLOBAL_UNCERTAINTY_ASSIGNED_CONTEXT ( ( #1245 ) ) GLOBAL_UNIT_ASSIGNED_CONTEXT ( ( #84, #2419, #1874 ) ) REPRESENTATION_CONTEXT ( 'NONE', 'WORKASPACE' ) );
#472 = CARTESIAN_POINT ( 'NONE',  ( 1.692677974708935107, 9.400000000000000355, 0.5525560195772908356 ) ) ;
#473 = CARTESIAN_POINT ( 'NONE',  ( 1.692677974708935107, 9.400000000000000355, -0.2474439804227102080 ) ) ;
#474 = STYLED_ITEM ( 'NONE', ( #953 ), #600 ) ;
#475 = AXIS2_PLACEMENT_3D ( 'NONE', #106, #2114, #3407 ) ;
#476 = DIRECTION ( 'NONE',  ( 0.000000000000000000, 0.000000000000000000, 1.000000000000000000 ) ) ;
#477 = CIRCLE ( 'NONE', #970, 0.4000000000000000777 ) ;
#478 =( LENGTH_UNIT ( ) NAMED_UNIT ( * ) SI_UNIT ( .MILLI., .METRE. ) );
#479 = DIRECTION ( 'NONE',  ( -0.000000000000000000, -1.000000000000000000, -0.000000000000000000 ) ) ;
#480 = PRODUCT_DEFINITION_SHAPE ( 'NONE', 'NONE',  #2373 ) ;
#481 = EDGE_CURVE ( 'NONE', #2258, #3263, #1422, .T. ) ;
#482 = AXIS2_PLACEMENT_3D ( 'NONE', #1086, #1176, #1485 ) ;
#483 = EDGE_LOOP ( 'NONE', ( #1372, #3841 ) ) ;
#484 = ORIENTED_EDGE ( 'NONE', *, *, #1998, .T. ) ;
#485 = PRESENTATION_LAYER_ASSIGNMENT (  '', '', ( #2168 ) ) ;
#486 = PRESENTATION_LAYER_ASSIGNMENT (  '', '', ( #860 ) ) ;
#487 = MECHANICAL_DESIGN_GEOMETRIC_PRESENTATION_REPRESENTATION (  '', ( #2497 ), #2434 ) ;
#488 = DIRECTION ( 'NONE',  ( -0.000000000000000000, -1.000000000000000000, -0.000000000000000000 ) ) ;
#489 = FILL_AREA_STYLE_COLOUR ( '', #2803 ) ;
#490 = EDGE_LOOP ( 'NONE', ( #1382, #2426 ) ) ;
#491 = SURFACE_SIDE_STYLE ('',( #768 ) ) ;
#492 = DIRECTION ( 'NONE',  ( -0.000000000000000000, -1.000000000000000000, -0.000000000000000000 ) ) ;
#493 = CARTESIAN_POINT ( 'NONE',  ( -0.7099363585365638940, 24.39999999999999858, 0.4202563108721194540 ) ) ;
#494 =( LENGTH_UNIT ( ) NAMED_UNIT ( * ) SI_UNIT ( .MILLI., .METRE. ) );
#495 = CARTESIAN_POINT ( 'NONE',  ( -0.8715574274765833795, 38.25000000000000000, -9.961946980917456784 ) ) ;
#496 = DIRECTION ( 'NONE',  ( -0.000000000000000000, -1.000000000000000000, -0.000000000000000000 ) ) ;
#497 = ORIENTED_EDGE ( 'NONE', *, *, #2547, .T. ) ;
#498 =( NAMED_UNIT ( * ) SI_UNIT ( $, .STERADIAN. ) SOLID_ANGLE_UNIT ( ) );
#499 = EDGE_CURVE ( 'NONE', #1521, #348, #595, .T. ) ;
#500 = CYLINDRICAL_SURFACE ( 'NONE', #3580, 0.3999999999999993006 ) ;
#501 = CARTESIAN_POINT ( 'NONE',  ( 2.544026408265383843, 38.25000000000000000, -9.270983902067479576 ) ) ;
#502 = MECHANICAL_DESIGN_GEOMETRIC_PRESENTATION_REPRESENTATION (  '', ( #3413 ), #1198 ) ;
#503 = EDGE_LOOP ( 'NONE', ( #1885, #2128, #1133, #3231 ) ) ;
#504 = EDGE_CURVE ( 'NONE', #235, #2162, #3122, .T. ) ;
#505 = SURFACE_STYLE_FILL_AREA ( #1444 ) ;
#506 = FILL_AREA_STYLE_COLOUR ( '', #3070 ) ;
#507 = PRESENTATION_LAYER_ASSIGNMENT (  '', '', ( #1767 ) ) ;
#508 = FILL_AREA_STYLE ('',( #791 ) ) ;
#509 = CARTESIAN_POINT ( 'NONE',  ( -0.5553116310352962381, 24.39999999999999858, 1.313679779901635536 ) ) ;
#510 = AXIS2_PLACEMENT_3D ( 'NONE', #3420, #2494, #1534 ) ;
#511 = VERTEX_POINT ( 'NONE', #2675 ) ;
#512 = DIRECTION ( 'NONE',  ( 0.000000000000000000, 1.000000000000000000, 0.000000000000000000 ) ) ;
#513 = SURFACE_STYLE_USAGE ( .BOTH. , #1496 ) ;
#514 = CARTESIAN_POINT ( 'NONE',  ( 15.09049266094380037, 0.000000000000000000, -8.712500000000069633 ) ) ;
#515 = DIRECTION ( 'NONE',  ( -0.000000000000000000, -1.000000000000000000, -0.000000000000000000 ) ) ;
#516 = VERTEX_POINT ( 'NONE', #1181 ) ;
#517 = DIRECTION ( 'NONE',  ( 0.000000000000000000, 0.000000000000000000, 1.000000000000000000 ) ) ;
#518 = CYLINDRICAL_SURFACE ( 'NONE', #3701, 0.4000000000000000777 ) ;
#519 =( NAMED_UNIT ( * ) SI_UNIT ( $, .STERADIAN. ) SOLID_ANGLE_UNIT ( ) );
#520 = ORIENTED_EDGE ( 'NONE', *, *, #2982, .T. ) ;
#521 = VECTOR ( 'NONE', #1409, 1000.000000000000000 ) ;
#522 = SURFACE_STYLE_USAGE ( .BOTH. , #3229 ) ;
#523 = FILL_AREA_STYLE ('',( #506 ) ) ;
#524 = PLANE ( 'NONE',  #1991 ) ;
#525 = FACE_OUTER_BOUND ( 'NONE', #3551, .T. ) ;
#526 = EDGE_CURVE ( 'NONE', #2089, #938, #2150, .T. ) ;
#527 = DIRECTION ( 'NONE',  ( 0.000000000000000000, 0.000000000000000000, -1.000000000000000000 ) ) ;
#528 = CYLINDRICAL_SURFACE ( 'NONE', #1724, 2.699999999999997513 ) ;
#529 = PRODUCT_DEFINITION_CONTEXT ( 'detailed design', #2246, 'design' ) ;
#530 = MECHANICAL_DESIGN_GEOMETRIC_PRESENTATION_REPRESENTATION (  '', ( #2537 ), #1843 ) ;
#531 = VERTEX_POINT ( 'NONE', #2003 ) ;
#532 = DIRECTION ( 'NONE',  ( -0.000000000000000000, -1.000000000000000000, -0.000000000000000000 ) ) ;
#533 = CIRCLE ( 'NONE', #2275, 0.4000000000000010214 ) ;
#534 = DIRECTION ( 'NONE',  ( 0.000000000000000000, 1.000000000000000000, 0.000000000000000000 ) ) ;
#535 = UNCERTAINTY_MEASURE_WITH_UNIT (LENGTH_MEASURE( 1.000000000000000082E-05 ), #2804, 'distance_accuracy_value', 'NONE');
#536 = DIRECTION ( 'NONE',  ( 0.000000000000000000, 1.000000000000000000, 0.000000000000000000 ) ) ;
#537 = AXIS2_PLACEMENT_3D ( 'NONE', #2433, #3052, #995 ) ;
#538 = SURFACE_STYLE_FILL_AREA ( #2527 ) ;
#539 = ORIENTED_EDGE ( 'NONE', *, *, #499, .T. ) ;
#540 = CARTESIAN_POINT ( 'NONE',  ( 1.738004324169895476, 38.25000000000000000, 9.447808942560101286 ) ) ;
#541 = STYLED_ITEM ( 'NONE', ( #3265 ), #1073 ) ;
#542 = PLANE ( 'NONE',  #105 ) ;
#543 = FILL_AREA_STYLE_COLOUR ( '', #2364 ) ;
#544 = MECHANICAL_DESIGN_GEOMETRIC_PRESENTATION_REPRESENTATION (  '', ( #108 ), #1966 ) ;
#545 = VERTEX_POINT ( 'NONE', #3232 ) ;
#546 =( GEOMETRIC_REPRESENTATION_CONTEXT ( 3 ) GLOBAL_UNCERTAINTY_ASSIGNED_CONTEXT ( ( #3344 ) ) GLOBAL_UNIT_ASSIGNED_CONTEXT ( ( #3208, #1397, #2305 ) ) REPRESENTATION_CONTEXT ( 'NONE', 'WORKASPACE' ) );
#547 = SURFACE_STYLE_FILL_AREA ( #854 ) ;
#548 = DIRECTION ( 'NONE',  ( 0.000000000000000000, 0.000000000000000000, 1.000000000000000000 ) ) ;
#549 = SURFACE_SIDE_STYLE ('',( #1784 ) ) ;
#550 = DIRECTION ( 'NONE',  ( 0.000000000000000000, 0.000000000000000000, -1.000000000000000000 ) ) ;
#551 = SURFACE_SIDE_STYLE ('',( #2991 ) ) ;
#552 = CARTESIAN_POINT ( 'NONE',  ( 5.817072295949927426E-16, 0.000000000000000000, 4.750000000000000000 ) ) ;
#553 = EDGE_CURVE ( 'NONE', #404, #3640, #2861, .T. ) ;
#554 = CIRCLE ( 'NONE', #3262, 0.3999999999999999667 ) ;
#555 = EDGE_CURVE ( 'NONE', #1013, #1029, #3493, .T. ) ;
#556 = ORIENTED_EDGE ( 'NONE', *, *, #693, .F. ) ;
#557 = SURFACE_SIDE_STYLE ('',( #1772 ) ) ;
#558 = MECHANICAL_DESIGN_GEOMETRIC_PRESENTATION_REPRESENTATION (  '', ( #3462 ), #368 ) ;
#559 = ADVANCED_FACE ( 'NONE', ( #525 ), #230, .T. ) ;
#560 = DIRECTION ( 'NONE',  ( 0.000000000000000000, 0.000000000000000000, 1.000000000000000000 ) ) ;
#561 = EDGE_CURVE ( 'NONE', #1090, #3779, #315, .T. ) ;
#562 = EDGE_LOOP ( 'NONE', ( #2765, #1440 ) ) ;
#563 = DIRECTION ( 'NONE',  ( 0.000000000000000000, 1.000000000000000000, 0.000000000000000000 ) ) ;
#564 = FILL_AREA_STYLE ('',( #3588 ) ) ;
#565 = EDGE_LOOP ( 'NONE', ( #130, #2934 ) ) ;
#566 = PRESENTATION_LAYER_ASSIGNMENT (  '', '', ( #3842 ) ) ;
#567 = DIRECTION ( 'NONE',  ( -0.000000000000000000, -1.000000000000000000, -0.000000000000000000 ) ) ;
#568 = DIRECTION ( 'NONE',  ( 0.000000000000000000, -0.000000000000000000, 1.000000000000000000 ) ) ;
#569 = DIRECTION ( 'NONE',  ( 0.000000000000000000, 1.000000000000000000, 0.000000000000000000 ) ) ;
#570 = ORIENTED_EDGE ( 'NONE', *, *, #580, .T. ) ;
#571 = CIRCLE ( 'NONE', #2316, 0.4000000000000000777 ) ;
#572 = DIRECTION ( 'NONE',  ( 0.000000000000000000, 0.000000000000000000, 1.000000000000000000 ) ) ;
#573 = FACE_OUTER_BOUND ( 'NONE', #1103, .T. ) ;
#574 = CARTESIAN_POINT ( 'NONE',  ( -0.7099363585365638940, 9.400000000000000355, 0.8202563108721194762 ) ) ;
#575 = ORIENTED_EDGE ( 'NONE', *, *, #2322, .F. ) ;
#576 = FILL_AREA_STYLE_COLOUR ( '', #3804 ) ;
#577 = EDGE_CURVE ( 'NONE', #2304, #745, #1216, .T. ) ;
#578 = UNCERTAINTY_MEASURE_WITH_UNIT (LENGTH_MEASURE( 1.000000000000000082E-05 ), #1906, 'distance_accuracy_value', 'NONE');
#579 = DIRECTION ( 'NONE',  ( 0.000000000000000000, 0.000000000000000000, 1.000000000000000000 ) ) ;
#580 = EDGE_CURVE ( 'NONE', #531, #1654, #152, .T. ) ;
#581 = ORIENTED_EDGE ( 'NONE', *, *, #2715, .T. ) ;
#582 = FACE_BOUND ( 'NONE', #2774, .T. ) ;
#583 = DIRECTION ( 'NONE',  ( 0.000000000000000000, 1.000000000000000000, 0.000000000000000000 ) ) ;
#584 = EDGE_LOOP ( 'NONE', ( #2900, #1668, #1042, #3012 ) ) ;
#585 = PLANE ( 'NONE',  #3575 ) ;
#586 = DIRECTION ( 'NONE',  ( 0.000000000000000000, 1.000000000000000000, 0.000000000000000000 ) ) ;
#587 = DIRECTION ( 'NONE',  ( -0.000000000000000000, -1.000000000000000000, -0.000000000000000000 ) ) ;
#588 = EDGE_LOOP ( 'NONE', ( #1730, #2291, #266, #3482 ) ) ;
#589 = CARTESIAN_POINT ( 'NONE',  ( 0.000000000000000000, 1.600000000000000089, 0.000000000000000000 ) ) ;
#590 = VERTEX_POINT ( 'NONE', #1264 ) ;
#591 = AXIS2_PLACEMENT_3D ( 'NONE', #1389, #3522, #1373 ) ;
#592 = DIRECTION ( 'NONE',  ( 0.000000000000000000, 1.000000000000000000, 0.000000000000000000 ) ) ;
#593 = AXIS2_PLACEMENT_3D ( 'NONE', #824, #1170, #904 ) ;
#594 = DIRECTION ( 'NONE',  ( -0.000000000000000000, -1.000000000000000000, -0.000000000000000000 ) ) ;
#595 = CIRCLE ( 'NONE', #1088, 8.099999999999999645 ) ;
#596 = VERTEX_POINT ( 'NONE', #973 ) ;
#597 = CARTESIAN_POINT ( 'NONE',  ( 0.000000000000000000, 9.400000000000000355, 0.000000000000000000 ) ) ;
#598 =( NAMED_UNIT ( * ) SI_UNIT ( $, .STERADIAN. ) SOLID_ANGLE_UNIT ( ) );
#599 = DIRECTION ( 'NONE',  ( -0.000000000000000000, -1.000000000000000000, -0.000000000000000000 ) ) ;
#600 = ADVANCED_FACE ( 'NONE', ( #3333 ), #624, .T. ) ;
#601 = EDGE_LOOP ( 'NONE', ( #3476, #2722 ) ) ;
#602 = PRESENTATION_STYLE_ASSIGNMENT (( #2464 ) ) ;
#603 = EDGE_LOOP ( 'NONE', ( #1811, #3727 ) ) ;
#604 = DIRECTION ( 'NONE',  ( 0.000000000000000000, 1.000000000000000000, 0.000000000000000000 ) ) ;
#605 = AXIS2_PLACEMENT_3D ( 'NONE', #3426, #3149, #441 ) ;
#606 = STYLED_ITEM ( 'NONE', ( #12 ), #1537 ) ;
#607 = CYLINDRICAL_SURFACE ( 'NONE', #1132, 0.3999999999999999667 ) ;
#608 = EDGE_LOOP ( 'NONE', ( #3469, #2330, #3695, #1590 ) ) ;
#609 = VECTOR ( 'NONE', #3589, 1000.000000000000000 ) ;
#610 = UNCERTAINTY_MEASURE_WITH_UNIT (LENGTH_MEASURE( 1.000000000000000082E-05 ), #818, 'distance_accuracy_value', 'NONE');
#611 = SHAPE_REPRESENTATION_RELATIONSHIP ( 'NONE' , 'NONE' ,  #1039, #2199 ) ;
#612 = VECTOR ( 'NONE', #515, 1000.000000000000000 ) ;
#613 = VERTEX_POINT ( 'NONE', #1281 ) ;
#614 = EDGE_LOOP ( 'NONE', ( #403, #3236, #197, #2503 ) ) ;
#615 = CARTESIAN_POINT ( 'NONE',  ( -0.8715574274765833795, 28.24999999999999645, -9.961946980917456784 ) ) ;
#616 = FACE_OUTER_BOUND ( 'NONE', #3744, .T. ) ;
#617 = CARTESIAN_POINT ( 'NONE',  ( 0.000000000000000000, 0.000000000000000000, 0.000000000000000000 ) ) ;
#618 = DIRECTION ( 'NONE',  ( 0.000000000000000000, 0.000000000000000000, 1.000000000000000000 ) ) ;
#619 = ORIENTED_EDGE ( 'NONE', *, *, #805, .F. ) ;
#620 = PRODUCT_RELATED_PRODUCT_CATEGORY ( 'part', '', ( #1681 ) ) ;
#621 = SURFACE_STYLE_FILL_AREA ( #3374 ) ;
#622 = SURFACE_SIDE_STYLE ('',( #1898 ) ) ;
#623 = ORIENTED_EDGE ( 'NONE', *, *, #3302, .T. ) ;
#624 = PLANE ( 'NONE',  #2411 ) ;
#625 = CARTESIAN_POINT ( 'NONE',  ( 1.240379765745380114, 24.39999999999999858, -0.7458650599722584928 ) ) ;
#626 = EDGE_CURVE ( 'NONE', #354, #2132, #31, .T. ) ;
#627 = CARTESIAN_POINT ( 'NONE',  ( 0.8715574274765832685, 38.25000000000000000, 10.36194698091745536 ) ) ;
#628 = MECHANICAL_DESIGN_GEOMETRIC_PRESENTATION_REPRESENTATION (  '', ( #2314 ), #3470 ) ;
#629 = LINE ( 'NONE', #3421, #2123 ) ;
#630 = EDGE_LOOP ( 'NONE', ( #3166, #463 ) ) ;
#631 = FILL_AREA_STYLE_COLOUR ( '', #840 ) ;
#632 = VECTOR ( 'NONE', #3773, 1000.000000000000000 ) ;
#633 = DIRECTION ( 'NONE',  ( 0.000000000000000000, 0.000000000000000000, -1.000000000000000000 ) ) ;
#634 = MECHANICAL_DESIGN_GEOMETRIC_PRESENTATION_REPRESENTATION (  '', ( #811 ), #3026 ) ;
#635 = SURFACE_STYLE_USAGE ( .BOTH. , #1872 ) ;
#636 = ORIENTED_EDGE ( 'NONE', *, *, #3110, .T. ) ;
#637 = CYLINDRICAL_SURFACE ( 'NONE', #3690, 0.3999999999999993006 ) ;
#638 = AXIS2_PLACEMENT_3D ( 'NONE', #416, #3436, #788 ) ;
#639 = SURFACE_STYLE_USAGE ( .BOTH. , #109 ) ;
#640 = APPLICATION_PROTOCOL_DEFINITION ( 'draft international standard', 'automotive_design', 1998, #2601 ) ;
#641 = ORIENTED_EDGE ( 'NONE', *, *, #976, .F. ) ;
#642 = DIRECTION ( 'NONE',  ( 0.000000000000000000, 1.000000000000000000, 0.000000000000000000 ) ) ;
#643 =( LENGTH_UNIT ( ) NAMED_UNIT ( * ) SI_UNIT ( .MILLI., .METRE. ) );
#644 = ORIENTED_EDGE ( 'NONE', *, *, #3544, .F. ) ;
#645 = ORIENTED_EDGE ( 'NONE', *, *, #2101, .F. ) ;
#646 = ADVANCED_FACE ( 'NONE', ( #334 ), #1548, .T. ) ;
#647 = DIRECTION ( 'NONE',  ( 0.000000000000000000, 0.000000000000000000, 1.000000000000000000 ) ) ;
#648 =( LENGTH_UNIT ( ) NAMED_UNIT ( * ) SI_UNIT ( .MILLI., .METRE. ) );
#649 = UNCERTAINTY_MEASURE_WITH_UNIT (LENGTH_MEASURE( 1.000000000000000082E-05 ), #3249, 'distance_accuracy_value', 'NONE');
#650 =( GEOMETRIC_REPRESENTATION_CONTEXT ( 3 ) GLOBAL_UNCERTAINTY_ASSIGNED_CONTEXT ( ( #221 ) ) GLOBAL_UNIT_ASSIGNED_CONTEXT ( ( #154, #2233, #1366 ) ) REPRESENTATION_CONTEXT ( 'NONE', 'WORKASPACE' ) );
#651 = ORIENTED_EDGE ( 'NONE', *, *, #1066, .F. ) ;
#652 = SURFACE_STYLE_FILL_AREA ( #1310 ) ;
#653 = FILL_AREA_STYLE_COLOUR ( '', #3247 ) ;
#654 = CARTESIAN_POINT ( 'NONE',  ( 3.015838932197747457, 20.98224849108822454, 42.20374456259875728 ) ) ;
#655 = MECHANICAL_DESIGN_GEOMETRIC_PRESENTATION_REPRESENTATION (  '', ( #275 ), #1161 ) ;
#656 = EDGE_LOOP ( 'NONE', ( #418, #909 ) ) ;
#657 = AXIS2_PLACEMENT_3D ( 'NONE', #64, #2712, #2782 ) ;
#658 = AXIS2_PLACEMENT_3D ( 'NONE', #3638, #3776, #758 ) ;
#659 = CARTESIAN_POINT ( 'NONE',  ( -0.6287016611611960792, 24.39999999999999858, -0.1341902481823798177 ) ) ;
#660 =( NAMED_UNIT ( * ) SI_UNIT ( $, .STERADIAN. ) SOLID_ANGLE_UNIT ( ) );
#661 = EDGE_LOOP ( 'NONE', ( #3533, #2171 ) ) ;
#662 = DIRECTION ( 'NONE',  ( 0.000000000000000000, 0.000000000000000000, -1.000000000000000000 ) ) ;
#663 = PRESENTATION_LAYER_ASSIGNMENT (  '', '', ( #3632 ) ) ;
#664 = CARTESIAN_POINT ( 'NONE',  ( 0.000000000000000000, 9.400000000000000355, 0.000000000000000000 ) ) ;
#665 = PRESENTATION_STYLE_ASSIGNMENT (( #397 ) ) ;
#666 = ORIENTED_EDGE ( 'NONE', *, *, #827, .F. ) ;
#667 = EDGE_CURVE ( 'NONE', #1654, #531, #3566, .T. ) ;
#668 = ADVANCED_FACE ( 'NONE', ( #3863 ), #3887, .T. ) ;
#669 = AXIS2_PLACEMENT_3D ( 'NONE', #2017, #1416, #2369 ) ;
#670 = FACE_OUTER_BOUND ( 'NONE', #2564, .T. ) ;
#671 =( NAMED_UNIT ( * ) PLANE_ANGLE_UNIT ( ) SI_UNIT ( $, .RADIAN. ) );
#672 = STYLED_ITEM ( 'NONE', ( #3248 ), #3641 ) ;
#673 = CIRCLE ( 'NONE', #786, 0.3999999999999999667 ) ;
#674 = ADVANCED_FACE ( 'NONE', ( #1751 ), #2954, .F. ) ;
#675 = FILL_AREA_STYLE ('',( #653 ) ) ;
#676 = AXIS2_PLACEMENT_3D ( 'NONE', #1071, #2556, #3716 ) ;
#677 = ORIENTED_EDGE ( 'NONE', *, *, #3520, .T. ) ;
#678 = DIRECTION ( 'NONE',  ( 0.000000000000000000, -0.000000000000000000, 1.000000000000000000 ) ) ;
#679 = PRESENTATION_STYLE_ASSIGNMENT (( #2467 ) ) ;
#680 = VERTEX_POINT ( 'NONE', #1115 ) ;
#681 = DIRECTION ( 'NONE',  ( -0.000000000000000000, -1.000000000000000000, -0.000000000000000000 ) ) ;
#682 = CARTESIAN_POINT ( 'NONE',  ( 0.8715574274765832685, 38.25000000000000000, -9.961946980917456784 ) ) ;
#683 = UNCERTAINTY_MEASURE_WITH_UNIT (LENGTH_MEASURE( 1.000000000000000082E-05 ), #1949, 'distance_accuracy_value', 'NONE');
#684 = FACE_BOUND ( 'NONE', #1460, .T. ) ;
#685 = DIRECTION ( 'NONE',  ( 0.000000000000000000, 1.000000000000000000, 0.000000000000000000 ) ) ;
#686 = ORIENTED_EDGE ( 'NONE', *, *, #3619, .F. ) ;
#687 = PRESENTATION_LAYER_ASSIGNMENT (  '', '', ( #1125 ) ) ;
#688 = SURFACE_STYLE_USAGE ( .BOTH. , #3039 ) ;
#689 =( NAMED_UNIT ( * ) PLANE_ANGLE_UNIT ( ) SI_UNIT ( $, .RADIAN. ) );
#690 = AXIS2_PLACEMENT_3D ( 'NONE', #2459, #963, #83 ) ;
#691 = DIRECTION ( 'NONE',  ( 0.000000000000000000, 0.000000000000000000, -1.000000000000000000 ) ) ;
#692 = PLANE ( 'NONE',  #658 ) ;
#693 = EDGE_CURVE ( 'NONE', #57, #1945, #1734, .T. ) ;
#694 = STYLED_ITEM ( 'NONE', ( #665 ), #2958 ) ;
#695 = SURFACE_STYLE_USAGE ( .BOTH. , #2733 ) ;
#696 = AXIS2_PLACEMENT_3D ( 'NONE', #3074, #2796, #911 ) ;
#697 = ADVANCED_FACE ( 'NONE', ( #573 ), #2971, .T. ) ;
#698 = AXIS2_PLACEMENT_3D ( 'NONE', #3356, #1574, #2763 ) ;
#699 = VERTEX_POINT ( 'NONE', #1514 ) ;
#700 = DIRECTION ( 'NONE',  ( 0.000000000000000000, -0.000000000000000000, -1.000000000000000000 ) ) ;
#701 = CARTESIAN_POINT ( 'NONE',  ( 1.044608899179063410, 24.39999999999999858, 0.9086366076954687232 ) ) ;
#702 = EDGE_LOOP ( 'NONE', ( #430, #1156 ) ) ;
#703 = DIRECTION ( 'NONE',  ( 0.000000000000000000, 0.000000000000000000, 1.000000000000000000 ) ) ;
#704 = DIRECTION ( 'NONE',  ( 0.000000000000000000, 1.000000000000000000, 0.000000000000000000 ) ) ;
#705 = LINE ( 'NONE', #2170, #3846 ) ;
#706 = FACE_OUTER_BOUND ( 'NONE', #1312, .T. ) ;
#707 = CYLINDRICAL_SURFACE ( 'NONE', #3711, 0.3999999999999993006 ) ;
#708 = FILL_AREA_STYLE ('',( #1887 ) ) ;
#709 = LINE ( 'NONE', #1405, #291 ) ;
#710 = CIRCLE ( 'NONE', #470, 0.3999999999999993006 ) ;
#711 = AXIS2_PLACEMENT_3D ( 'NONE', #2901, #2702, #2318 ) ;
#712 = VERTEX_POINT ( 'NONE', #3904 ) ;
#713 = CARTESIAN_POINT ( 'NONE',  ( 0.000000000000000000, 8.900000000000000355, -3.899999999999999467 ) ) ;
#714 = EDGE_CURVE ( 'NONE', #545, #1529, #1197, .T. ) ;
#715 = EDGE_CURVE ( 'NONE', #3779, #73, #1167, .T. ) ;
#716 =( NAMED_UNIT ( * ) PLANE_ANGLE_UNIT ( ) SI_UNIT ( $, .RADIAN. ) );
#717 = CYLINDRICAL_SURFACE ( 'NONE', #2877, 0.3999999999999993006 ) ;
#718 = EDGE_LOOP ( 'NONE', ( #3837, #271 ) ) ;
#719 = AXIS2_PLACEMENT_3D ( 'NONE', #493, #1650, #2559 ) ;
#720 = SURFACE_STYLE_USAGE ( .BOTH. , #2868 ) ;
#721 = DIRECTION ( 'NONE',  ( -0.000000000000000000, -1.000000000000000000, -0.000000000000000000 ) ) ;
#722 = ORIENTED_EDGE ( 'NONE', *, *, #3544, .T. ) ;
#723 =( NAMED_UNIT ( * ) SI_UNIT ( $, .STERADIAN. ) SOLID_ANGLE_UNIT ( ) );
#724 = VECTOR ( 'NONE', #479, 1000.000000000000000 ) ;
#725 = CARTESIAN_POINT ( 'NONE',  ( 4.469960816887838430E-16, 9.400000000000000355, -3.399999999999999467 ) ) ;
#726 = CARTESIAN_POINT ( 'NONE',  ( 2.544026408265383843, 28.24999999999999645, 9.670983902067479931 ) ) ;
#727 = CIRCLE ( 'NONE', #3068, 0.3999999999999993006 ) ;
#728 = DIRECTION ( 'NONE',  ( 0.000000000000000000, 0.000000000000000000, -1.000000000000000000 ) ) ;
#729 = COLOUR_RGB ( '',0.7529411764705882248, 0.7529411764705882248, 0.7529411764705882248 ) ;
#730 = ORIENTED_EDGE ( 'NONE', *, *, #1305, .T. ) ;
#731 =( LENGTH_UNIT ( ) NAMED_UNIT ( * ) SI_UNIT ( .MILLI., .METRE. ) );
#732 = COLOUR_RGB ( '',0.5019607843137254832, 0.5019607843137254832, 1.000000000000000000 ) ;
#733 = PRESENTATION_STYLE_ASSIGNMENT (( #1045 ) ) ;
#734 = DIRECTION ( 'NONE',  ( -0.000000000000000000, -1.000000000000000000, -0.000000000000000000 ) ) ;
#735 = DIRECTION ( 'NONE',  ( -0.000000000000000000, -1.000000000000000000, -0.000000000000000000 ) ) ;
#736 = ORIENTED_EDGE ( 'NONE', *, *, #1955, .F. ) ;
#737 = ADVANCED_FACE ( 'NONE', ( #3712 ), #2492, .F. ) ;
#738 = CARTESIAN_POINT ( 'NONE',  ( 0.000000000000000000, 1.600000000000000089, -8.099999999999999645 ) ) ;
#739 = DIRECTION ( 'NONE',  ( -0.000000000000000000, -1.000000000000000000, -0.000000000000000000 ) ) ;
#740 = EDGE_CURVE ( 'NONE', #1656, #443, #2164, .T. ) ;
#741 = FACE_OUTER_BOUND ( 'NONE', #2606, .T. ) ;
#742 = DIRECTION ( 'NONE',  ( 0.000000000000000000, 1.000000000000000000, 0.000000000000000000 ) ) ;
#743 = SURFACE_STYLE_USAGE ( .BOTH. , #2271 ) ;
#744 = AXIS2_PLACEMENT_3D ( 'NONE', #3659, #70, #123 ) ;
#745 = VERTEX_POINT ( 'NONE', #3675 ) ;
#746 =( NAMED_UNIT ( * ) SI_UNIT ( $, .STERADIAN. ) SOLID_ANGLE_UNIT ( ) );
#747 = AXIS2_PLACEMENT_3D ( 'NONE', #1051, #206, #2853 ) ;
#748 =( NAMED_UNIT ( * ) SI_UNIT ( $, .STERADIAN. ) SOLID_ANGLE_UNIT ( ) );
#749 = CARTESIAN_POINT ( 'NONE',  ( 0.3525766757920597572, 24.39999999999999858, -0.7458650599722584928 ) ) ;
#750 = EDGE_LOOP ( 'NONE', ( #3862, #1796, #1875, #219 ) ) ;
#751 = COLOUR_RGB ( '',1.000000000000000000, 0.6156862745098039547, 0.2235294117647058654 ) ;
#752 = DIRECTION ( 'NONE',  ( 0.000000000000000000, 0.000000000000000000, -1.000000000000000000 ) ) ;
#753 = UNCERTAINTY_MEASURE_WITH_UNIT (LENGTH_MEASURE( 1.000000000000000082E-05 ), #2409, 'distance_accuracy_value', 'NONE');
#754 = CARTESIAN_POINT ( 'NONE',  ( -0.2650306909542099465, 24.39999999999999858, -1.766355876195836672 ) ) ;
#755 = DIRECTION ( 'NONE',  ( 0.000000000000000000, 0.000000000000000000, -1.000000000000000000 ) ) ;
#756 = CARTESIAN_POINT ( 'NONE',  ( 2.544026408265383843, 38.25000000000000000, 9.670983902067479931 ) ) ;
#757 = EDGE_CURVE ( 'NONE', #2122, #3560, #1620, .T. ) ;
#758 = DIRECTION ( 'NONE',  ( 0.000000000000000000, 0.000000000000000000, -1.000000000000000000 ) ) ;
#759 = FACE_OUTER_BOUND ( 'NONE', #2317, .T. ) ;
#760 = ORIENTED_EDGE ( 'NONE', *, *, #667, .F. ) ;
#761 = DIRECTION ( 'NONE',  ( 0.000000000000000000, 1.000000000000000000, 0.000000000000000000 ) ) ;
#762 = SURFACE_STYLE_FILL_AREA ( #3484 ) ;
#763 = SURFACE_STYLE_FILL_AREA ( #2581 ) ;
#764 = COLOUR_RGB ( '',0.000000000000000000, 0.000000000000000000, 1.000000000000000000 ) ;
#765 = MECHANICAL_DESIGN_GEOMETRIC_PRESENTATION_REPRESENTATION (  '', ( #3051 ), #1614 ) ;
#766 = SURFACE_SIDE_STYLE ('',( #3824 ) ) ;
#767 = ORIENTED_EDGE ( 'NONE', *, *, #1374, .T. ) ;
#768 = SURFACE_STYLE_FILL_AREA ( #795 ) ;
#769 = STYLED_ITEM ( 'NONE', ( #1070 ), #433 ) ;
#770 = CIRCLE ( 'NONE', #1908, 0.3999999999999993006 ) ;
#771 = DIRECTION ( 'NONE',  ( 0.000000000000000000, 0.000000000000000000, -1.000000000000000000 ) ) ;
#772 = VECTOR ( 'NONE', #97, 1000.000000000000000 ) ;
#773 = EDGE_CURVE ( 'NONE', #1169, #57, #2109, .T. ) ;
#774 = FILL_AREA_STYLE_COLOUR ( '', #3123 ) ;
#775 = CARTESIAN_POINT ( 'NONE',  ( 1.692677974708935107, 24.39999999999999858, -0.2474439804227102080 ) ) ;
#776 = VECTOR ( 'NONE', #3746, 1000.000000000000000 ) ;
#777 = CIRCLE ( 'NONE', #2227, 2.699999999999996625 ) ;
#778 = EDGE_CURVE ( 'NONE', #285, #3525, #2993, .T. ) ;
#779 = ORIENTED_EDGE ( 'NONE', *, *, #2425, .T. ) ;
#780 = DIRECTION ( 'NONE',  ( -0.000000000000000000, -1.000000000000000000, -0.000000000000000000 ) ) ;
#781 = PRESENTATION_LAYER_ASSIGNMENT (  '', '', ( #360 ) ) ;
#782 =( NAMED_UNIT ( * ) SI_UNIT ( $, .STERADIAN. ) SOLID_ANGLE_UNIT ( ) );
#783 = ORIENTED_EDGE ( 'NONE', *, *, #2961, .T. ) ;
#784 = DIRECTION ( 'NONE',  ( 0.000000000000000000, 0.000000000000000000, 1.000000000000000000 ) ) ;
#785 = AXIS2_PLACEMENT_3D ( 'NONE', #1766, #1177, #2690 ) ;
#786 = AXIS2_PLACEMENT_3D ( 'NONE', #1463, #2321, #3223 ) ;
#787 = CARTESIAN_POINT ( 'NONE',  ( 1.738004324169895476, 38.25000000000000000, -9.447808942560101286 ) ) ;
#788 = DIRECTION ( 'NONE',  ( 0.000000000000000000, 0.000000000000000000, -1.000000000000000000 ) ) ;
#789 = MECHANICAL_DESIGN_GEOMETRIC_PRESENTATION_REPRESENTATION (  '', ( #2168 ), #2946 ) ;
#790 = AXIS2_PLACEMENT_3D ( 'NONE', #1401, #2329, #1471 ) ;
#791 = FILL_AREA_STYLE_COLOUR ( '', #2385 ) ;
#792 = EDGE_LOOP ( 'NONE', ( #2349, #1138, #2509, #388 ) ) ;
#793 = CARTESIAN_POINT ( 'NONE',  ( 0.000000000000000000, 0.000000000000000000, 0.000000000000000000 ) ) ;
#794 = ORIENTED_EDGE ( 'NONE', *, *, #499, .F. ) ;
#795 = FILL_AREA_STYLE ('',( #3513 ) ) ;
#796 = VERTEX_POINT ( 'NONE', #3077 ) ;
#797 = FILL_AREA_STYLE ('',( #3755 ) ) ;
#798 = UNCERTAINTY_MEASURE_WITH_UNIT (LENGTH_MEASURE( 1.000000000000000082E-05 ), #494, 'distance_accuracy_value', 'NONE');
#799 = DIRECTION ( 'NONE',  ( 0.000000000000000000, 0.000000000000000000, 1.000000000000000000 ) ) ;
#800 =( LENGTH_UNIT ( ) NAMED_UNIT ( * ) SI_UNIT ( .MILLI., .METRE. ) );
#801 = ORIENTED_EDGE ( 'NONE', *, *, #667, .T. ) ;
#802 = SURFACE_STYLE_FILL_AREA ( #2218 ) ;
#803 = VECTOR ( 'NONE', #3198, 1000.000000000000000 ) ;
#804 = DIRECTION ( 'NONE',  ( 0.000000000000000000, 0.000000000000000000, -1.000000000000000000 ) ) ;
#805 = EDGE_CURVE ( 'NONE', #36, #1126, #3501, .T. ) ;
#806 = FACE_BOUND ( 'NONE', #1859, .T. ) ;
#807 = FILL_AREA_STYLE ('',( #3189 ) ) ;
#808 = ORIENTED_EDGE ( 'NONE', *, *, #866, .T. ) ;
#809 = DIRECTION ( 'NONE',  ( 0.000000000000000000, 1.000000000000000000, 0.000000000000000000 ) ) ;
#810 = CARTESIAN_POINT ( 'NONE',  ( -1.270887901932856501, 24.39999999999999858, -1.150332851019216340 ) ) ;
#812 = EDGE_CURVE ( 'NONE', #3612, #1529, #2414, .T. ) ;
#811 = STYLED_ITEM ( 'NONE', ( #2371 ), #3202 ) ;
#813 = CYLINDRICAL_SURFACE ( 'NONE', #3092, 4.750000000000000000 ) ;
#814 = VERTEX_POINT ( 'NONE', #1900 ) ;
#815 = CYLINDRICAL_SURFACE ( 'NONE', #3692, 0.4000000000000004108 ) ;
#816 = LINE ( 'NONE', #2004, #146 ) ;
#817 = PRESENTATION_LAYER_ASSIGNMENT (  '', '', ( #1996 ) ) ;
#818 =( LENGTH_UNIT ( ) NAMED_UNIT ( * ) SI_UNIT ( .MILLI., .METRE. ) );
#819 = VERTEX_POINT ( 'NONE', #2783 ) ;
#820 = FILL_AREA_STYLE_COLOUR ( '', #2667 ) ;
#821 = DIRECTION ( 'NONE',  ( 0.000000000000000000, 0.000000000000000000, 1.000000000000000000 ) ) ;
#822 = CYLINDRICAL_SURFACE ( 'NONE', #3831, 10.90000000000000036 ) ;
#823 = ORIENTED_EDGE ( 'NONE', *, *, #3785, .T. ) ;
#824 = CARTESIAN_POINT ( 'NONE',  ( 0.000000000000000000, 0.000000000000000000, 0.000000000000000000 ) ) ;
#825 = DIRECTION ( 'NONE',  ( 0.000000000000000000, -1.000000000000000000, 0.000000000000000000 ) ) ;
#826 = CARTESIAN_POINT ( 'NONE',  ( 0.000000000000000000, 0.000000000000000000, 0.000000000000000000 ) ) ;
#827 = EDGE_CURVE ( 'NONE', #2132, #354, #1359, .T. ) ;
#828 = VERTEX_POINT ( 'NONE', #79 ) ;
#829 = ADVANCED_FACE ( 'NONE', ( #1282, #3094, #2471, #3033, #2140 ), #395, .T. ) ;
#830 = CIRCLE ( 'NONE', #3557, 0.4000000000000002442 ) ;
#831 = CARTESIAN_POINT ( 'NONE',  ( 1.738004324169895476, 28.24999999999999645, 10.24780894256010377 ) ) ;
#832 = FACE_OUTER_BOUND ( 'NONE', #2911, .T. ) ;
#833 = EDGE_LOOP ( 'NONE', ( #2337, #1716, #2962, #1639 ) ) ;
#834 = EDGE_CURVE ( 'NONE', #1582, #2323, #913, .T. ) ;
#835 = CARTESIAN_POINT ( 'NONE',  ( 1.175660927181458842E-15, 1.600000000000000089, 9.599999999999999645 ) ) ;
#836 =( LENGTH_UNIT ( ) NAMED_UNIT ( * ) SI_UNIT ( .MILLI., .METRE. ) );
#837 = ORIENTED_EDGE ( 'NONE', *, *, #2670, .F. ) ;
#838 = PLANE ( 'NONE',  #1611 ) ;
#839 = ADVANCED_FACE ( 'NONE', ( #3418 ), #2799, .F. ) ;
#840 = COLOUR_RGB ( '',0.000000000000000000, 1.000000000000000000, 0.000000000000000000 ) ;
#841 = ORIENTED_EDGE ( 'NONE', *, *, #1375, .F. ) ;
#842 = SURFACE_STYLE_FILL_AREA ( #272 ) ;
#843 = VECTOR ( 'NONE', #2759, 1000.000000000000000 ) ;
#844 = UNCERTAINTY_MEASURE_WITH_UNIT (LENGTH_MEASURE( 1.000000000000000082E-05 ), #1832, 'distance_accuracy_value', 'NONE');
#845 = CARTESIAN_POINT ( 'NONE',  ( 0.000000000000000000, 1.600000000000000089, 0.000000000000000000 ) ) ;
#846 = ORIENTED_EDGE ( 'NONE', *, *, #1261, .T. ) ;
#847 = CYLINDRICAL_SURFACE ( 'NONE', #3686, 3.899999999999999467 ) ;
#848 = AXIS2_PLACEMENT_3D ( 'NONE', #1943, #3448, #2545 ) ;
#849 = CARTESIAN_POINT ( 'NONE',  ( 0.000000000000000000, 0.000000000000000000, 17.42499999999999716 ) ) ;
#850 = DIRECTION ( 'NONE',  ( 0.000000000000000000, 1.000000000000000000, 0.000000000000000000 ) ) ;
#851 = PRESENTATION_LAYER_ASSIGNMENT (  '', '', ( #359 ) ) ;
#852 = ORIENTED_EDGE ( 'NONE', *, *, #1931, .T. ) ;
#853 = MECHANICAL_DESIGN_GEOMETRIC_PRESENTATION_REPRESENTATION (  '', ( #2360 ), #546 ) ;
#854 = FILL_AREA_STYLE ('',( #3526 ) ) ;
#855 = CARTESIAN_POINT ( 'NONE',  ( -1.702137580665993966, 38.25000000000000000, -10.25407162834147989 ) ) ;
#856 = DIRECTION ( 'NONE',  ( 0.000000000000000000, 1.000000000000000000, 0.000000000000000000 ) ) ;
#857 = ORIENTED_EDGE ( 'NONE', *, *, #1602, .F. ) ;
#858 = ADVANCED_FACE ( 'NONE', ( #317 ), #3652, .T. ) ;
#859 = CARTESIAN_POINT ( 'NONE',  ( 1.692677974708935107, 24.39999999999999858, 0.1525560195772903138 ) ) ;
#860 = STYLED_ITEM ( 'NONE', ( #733 ), #1626 ) ;
#861 = DIRECTION ( 'NONE',  ( 0.000000000000000000, 1.000000000000000000, 0.000000000000000000 ) ) ;
#862 = VERTEX_POINT ( 'NONE', #3156 ) ;
#863 = CARTESIAN_POINT ( 'NONE',  ( 1.738004324169895476, 28.24999999999999645, 9.447808942560101286 ) ) ;
#864 = COLOUR_RGB ( '',1.000000000000000000, 1.000000000000000000, 1.000000000000000000 ) ;
#865 = VERTEX_POINT ( 'NONE', #1396 ) ;
#866 = EDGE_CURVE ( 'NONE', #3722, #1201, #2279, .T. ) ;
#867 = DIRECTION ( 'NONE',  ( 0.000000000000000000, 0.000000000000000000, 1.000000000000000000 ) ) ;
#868 = DIRECTION ( 'NONE',  ( 0.000000000000000000, 1.000000000000000000, 0.000000000000000000 ) ) ;
#869 = EDGE_LOOP ( 'NONE', ( #2204, #207, #767, #1725 ) ) ;
#870 = CARTESIAN_POINT ( 'NONE',  ( -0.5553116310352962381, 24.39999999999999858, 1.713679779901635447 ) ) ;
#871 = ORIENTED_EDGE ( 'NONE', *, *, #954, .F. ) ;
#872 = FACE_OUTER_BOUND ( 'NONE', #1547, .T. ) ;
#873 = CARTESIAN_POINT ( 'NONE',  ( 0.000000000000000000, 1.600000000000000089, -9.599999999999999645 ) ) ;
#874 = CARTESIAN_POINT ( 'NONE',  ( 1.240379765745380114, 9.400000000000000355, -1.145865059972258626 ) ) ;
#875 = DIRECTION ( 'NONE',  ( 0.000000000000000000, 1.000000000000000000, 0.000000000000000000 ) ) ;
#876 = CARTESIAN_POINT ( 'NONE',  ( 1.240379765745380114, 24.39999999999999858, -0.7458650599722584928 ) ) ;
#877 = DIRECTION ( 'NONE',  ( 0.000000000000000000, 0.000000000000000000, 1.000000000000000000 ) ) ;
#878 = VECTOR ( 'NONE', #3331, 1000.000000000000000 ) ;
#879 = ORIENTED_EDGE ( 'NONE', *, *, #2145, .F. ) ;
#880 = CARTESIAN_POINT ( 'NONE',  ( 15.09049266094380037, 2.500000000000000000, -8.712500000000069633 ) ) ;
#881 = AXIS2_PLACEMENT_3D ( 'NONE', #337, #2716, #3079 ) ;
#882 = UNCERTAINTY_MEASURE_WITH_UNIT (LENGTH_MEASURE( 1.000000000000000082E-05 ), #1641, 'distance_accuracy_value', 'NONE');
#883 = EDGE_CURVE ( 'NONE', #1201, #1791, #184, .T. ) ;
#884 = PRESENTATION_STYLE_ASSIGNMENT (( #1995 ) ) ;
#885 = ORIENTED_EDGE ( 'NONE', *, *, #504, .F. ) ;
#886 = CARTESIAN_POINT ( 'NONE',  ( -0.8715574274765833795, 38.25000000000000000, 9.561946980917456429 ) ) ;
#887 = DIRECTION ( 'NONE',  ( 0.000000000000000000, 0.000000000000000000, -1.000000000000000000 ) ) ;
#888 = CARTESIAN_POINT ( 'NONE',  ( 0.000000000000000000, 0.000000000000000000, 0.000000000000000000 ) ) ;
#889 = EDGE_LOOP ( 'NONE', ( #1721, #2769, #2372, #1187 ) ) ;
#890 = DIRECTION ( 'NONE',  ( 0.000000000000000000, 1.000000000000000000, 0.000000000000000000 ) ) ;
#891 = SURFACE_STYLE_FILL_AREA ( #1466 ) ;
#892 = VERTEX_POINT ( 'NONE', #451 ) ;
#893 = DIRECTION ( 'NONE',  ( -0.000000000000000000, -1.000000000000000000, -0.000000000000000000 ) ) ;
#894 = ORIENTED_EDGE ( 'NONE', *, *, #2586, .T. ) ;
#895 = CIRCLE ( 'NONE', #89, 0.3999999999999993006 ) ;
#896 =( LENGTH_UNIT ( ) NAMED_UNIT ( * ) SI_UNIT ( .MILLI., .METRE. ) );
#897 = CIRCLE ( 'NONE', #3307, 0.3999999999999993006 ) ;
#898 = AXIS2_PLACEMENT_3D ( 'NONE', #3443, #1329, #3756 ) ;
#899 = EDGE_LOOP ( 'NONE', ( #1092, #93 ) ) ;
#900 = AXIS2_PLACEMENT_3D ( 'NONE', #1983, #3274, #572 ) ;
#901 =( GEOMETRIC_REPRESENTATION_CONTEXT ( 3 ) GLOBAL_UNCERTAINTY_ASSIGNED_CONTEXT ( ( #3537 ) ) GLOBAL_UNIT_ASSIGNED_CONTEXT ( ( #326, #1037, #2897 ) ) REPRESENTATION_CONTEXT ( 'NONE', 'WORKASPACE' ) );
#902 = EDGE_CURVE ( 'NONE', #1499, #745, #477, .T. ) ;
#903 = ORIENTED_EDGE ( 'NONE', *, *, #1375, .T. ) ;
#904 = DIRECTION ( 'NONE',  ( 0.000000000000000000, -0.000000000000000000, 1.000000000000000000 ) ) ;
#905 = FACE_OUTER_BOUND ( 'NONE', #869, .T. ) ;
#906 =( GEOMETRIC_REPRESENTATION_CONTEXT ( 3 ) GLOBAL_UNCERTAINTY_ASSIGNED_CONTEXT ( ( #2493 ) ) GLOBAL_UNIT_ASSIGNED_CONTEXT ( ( #836, #3295, #1492 ) ) REPRESENTATION_CONTEXT ( 'NONE', 'WORKASPACE' ) );
#907 = EDGE_CURVE ( 'NONE', #3316, #892, #1946, .T. ) ;
#908 = AXIS2_PLACEMENT_3D ( 'NONE', #2647, #3855, #1171 ) ;
#909 = ORIENTED_EDGE ( 'NONE', *, *, #312, .F. ) ;
#910 =( LENGTH_UNIT ( ) NAMED_UNIT ( * ) SI_UNIT ( .MILLI., .METRE. ) );
#911 = DIRECTION ( 'NONE',  ( 0.000000000000000000, 0.000000000000000000, 1.000000000000000000 ) ) ;
#912 = ORIENTED_EDGE ( 'NONE', *, *, #2219, .F. ) ;
#913 = LINE ( 'NONE', #2732, #1562 ) ;
#914 = DIRECTION ( 'NONE',  ( 0.000000000000000000, 0.000000000000000000, -1.000000000000000000 ) ) ;
#915 = SURFACE_STYLE_USAGE ( .BOTH. , #1266 ) ;
#916 = AXIS2_PLACEMENT_3D ( 'NONE', #2058, #599, #1802 ) ;
#917 = SURFACE_STYLE_USAGE ( .BOTH. , #1494 ) ;
#918 = VERTEX_POINT ( 'NONE', #2263 ) ;
#919 = CARTESIAN_POINT ( 'NONE',  ( 0.8715574274765832685, 38.25000000000000000, 9.561946980917456429 ) ) ;
#920 = PRESENTATION_STYLE_ASSIGNMENT (( #3279 ) ) ;
#921 = CIRCLE ( 'NONE', #1040, 0.4000000000000000222 ) ;
#922 = COLOUR_RGB ( '',0.5019607843137254832, 0.5019607843137254832, 0.5019607843137254832 ) ;
#923 = UNCERTAINTY_MEASURE_WITH_UNIT (LENGTH_MEASURE( 1.000000000000000082E-05 ), #3073, 'distance_accuracy_value', 'NONE');
#924 = LINE ( 'NONE', #1223, #3630 ) ;
#925 = ORIENTED_EDGE ( 'NONE', *, *, #526, .F. ) ;
#926 = CARTESIAN_POINT ( 'NONE',  ( 0.000000000000000000, 24.39999999999999858, 0.000000000000000000 ) ) ;
#927 =( NAMED_UNIT ( * ) PLANE_ANGLE_UNIT ( ) SI_UNIT ( $, .RADIAN. ) );
#928 = PRESENTATION_LAYER_ASSIGNMENT (  '', '', ( #2241 ) ) ;
#929 = EDGE_LOOP ( 'NONE', ( #3370, #2440 ) ) ;
#930 = EDGE_CURVE ( 'NONE', #2851, #201, #1498, .T. ) ;
#931 = SURFACE_SIDE_STYLE ('',( #391 ) ) ;
#932 = CYLINDRICAL_SURFACE ( 'NONE', #1710, 0.3999999999999993006 ) ;
#933 = ORIENTED_EDGE ( 'NONE', *, *, #1504, .T. ) ;
#934 = PRESENTATION_STYLE_ASSIGNMENT (( #355 ) ) ;
#935 = CARTESIAN_POINT ( 'NONE',  ( 0.3525766757920597572, 9.400000000000000355, -0.7458650599722584928 ) ) ;
#936 = VECTOR ( 'NONE', #492, 1000.000000000000000 ) ;
#937 = CARTESIAN_POINT ( 'NONE',  ( -0.5553116310352962381, 9.400000000000000355, 0.9136797799016355137 ) ) ;
#938 = VERTEX_POINT ( 'NONE', #1915 ) ;
#939 = DIRECTION ( 'NONE',  ( 0.000000000000000000, 1.000000000000000000, 0.000000000000000000 ) ) ;
#940 = AXIS2_PLACEMENT_3D ( 'NONE', #1768, #2969, #229 ) ;
#941 =( LENGTH_UNIT ( ) NAMED_UNIT ( * ) SI_UNIT ( .MILLI., .METRE. ) );
#942 = EDGE_LOOP ( 'NONE', ( #3044, #3001, #1661, #3183 ) ) ;
#943 = FACE_OUTER_BOUND ( 'NONE', #1470, .T. ) ;
#944 = VECTOR ( 'NONE', #2821, 1000.000000000000000 ) ;
#945 = DIRECTION ( 'NONE',  ( 0.000000000000000000, 0.000000000000000000, 1.000000000000000000 ) ) ;
#946 = CARTESIAN_POINT ( 'NONE',  ( 0.8232053680170706711, 9.400000000000000355, -0.3456132178936880961 ) ) ;
#947 = VERTEX_POINT ( 'NONE', #2205 ) ;
#948 = VERTEX_POINT ( 'NONE', #2551 ) ;
#949 = DIRECTION ( 'NONE',  ( 0.000000000000000000, -1.000000000000000000, 0.000000000000000000 ) ) ;
#950 = CARTESIAN_POINT ( 'NONE',  ( 0.3525766757920598127, 24.39999999999999858, -0.3458650599722584151 ) ) ;
#951 = EDGE_CURVE ( 'NONE', #2814, #947, #1094, .T. ) ;
#952 = EDGE_LOOP ( 'NONE', ( #1880, #2391 ) ) ;
#953 = PRESENTATION_STYLE_ASSIGNMENT (( #2392 ) ) ;
#954 = EDGE_CURVE ( 'NONE', #865, #2304, #1680, .T. ) ;
#955 = DIRECTION ( 'NONE',  ( 0.000000000000000000, 0.000000000000000000, 1.000000000000000000 ) ) ;
#956 = LINE ( 'NONE', #2247, #1538 ) ;
#957 = ADVANCED_FACE ( 'NONE', ( #3452 ), #3505, .T. ) ;
#958 = ORIENTED_EDGE ( 'NONE', *, *, #3427, .F. ) ;
#959 = DIRECTION ( 'NONE',  ( -0.000000000000000000, -1.000000000000000000, -0.000000000000000000 ) ) ;
#960 = EDGE_CURVE ( 'NONE', #2089, #1625, #132, .T. ) ;
#961 = UNCERTAINTY_MEASURE_WITH_UNIT (LENGTH_MEASURE( 1.000000000000000082E-05 ), #2515, 'distance_accuracy_value', 'NONE');
#962 = TOROIDAL_SURFACE ( 'NONE', #2270, 3.399999999999999467, 0.5000000000000000000 ) ;
#963 = DIRECTION ( 'NONE',  ( 0.000000000000000000, 1.000000000000000000, 0.000000000000000000 ) ) ;
#964 = STYLED_ITEM ( 'NONE', ( #1474 ), #259 ) ;
#965 = CIRCLE ( 'NONE', #2914, 0.4000000000000000222 ) ;
#966 =( LENGTH_UNIT ( ) NAMED_UNIT ( * ) SI_UNIT ( .MILLI., .METRE. ) );
#967 = ORIENTED_EDGE ( 'NONE', *, *, #1973, .T. ) ;
#968 = PLANE ( 'NONE',  #2976 ) ;
#969 = STYLED_ITEM ( 'NONE', ( #1833 ), #122 ) ;
#970 = AXIS2_PLACEMENT_3D ( 'NONE', #2511, #1065, #2245 ) ;
#971 = FACE_OUTER_BOUND ( 'NONE', #614, .T. ) ;
#972 = VERTEX_POINT ( 'NONE', #738 ) ;
#973 = CARTESIAN_POINT ( 'NONE',  ( -0.8715574274765833795, 28.24999999999999645, -10.36194698091745536 ) ) ;
#974 = FILL_AREA_STYLE_COLOUR ( '', #1792 ) ;
#975 = DIRECTION ( 'NONE',  ( 0.000000000000000000, 1.000000000000000000, 0.000000000000000000 ) ) ;
#976 = EDGE_CURVE ( 'NONE', #745, #1499, #2996, .T. ) ;
#977 = DIRECTION ( 'NONE',  ( 0.000000000000000000, 0.000000000000000000, 1.000000000000000000 ) ) ;
#978 = EDGE_LOOP ( 'NONE', ( #1588, #3567, #2312, #3320 ) ) ;
#979 = CYLINDRICAL_SURFACE ( 'NONE', #406, 0.4000000000000000222 ) ;
#980 = CIRCLE ( 'NONE', #2358, 0.4000000000000000777 ) ;
#981 = SURFACE_STYLE_USAGE ( .BOTH. , #3698 ) ;
#982 = COLOUR_RGB ( '',0.7294117647058823151, 0.3568627450980392246, 0.02352941176470588203 ) ;
#983 = ADVANCED_FACE ( 'NONE', ( #1336 ), #2525, .T. ) ;
#984 = DIRECTION ( 'NONE',  ( 0.000000000000000000, 0.000000000000000000, 1.000000000000000000 ) ) ;
#985 = CARTESIAN_POINT ( 'NONE',  ( -1.702137580665993966, 28.24999999999999645, 9.854071628341479538 ) ) ;
#986 = CIRCLE ( 'NONE', #785, 21.87500000000000000 ) ;
#987 = SURFACE_SIDE_STYLE ('',( #3425 ) ) ;
#988 = MECHANICAL_DESIGN_GEOMETRIC_PRESENTATION_REPRESENTATION (  '', ( #3266 ), #59 ) ;
#989 = ORIENTED_EDGE ( 'NONE', *, *, #141, .T. ) ;
#990 = CARTESIAN_POINT ( 'NONE',  ( 1.240379765745380114, 9.400000000000000355, -0.7458650599722584928 ) ) ;
#991 = FACE_OUTER_BOUND ( 'NONE', #2621, .T. ) ;
#992 = FACE_OUTER_BOUND ( 'NONE', #608, .T. ) ;
#993 = COLOUR_RGB ( '',0.5019607843137254832, 0.7137254901960784492, 0.5019607843137254832 ) ;
#994 = ORIENTED_EDGE ( 'NONE', *, *, #3769, .F. ) ;
#995 = DIRECTION ( 'NONE',  ( 0.000000000000000000, 0.000000000000000000, 1.000000000000000000 ) ) ;
#996 = UNCERTAINTY_MEASURE_WITH_UNIT (LENGTH_MEASURE( 1.000000000000000082E-05 ), #1789, 'distance_accuracy_value', 'NONE');
#997 = DIRECTION ( 'NONE',  ( 0.000000000000000000, 1.000000000000000000, 0.000000000000000000 ) ) ;
#998 = SURFACE_SIDE_STYLE ('',( #3678 ) ) ;
#999 = ORIENTED_EDGE ( 'NONE', *, *, #3745, .T. ) ;
#1000 = SURFACE_STYLE_FILL_AREA ( #3360 ) ;
#1001 = LINE ( 'NONE', #3158, #1244 ) ;
#1002 = AXIS2_PLACEMENT_3D ( 'NONE', #2714, #975, #3336 ) ;
#1003 = DIRECTION ( 'NONE',  ( 0.000000000000000000, 0.000000000000000000, -1.000000000000000000 ) ) ;
#1004 = ADVANCED_FACE ( 'NONE', ( #1992 ), #1479, .F. ) ;
#1005 = VECTOR ( 'NONE', #1239, 1000.000000000000000 ) ;
#1006 = ADVANCED_FACE ( 'NONE', ( #2076 ), #518, .T. ) ;
#1007 = FILL_AREA_STYLE ('',( #2483 ) ) ;
#1008 = PRODUCT_DEFINITION_SHAPE ( 'NONE', 'NONE',  #1022 ) ;
#1009 = COLOUR_RGB ( '',0.000000000000000000, 0.7529411764705882248, 0.000000000000000000 ) ;
#1010 = ORIENTED_EDGE ( 'NONE', *, *, #2933, .T. ) ;
#1011 = DIRECTION ( 'NONE',  ( 0.000000000000000000, 0.000000000000000000, -1.000000000000000000 ) ) ;
#1012 = CARTESIAN_POINT ( 'NONE',  ( 1.738004324169895476, 28.24999999999999645, 9.847808942560101642 ) ) ;
#1013 = VERTEX_POINT ( 'NONE', #870 ) ;
#1014 = DIRECTION ( 'NONE',  ( 0.000000000000000000, 0.000000000000000000, 1.000000000000000000 ) ) ;
#1015 = DIRECTION ( 'NONE',  ( -0.000000000000000000, -1.000000000000000000, -0.000000000000000000 ) ) ;
#1016 = DIRECTION ( 'NONE',  ( 0.000000000000000000, 0.000000000000000000, 1.000000000000000000 ) ) ;
#1017 = EDGE_LOOP ( 'NONE', ( #933, #80 ) ) ;
#1018 =( NAMED_UNIT ( * ) PLANE_ANGLE_UNIT ( ) SI_UNIT ( $, .RADIAN. ) );
#1019 = CYLINDRICAL_SURFACE ( 'NONE', #1986, 0.3999999999999999667 ) ;
#1020 = DIRECTION ( 'NONE',  ( 0.000000000000000000, 1.000000000000000000, 0.000000000000000000 ) ) ;
#1021 =( NAMED_UNIT ( * ) SI_UNIT ( $, .STERADIAN. ) SOLID_ANGLE_UNIT ( ) );
#1022 = PRODUCT_DEFINITION ( 'UNKNOWN', '', #1050, #1364 ) ;
#1023 = AXIS2_PLACEMENT_3D ( 'NONE', #597, #1777, #2034 ) ;
#1024 = ORIENTED_EDGE ( 'NONE', *, *, #1324, .T. ) ;
#1025 = DIRECTION ( 'NONE',  ( 0.000000000000000000, 1.000000000000000000, 0.000000000000000000 ) ) ;
#1026 = PRESENTATION_STYLE_ASSIGNMENT (( #3186 ) ) ;
#1027 =( GEOMETRIC_REPRESENTATION_CONTEXT ( 3 ) GLOBAL_UNCERTAINTY_ASSIGNED_CONTEXT ( ( #1799 ) ) GLOBAL_UNIT_ASSIGNED_CONTEXT ( ( #1737, #2957, #3278 ) ) REPRESENTATION_CONTEXT ( 'NONE', 'WORKASPACE' ) );
#1028 = ADVANCED_FACE ( 'NONE', ( #1800 ), #542, .T. ) ;
#1029 = VERTEX_POINT ( 'NONE', #243 ) ;
#1030 = STYLED_ITEM ( 'NONE', ( #1637 ), #137 ) ;
#1031 = UNCERTAINTY_MEASURE_WITH_UNIT (LENGTH_MEASURE( 1.000000000000000082E-05 ), #1512, 'distance_accuracy_value', 'NONE');
#1032 = AXIS2_PLACEMENT_3D ( 'NONE', #2375, #3827, #2022 ) ;
#1033 = PRESENTATION_LAYER_ASSIGNMENT (  '', '', ( #3435 ) ) ;
#1034 = DIRECTION ( 'NONE',  ( -0.000000000000000000, -1.000000000000000000, -0.000000000000000000 ) ) ;
#1035 = DIRECTION ( 'NONE',  ( 0.000000000000000000, 1.000000000000000000, 0.000000000000000000 ) ) ;
#1036 = MECHANICAL_DESIGN_GEOMETRIC_PRESENTATION_REPRESENTATION (  '', ( #2865 ), #3817 ) ;
#1037 =( NAMED_UNIT ( * ) PLANE_ANGLE_UNIT ( ) SI_UNIT ( $, .RADIAN. ) );
#1038 = FACE_OUTER_BOUND ( 'NONE', #2560, .T. ) ;
#1039 = SHAPE_REPRESENTATION ( '1000028', ( #1446 ), #2110 ) ;
#1040 = AXIS2_PLACEMENT_3D ( 'NONE', #3395, #3648, #3330 ) ;
#1041 =( GEOMETRIC_REPRESENTATION_CONTEXT ( 3 ) GLOBAL_UNCERTAINTY_ASSIGNED_CONTEXT ( ( #3299 ) ) GLOBAL_UNIT_ASSIGNED_CONTEXT ( ( #2240, #716, #1376 ) ) REPRESENTATION_CONTEXT ( 'NONE', 'WORKASPACE' ) );
#1042 = ORIENTED_EDGE ( 'NONE', *, *, #3061, .T. ) ;
#1043 = PRESENTATION_STYLE_ASSIGNMENT (( #1926 ) ) ;
#1044 = STYLED_ITEM ( 'NONE', ( #920 ), #1773 ) ;
#1045 = SURFACE_STYLE_USAGE ( .BOTH. , #2794 ) ;
#1046 = EDGE_LOOP ( 'NONE', ( #3037, #1453, #2688, #3114 ) ) ;
#1047 =( GEOMETRIC_REPRESENTATION_CONTEXT ( 3 ) GLOBAL_UNCERTAINTY_ASSIGNED_CONTEXT ( ( #1539 ) ) GLOBAL_UNIT_ASSIGNED_CONTEXT ( ( #800, #3742, #1795 ) ) REPRESENTATION_CONTEXT ( 'NONE', 'WORKASPACE' ) );
#1048 = CARTESIAN_POINT ( 'NONE',  ( -1.702137580665993966, 38.25000000000000000, 9.854071628341479538 ) ) ;
#1049 = EDGE_CURVE ( 'NONE', #30, #3840, #3188, .T. ) ;
#1050 = PRODUCT_DEFINITION_FORMATION_WITH_SPECIFIED_SOURCE ( 'ANY', '', #3095, .NOT_KNOWN. ) ;
#1051 = CARTESIAN_POINT ( 'NONE',  ( 2.544026408265383843, 38.25000000000000000, 9.670983902067479931 ) ) ;
#1052 =( LENGTH_UNIT ( ) NAMED_UNIT ( * ) SI_UNIT ( .MILLI., .METRE. ) );
#1053 = AXIS2_PLACEMENT_3D ( 'NONE', #1939, #3810, #2538 ) ;
#1054 = LINE ( 'NONE', #3481, #2350 ) ;
#1055 = AXIS2_PLACEMENT_3D ( 'NONE', #1402, #1967, #2842 ) ;
#1056 = CARTESIAN_POINT ( 'NONE',  ( 0.8715574274765832685, 38.25000000000000000, 9.961946980917456784 ) ) ;
#1057 =( LENGTH_UNIT ( ) NAMED_UNIT ( * ) SI_UNIT ( .MILLI., .METRE. ) );
#1058 = VECTOR ( 'NONE', #1629, 1000.000000000000000 ) ;
#1059 = VERTEX_POINT ( 'NONE', #2035 ) ;
#1060 =( LENGTH_UNIT ( ) NAMED_UNIT ( * ) SI_UNIT ( .MILLI., .METRE. ) );
#1061 = AXIS2_PLACEMENT_3D ( 'NONE', #3090, #2121, #2184 ) ;
#1062 = DIRECTION ( 'NONE',  ( 0.000000000000000000, 0.000000000000000000, 1.000000000000000000 ) ) ;
#1063 = ORIENTED_EDGE ( 'NONE', *, *, #960, .F. ) ;
#1064 =( GEOMETRIC_REPRESENTATION_CONTEXT ( 3 ) GLOBAL_UNCERTAINTY_ASSIGNED_CONTEXT ( ( #1831 ) ) GLOBAL_UNIT_ASSIGNED_CONTEXT ( ( #1694, #2277, #116 ) ) REPRESENTATION_CONTEXT ( 'NONE', 'WORKASPACE' ) );
#1065 = DIRECTION ( 'NONE',  ( 0.000000000000000000, 1.000000000000000000, 0.000000000000000000 ) ) ;
#1066 = EDGE_CURVE ( 'NONE', #1765, #2706, #279, .T. ) ;
#1067 = CARTESIAN_POINT ( 'NONE',  ( 4.898587196589413075E-17, 9.400000000000000355, 0.4000000000000000222 ) ) ;
#1068 = CARTESIAN_POINT ( 'NONE',  ( -0.8715574274765833795, 38.25000000000000000, -10.36194698091745536 ) ) ;
#1069 = EDGE_CURVE ( 'NONE', #3466, #814, #3003, .T. ) ;
#1070 = PRESENTATION_STYLE_ASSIGNMENT (( #121 ) ) ;
#1071 = CARTESIAN_POINT ( 'NONE',  ( 0.1848617153801214441, 24.39999999999999858, 0.8040218567842040143 ) ) ;
#1072 = SURFACE_STYLE_FILL_AREA ( #212 ) ;
#1073 = ADVANCED_FACE ( 'NONE', ( #307 ), #2919, .T. ) ;
#1074 = CARTESIAN_POINT ( 'NONE',  ( -1.270887901932856501, 24.39999999999999858, -1.550332851019216251 ) ) ;
#1075 = FILL_AREA_STYLE ('',( #774 ) ) ;
#1076 = DIRECTION ( 'NONE',  ( -0.000000000000000000, -1.000000000000000000, -0.000000000000000000 ) ) ;
#1077 = SURFACE_STYLE_FILL_AREA ( #3651 ) ;
#1078 = ORIENTED_EDGE ( 'NONE', *, *, #1955, .T. ) ;
#1079 = CARTESIAN_POINT ( 'NONE',  ( -1.405902292668247844, 9.400000000000000355, -0.1309742009670326612 ) ) ;
#1080 = AXIS2_PLACEMENT_3D ( 'NONE', #1451, #252, #3234 ) ;
#1081 =( NAMED_UNIT ( * ) PLANE_ANGLE_UNIT ( ) SI_UNIT ( $, .RADIAN. ) );
#1082 = VERTEX_POINT ( 'NONE', #2116 ) ;
#1083 = DIRECTION ( 'NONE',  ( 0.000000000000000000, 1.000000000000000000, 0.000000000000000000 ) ) ;
#1084 = PRESENTATION_LAYER_ASSIGNMENT (  '', '', ( #3051 ) ) ;
#1085 = MECHANICAL_DESIGN_GEOMETRIC_PRESENTATION_REPRESENTATION (  '', ( #3618 ), #1491 ) ;
#1086 = CARTESIAN_POINT ( 'NONE',  ( 2.544026408265383843, 28.24999999999999645, -9.670983902067479931 ) ) ;
#1087 = CARTESIAN_POINT ( 'NONE',  ( -0.7099363585365638940, 24.39999999999999858, 0.8202563108721194762 ) ) ;
#1088 = AXIS2_PLACEMENT_3D ( 'NONE', #793, #3294, #209 ) ;
#1089 = CARTESIAN_POINT ( 'NONE',  ( 0.1848617153801214441, 9.400000000000000355, 0.8040218567842040143 ) ) ;
#1090 = VERTEX_POINT ( 'NONE', #3345 ) ;
#1091 = PRESENTATION_STYLE_ASSIGNMENT (( #1660 ) ) ;
#1092 = ORIENTED_EDGE ( 'NONE', *, *, #827, .T. ) ;
#1093 = FACE_OUTER_BOUND ( 'NONE', #3594, .T. ) ;
#1094 = CIRCLE ( 'NONE', #3311, 0.3999999999999993006 ) ;
#1095 = CIRCLE ( 'NONE', #1358, 0.3999999999999993006 ) ;
#1096 = DIRECTION ( 'NONE',  ( 0.000000000000000000, 0.000000000000000000, 1.000000000000000000 ) ) ;
#1097 = ORIENTED_EDGE ( 'NONE', *, *, #1124, .F. ) ;
#1098 =( LENGTH_UNIT ( ) NAMED_UNIT ( * ) SI_UNIT ( .MILLI., .METRE. ) );
#1099 = MECHANICAL_DESIGN_GEOMETRIC_PRESENTATION_REPRESENTATION (  '', ( #3632 ), #1229 ) ;
#1100 = ADVANCED_FACE ( 'NONE', ( #616 ), #3042, .T. ) ;
#1101 = CARTESIAN_POINT ( 'NONE',  ( -1.270887901932856501, 9.400000000000000355, -0.7503328510192163181 ) ) ;
#1102 = DIRECTION ( 'NONE',  ( 0.000000000000000000, 0.000000000000000000, -1.000000000000000000 ) ) ;
#1103 = EDGE_LOOP ( 'NONE', ( #3830, #1274 ) ) ;
#1104 = FACE_OUTER_BOUND ( 'NONE', #889, .T. ) ;
#1105 = VECTOR ( 'NONE', #3009, 1000.000000000000000 ) ;
#1106 = FACE_OUTER_BOUND ( 'NONE', #172, .T. ) ;
#1107 = DIRECTION ( 'NONE',  ( -0.000000000000000000, -1.000000000000000000, -0.000000000000000000 ) ) ;
#1108 = CYLINDRICAL_SURFACE ( 'NONE', #475, 0.4000000000000004108 ) ;
#1109 = EDGE_LOOP ( 'NONE', ( #1024, #1356, #570, #42 ) ) ;
#1110 = CIRCLE ( 'NONE', #1309, 0.3999999999999999667 ) ;
#1111 = PRESENTATION_LAYER_ASSIGNMENT (  '', '', ( #113 ) ) ;
#1112 = CARTESIAN_POINT ( 'NONE',  ( 1.044608899179063410, 24.39999999999999858, 0.9086366076954687232 ) ) ;
#1113 = DIRECTION ( 'NONE',  ( 0.000000000000000000, 1.000000000000000000, 0.000000000000000000 ) ) ;
#1114 = DIRECTION ( 'NONE',  ( 0.000000000000000000, 0.000000000000000000, 1.000000000000000000 ) ) ;
#1115 = CARTESIAN_POINT ( 'NONE',  ( 1.738004324169895476, 28.24999999999999645, -9.447808942560101286 ) ) ;
#1116 = DIRECTION ( 'NONE',  ( 0.000000000000000000, -0.000000000000000000, 1.000000000000000000 ) ) ;
#1117 = ORIENTED_EDGE ( 'NONE', *, *, #2053, .T. ) ;
#1118 = AXIS2_PLACEMENT_3D ( 'NONE', #2214, #3178, #3795 ) ;
#1119 = CARTESIAN_POINT ( 'NONE',  ( -1.702137580665993966, 28.24999999999999645, 9.854071628341479538 ) ) ;
#1120 = SURFACE_STYLE_USAGE ( .BOTH. , #1755 ) ;
#1121 = APPLICATION_CONTEXT ( 'automotive_design' ) ;
#1122 = ADVANCED_FACE ( 'NONE', ( #905 ), #2723, .T. ) ;
#1123 = DIRECTION ( 'NONE',  ( 0.000000000000000000, 0.000000000000000000, -1.000000000000000000 ) ) ;
#1124 = EDGE_CURVE ( 'NONE', #2836, #2679, #2097, .T. ) ;
#1125 = STYLED_ITEM ( 'NONE', ( #3834 ), #2566 ) ;
#1126 = VERTEX_POINT ( 'NONE', #2134 ) ;
#1127 = FILL_AREA_STYLE ('',( #1437 ) ) ;
#1128 = PRESENTATION_LAYER_ASSIGNMENT (  '', '', ( #3529 ) ) ;
#1129 = PLANE ( 'NONE',  #169 ) ;
#1130 = ORIENTED_EDGE ( 'NONE', *, *, #1950, .T. ) ;
#1131 = ADVANCED_FACE ( 'NONE', ( #3367 ), #3719, .T. ) ;
#1132 = AXIS2_PLACEMENT_3D ( 'NONE', #3866, #3338, #120 ) ;
#1133 = ORIENTED_EDGE ( 'NONE', *, *, #2244, .T. ) ;
#1134 = AXIS2_PLACEMENT_3D ( 'NONE', #3396, #1569, #2756 ) ;
#1135 = DIRECTION ( 'NONE',  ( 0.000000000000000000, 0.000000000000000000, -1.000000000000000000 ) ) ;
#1136 = VERTEX_POINT ( 'NONE', #462 ) ;
#1137 = SURFACE_SIDE_STYLE ('',( #3843 ) ) ;
#1138 = ORIENTED_EDGE ( 'NONE', *, *, #1425, .T. ) ;
#1139 = CYLINDRICAL_SURFACE ( 'NONE', #2760, 0.4000000000000002442 ) ;
#1140 = FILL_AREA_STYLE ('',( #1535 ) ) ;
#1141 = ORIENTED_EDGE ( 'NONE', *, *, #438, .T. ) ;
#1142 = SURFACE_SIDE_STYLE ('',( #842 ) ) ;
#1143 = FILL_AREA_STYLE ('',( #3850 ) ) ;
#1144 = CARTESIAN_POINT ( 'NONE',  ( 4.898587196589413075E-17, 38.25000000000000000, 10.40000000000000036 ) ) ;
#1145 =( LENGTH_UNIT ( ) NAMED_UNIT ( * ) SI_UNIT ( .MILLI., .METRE. ) );
#1146 = ORIENTED_EDGE ( 'NONE', *, *, #1400, .F. ) ;
#1147 = DIRECTION ( 'NONE',  ( 0.000000000000000000, 1.000000000000000000, 0.000000000000000000 ) ) ;
#1148 = DIRECTION ( 'NONE',  ( 0.000000000000000000, 0.000000000000000000, -1.000000000000000000 ) ) ;
#1149 = ADVANCED_FACE ( 'NONE', ( #1705 ), #3129, .T. ) ;
#1150 = ORIENTED_EDGE ( 'NONE', *, *, #1554, .T. ) ;
#1151 = CIRCLE ( 'NONE', #2208, 0.3999999999999993006 ) ;
#1152 = EDGE_CURVE ( 'NONE', #2225, #11, #709, .T. ) ;
#1153 = FILL_AREA_STYLE_COLOUR ( '', #1862 ) ;
#1154 = CARTESIAN_POINT ( 'NONE',  ( 1.738004324169895476, 38.25000000000000000, -9.847808942560101642 ) ) ;
#1155 = CARTESIAN_POINT ( 'NONE',  ( 15.09049266094380037, 2.500000000000000000, -6.012500000000073008 ) ) ;
#1156 = ORIENTED_EDGE ( 'NONE', *, *, #2173, .F. ) ;
#1157 = FILL_AREA_STYLE_COLOUR ( '', #280 ) ;
#1158 = COLOUR_RGB ( '',0.4862745098039215619, 0.2352941176470588203, 0.01568627450980392135 ) ;
#1159 = FILL_AREA_STYLE_COLOUR ( '', #1911 ) ;
#1160 = CARTESIAN_POINT ( 'NONE',  ( -0.8715574274765833795, 38.25000000000000000, -10.36194698091745536 ) ) ;
#1161 =( GEOMETRIC_REPRESENTATION_CONTEXT ( 3 ) GLOBAL_UNCERTAINTY_ASSIGNED_CONTEXT ( ( #683 ) ) GLOBAL_UNIT_ASSIGNED_CONTEXT ( ( #1949, #3791, #3144 ) ) REPRESENTATION_CONTEXT ( 'NONE', 'WORKASPACE' ) );
#1162 = EDGE_LOOP ( 'NONE', ( #3447, #2059 ) ) ;
#1163 = CARTESIAN_POINT ( 'NONE',  ( 1.044608899179063410, 24.39999999999999858, 0.9086366076954687232 ) ) ;
#1164 = AXIS2_PLACEMENT_3D ( 'NONE', #3530, #2656, #550 ) ;
#1165 = UNCERTAINTY_MEASURE_WITH_UNIT (LENGTH_MEASURE( 1.000000000000000082E-05 ), #3267, 'distance_accuracy_value', 'NONE');
#1166 = CYLINDRICAL_SURFACE ( 'NONE', #3574, 2.699999999999995737 ) ;
#1167 = CIRCLE ( 'NONE', #3245, 2.699999999999997513 ) ;
#1168 =( NAMED_UNIT ( * ) SI_UNIT ( $, .STERADIAN. ) SOLID_ANGLE_UNIT ( ) );
#1169 = VERTEX_POINT ( 'NONE', #3180 ) ;
#1170 = DIRECTION ( 'NONE',  ( 0.000000000000000000, 1.000000000000000000, 0.000000000000000000 ) ) ;
#1171 = DIRECTION ( 'NONE',  ( 0.000000000000000000, 0.000000000000000000, -1.000000000000000000 ) ) ;
#1172 = FILL_AREA_STYLE ('',( #3289 ) ) ;
#1173 = CIRCLE ( 'NONE', #3066, 0.4000000000000000222 ) ;
#1174 = ORIENTED_EDGE ( 'NONE', *, *, #757, .T. ) ;
#1175 = STYLED_ITEM ( 'NONE', ( #2925 ), #1459 ) ;
#1176 = DIRECTION ( 'NONE',  ( 0.000000000000000000, 1.000000000000000000, 0.000000000000000000 ) ) ;
#1177 = DIRECTION ( 'NONE',  ( 0.000000000000000000, 1.000000000000000000, 0.000000000000000000 ) ) ;
#1178 = DIRECTION ( 'NONE',  ( 0.000000000000000000, 1.000000000000000000, 0.000000000000000000 ) ) ;
#1179 = ORIENTED_EDGE ( 'NONE', *, *, #3496, .T. ) ;
#1180 = AXIS2_PLACEMENT_3D ( 'NONE', #2406, #1278, #1568 ) ;
#1181 = CARTESIAN_POINT ( 'NONE',  ( -0.8715574274765833795, 38.25000000000000000, -9.561946980917456429 ) ) ;
#1182 = EDGE_CURVE ( 'NONE', #3840, #1059, #2898, .T. ) ;
#1183 = CARTESIAN_POINT ( 'NONE',  ( -15.09049266094379682, 2.694222958124177006E-16, -8.712500000000071410 ) ) ;
#1184 = DIRECTION ( 'NONE',  ( 0.000000000000000000, 0.000000000000000000, -1.000000000000000000 ) ) ;
#1185 = AXIS2_PLACEMENT_3D ( 'NONE', #2704, #1212, #1801 ) ;
#1186 = MECHANICAL_DESIGN_GEOMETRIC_PRESENTATION_REPRESENTATION (  '', ( #2174 ), #1443 ) ;
#1187 = ORIENTED_EDGE ( 'NONE', *, *, #2670, .T. ) ;
#1188 = CARTESIAN_POINT ( 'NONE',  ( -15.09049266094379682, 2.500000000000000000, -8.712500000000071410 ) ) ;
#1189 = MECHANICAL_DESIGN_GEOMETRIC_PRESENTATION_REPRESENTATION (  '', ( #2213 ), #3335 ) ;
#1190 = ORIENTED_EDGE ( 'NONE', *, *, #1736, .T. ) ;
#1191 = FACE_OUTER_BOUND ( 'NONE', #3081, .T. ) ;
#1192 = EDGE_LOOP ( 'NONE', ( #3304, #1713 ) ) ;
#1193 = COLOUR_RGB ( '',0.7529411764705882248, 0.7529411764705882248, 0.7529411764705882248 ) ;
#1194 = DIRECTION ( 'NONE',  ( 0.000000000000000000, 0.000000000000000000, -1.000000000000000000 ) ) ;
#1195 = ORIENTED_EDGE ( 'NONE', *, *, #883, .T. ) ;
#1196 = COLOUR_RGB ( '',0.5019607843137254832, 0.5019607843137254832, 0.5019607843137254832 ) ;
#1197 = LINE ( 'NONE', #2393, #2354 ) ;
#1198 =( GEOMETRIC_REPRESENTATION_CONTEXT ( 3 ) GLOBAL_UNCERTAINTY_ASSIGNED_CONTEXT ( ( #3581 ) ) GLOBAL_UNIT_ASSIGNED_CONTEXT ( ( #2654, #3312, #2307 ) ) REPRESENTATION_CONTEXT ( 'NONE', 'WORKASPACE' ) );
#1199 = DIRECTION ( 'NONE',  ( 0.000000000000000000, 1.000000000000000000, 0.000000000000000000 ) ) ;
#1200 = EDGE_CURVE ( 'NONE', #2366, #2836, #2879, .T. ) ;
#1201 = VERTEX_POINT ( 'NONE', #775 ) ;
#1202 = CARTESIAN_POINT ( 'NONE',  ( -0.8715574274765833795, 28.24999999999999645, -9.961946980917456784 ) ) ;
#1203 = CIRCLE ( 'NONE', #453, 10.90000000000000036 ) ;
#1204 = UNCERTAINTY_MEASURE_WITH_UNIT (LENGTH_MEASURE( 1.000000000000000082E-05 ), #1779, 'distance_accuracy_value', 'NONE');
#1205 = EDGE_CURVE ( 'NONE', #2048, #394, #2552, .T. ) ;
#1206 = PRESENTATION_STYLE_ASSIGNMENT (( #1555 ) ) ;
#1207 = ORIENTED_EDGE ( 'NONE', *, *, #3250, .T. ) ;
#1208 = ORIENTED_EDGE ( 'NONE', *, *, #2862, .T. ) ;
#1209 = ORIENTED_EDGE ( 'NONE', *, *, #3670, .T. ) ;
#1210 = CARTESIAN_POINT ( 'NONE',  ( 0.1848617153801214996, 9.400000000000000355, 1.204021856784204259 ) ) ;
#1211 = UNCERTAINTY_MEASURE_WITH_UNIT (LENGTH_MEASURE( 1.000000000000000082E-05 ), #2496, 'distance_accuracy_value', 'NONE');
#1212 = DIRECTION ( 'NONE',  ( 0.000000000000000000, 0.000000000000000000, 1.000000000000000000 ) ) ;
#1213 = ORIENTED_EDGE ( 'NONE', *, *, #1350, .T. ) ;
#1214 = CARTESIAN_POINT ( 'NONE',  ( -0.2650306909542099465, 24.39999999999999858, -1.766355876195836672 ) ) ;
#1215 = ORIENTED_EDGE ( 'NONE', *, *, #1258, .F. ) ;
#1216 = LINE ( 'NONE', #2108, #843 ) ;
#1217 = MECHANICAL_DESIGN_GEOMETRIC_PRESENTATION_REPRESENTATION (  '', ( #3799 ), #2855 ) ;
#1218 = COLOUR_RGB ( '',0.000000000000000000, 0.000000000000000000, 1.000000000000000000 ) ;
#1219 = PRESENTATION_STYLE_ASSIGNMENT (( #917 ) ) ;
#1220 = ORIENTED_EDGE ( 'NONE', *, *, #3205, .F. ) ;
#1221 = AXIS2_PLACEMENT_3D ( 'NONE', #3264, #563, #3285 ) ;
#1222 = DIRECTION ( 'NONE',  ( 0.000000000000000000, 1.000000000000000000, 0.000000000000000000 ) ) ;
#1223 = CARTESIAN_POINT ( 'NONE',  ( -1.270887901932856501, 24.39999999999999858, -0.7503328510192163181 ) ) ;
#1224 = PRESENTATION_LAYER_ASSIGNMENT (  '', '', ( #474 ) ) ;
#1225 = COLOUR_RGB ( '',0.000000000000000000, 0.000000000000000000, 1.000000000000000000 ) ;
#1226 = EDGE_CURVE ( 'NONE', #699, #3897, #980, .T. ) ;
#1227 = ORIENTED_EDGE ( 'NONE', *, *, #1780, .T. ) ;
#1228 = PRODUCT_CONTEXT ( 'NONE', #3275, 'mechanical' ) ;
#1229 =( GEOMETRIC_REPRESENTATION_CONTEXT ( 3 ) GLOBAL_UNCERTAINTY_ASSIGNED_CONTEXT ( ( #3664 ) ) GLOBAL_UNIT_ASSIGNED_CONTEXT ( ( #2442, #2770, #3107 ) ) REPRESENTATION_CONTEXT ( 'NONE', 'WORKASPACE' ) );
#1230 = ADVANCED_FACE ( 'NONE', ( #1038 ), #2335, .T. ) ;
#1231 = VERTEX_POINT ( 'NONE', #1758 ) ;
#1232 = AXIS2_PLACEMENT_3D ( 'NONE', #299, #3558, #2915 ) ;
#1233 = PLANE ( 'NONE',  #3321 ) ;
#1234 = DIRECTION ( 'NONE',  ( -0.000000000000000000, -1.000000000000000000, -0.000000000000000000 ) ) ;
#1235 = EDGE_LOOP ( 'NONE', ( #50, #3892 ) ) ;
#1236 = DIRECTION ( 'NONE',  ( -0.000000000000000000, -1.000000000000000000, -0.000000000000000000 ) ) ;
#1237 = MECHANICAL_DESIGN_GEOMETRIC_PRESENTATION_REPRESENTATION (  '', ( #3705 ), #2165 ) ;
#1238 = DIRECTION ( 'NONE',  ( 0.000000000000000000, 0.000000000000000000, 1.000000000000000000 ) ) ;
#1239 = DIRECTION ( 'NONE',  ( -0.000000000000000000, -1.000000000000000000, -0.000000000000000000 ) ) ;
#1240 = ORIENTED_EDGE ( 'NONE', *, *, #56, .F. ) ;
#1241 = CARTESIAN_POINT ( 'NONE',  ( 2.544026408265383843, 28.24999999999999645, 9.270983902067479576 ) ) ;
#1242 = FACE_OUTER_BOUND ( 'NONE', #2768, .T. ) ;
#1243 =( GEOMETRIC_REPRESENTATION_CONTEXT ( 3 ) GLOBAL_UNCERTAINTY_ASSIGNED_CONTEXT ( ( #2975 ) ) GLOBAL_UNIT_ASSIGNED_CONTEXT ( ( #3271, #3230, #3291 ) ) REPRESENTATION_CONTEXT ( 'NONE', 'WORKASPACE' ) );
#1244 = VECTOR ( 'NONE', #436, 1000.000000000000000 ) ;
#1245 = UNCERTAINTY_MEASURE_WITH_UNIT (LENGTH_MEASURE( 1.000000000000000082E-05 ), #84, 'distance_accuracy_value', 'NONE');
#1246 = COLOUR_RGB ( '',0.2509803921568627416, 0.2509803921568627416, 0.2509803921568627416 ) ;
#1247 = SURFACE_STYLE_FILL_AREA ( #47 ) ;
#1248 = ORIENTED_EDGE ( 'NONE', *, *, #715, .F. ) ;
#1249 = DIRECTION ( 'NONE',  ( 0.000000000000000000, 0.000000000000000000, 1.000000000000000000 ) ) ;
#1250 = CARTESIAN_POINT ( 'NONE',  ( 0.000000000000000000, 2.500000000000000000, 0.000000000000000000 ) ) ;
#1251 = ADVANCED_FACE ( 'NONE', ( #1432 ), #1987, .T. ) ;
#1252 = SURFACE_SIDE_STYLE ('',( #3300 ) ) ;
#1253 = FACE_OUTER_BOUND ( 'NONE', #314, .T. ) ;
#1254 = EDGE_CURVE ( 'NONE', #235, #819, #2030, .T. ) ;
#1255 = VERTEX_POINT ( 'NONE', #1101 ) ;
#1256 = ORIENTED_EDGE ( 'NONE', *, *, #3806, .F. ) ;
#1257 = DIRECTION ( 'NONE',  ( 0.000000000000000000, 0.000000000000000000, 1.000000000000000000 ) ) ;
#1258 = EDGE_CURVE ( 'NONE', #1126, #36, #3318, .T. ) ;
#1259 = MECHANICAL_DESIGN_GEOMETRIC_PRESENTATION_REPRESENTATION (  '', ( #1125 ), #380 ) ;
#1260 = SURFACE_STYLE_USAGE ( .BOTH. , #931 ) ;
#1261 = EDGE_CURVE ( 'NONE', #1464, #712, #1740, .T. ) ;
#1262 = FILL_AREA_STYLE_COLOUR ( '', #2193 ) ;
#1263 = EDGE_LOOP ( 'NONE', ( #2864, #539 ) ) ;
#1264 = CARTESIAN_POINT ( 'NONE',  ( 0.8715574274765832685, 38.25000000000000000, 9.561946980917456429 ) ) ;
#1265 = DIRECTION ( 'NONE',  ( 0.000000000000000000, -0.000000000000000000, 1.000000000000000000 ) ) ;
#1266 = SURFACE_SIDE_STYLE ('',( #3035 ) ) ;
#1267 = DIRECTION ( 'NONE',  ( -0.000000000000000000, -1.000000000000000000, -0.000000000000000000 ) ) ;
#1268 = EDGE_LOOP ( 'NONE', ( #967, #3293 ) ) ;
#1269 =( GEOMETRIC_REPRESENTATION_CONTEXT ( 3 ) GLOBAL_UNCERTAINTY_ASSIGNED_CONTEXT ( ( #3018 ) ) GLOBAL_UNIT_ASSIGNED_CONTEXT ( ( #3847, #3576, #3552 ) ) REPRESENTATION_CONTEXT ( 'NONE', 'WORKASPACE' ) );
#1270 = AXIS2_PLACEMENT_3D ( 'NONE', #1509, #856, #1729 ) ;
#1271 = DIRECTION ( 'NONE',  ( 0.000000000000000000, 1.000000000000000000, 0.000000000000000000 ) ) ;
#1272 = ORIENTED_EDGE ( 'NONE', *, *, #1400, .T. ) ;
#1273 = ORIENTED_EDGE ( 'NONE', *, *, #1693, .T. ) ;
#1274 = ORIENTED_EDGE ( 'NONE', *, *, #1258, .T. ) ;
#1275 =( NAMED_UNIT ( * ) SI_UNIT ( $, .STERADIAN. ) SOLID_ANGLE_UNIT ( ) );
#1276 = ADVANCED_FACE ( 'NONE', ( #1458 ), #2959, .F. ) ;
#1277 = FACE_OUTER_BOUND ( 'NONE', #1997, .T. ) ;
#1278 = DIRECTION ( 'NONE',  ( 0.000000000000000000, 1.000000000000000000, 0.000000000000000000 ) ) ;
#1279 = SURFACE_SIDE_STYLE ('',( #77 ) ) ;
#1280 = ORIENTED_EDGE ( 'NONE', *, *, #3717, .T. ) ;
#1281 = CARTESIAN_POINT ( 'NONE',  ( -1.405902292668247844, 9.400000000000000355, 0.2690257990329674165 ) ) ;
#1282 = FACE_BOUND ( 'NONE', #1162, .T. ) ;
#1283 = ADVANCED_FACE ( 'NONE', ( #3871 ), #1166, .F. ) ;
#1284 = LINE ( 'NONE', #2141, #3419 ) ;
#1285 = DIRECTION ( 'NONE',  ( -0.000000000000000000, -1.000000000000000000, -0.000000000000000000 ) ) ;
#1286 = ORIENTED_EDGE ( 'NONE', *, *, #2909, .T. ) ;
#1287 = FILL_AREA_STYLE ('',( #2439 ) ) ;
#1288 = UNCERTAINTY_MEASURE_WITH_UNIT (LENGTH_MEASURE( 1.000000000000000082E-05 ), #1391, 'distance_accuracy_value', 'NONE');
#1289 = CIRCLE ( 'NONE', #2663, 0.4000000000000000222 ) ;
#1290 =( NAMED_UNIT ( * ) PLANE_ANGLE_UNIT ( ) SI_UNIT ( $, .RADIAN. ) );
#1291 = CARTESIAN_POINT ( 'NONE',  ( -1.702137580665993966, 28.24999999999999645, -9.854071628341479538 ) ) ;
#1292 = TOROIDAL_SURFACE ( 'NONE', #343, 3.399999999999999467, 0.5000000000000000000 ) ;
#1293 = CARTESIAN_POINT ( 'NONE',  ( 0.000000000000000000, 1.600000000000000089, 0.000000000000000000 ) ) ;
#1294 = FILL_AREA_STYLE_COLOUR ( '', #1738 ) ;
#1295 = AXIS2_PLACEMENT_3D ( 'NONE', #3595, #875, #2928 ) ;
#1296 = CARTESIAN_POINT ( 'NONE',  ( 1.240379765745380114, 9.400000000000000355, -0.7458650599722584928 ) ) ;
#1297 = VECTOR ( 'NONE', #2043, 1000.000000000000000 ) ;
#1298 = PRESENTATION_LAYER_ASSIGNMENT (  '', '', ( #969 ) ) ;
#1299 = CARTESIAN_POINT ( 'NONE',  ( 5.817072295949927426E-16, 0.5000000000000000000, 4.750000000000000000 ) ) ;
#1300 = AXIS2_PLACEMENT_3D ( 'NONE', #3573, #861, #2044 ) ;
#1301 = ORIENTED_EDGE ( 'NONE', *, *, #3014, .F. ) ;
#1302 = CARTESIAN_POINT ( 'NONE',  ( -0.7099363585365638940, 24.39999999999999858, 0.02025631087211945958 ) ) ;
#1303 = AXIS2_PLACEMENT_3D ( 'NONE', #1657, #3167, #3485 ) ;
#1304 = DIRECTION ( 'NONE',  ( -0.000000000000000000, -1.000000000000000000, -0.000000000000000000 ) ) ;
#1305 = EDGE_CURVE ( 'NONE', #1136, #3348, #1627, .T. ) ;
#1306 = AXIS2_PLACEMENT_3D ( 'NONE', #2582, #2283, #3508 ) ;
#1307 = SURFACE_STYLE_USAGE ( .BOTH. , #2808 ) ;
#1308 = CARTESIAN_POINT ( 'NONE',  ( 0.000000000000000000, 38.25000000000000000, -10.00000000000000000 ) ) ;
#1309 = AXIS2_PLACEMENT_3D ( 'NONE', #810, #1113, #2950 ) ;
#1310 = FILL_AREA_STYLE ('',( #3663 ) ) ;
#1311 = PRESENTATION_LAYER_ASSIGNMENT (  '', '', ( #1516 ) ) ;
#1312 = EDGE_LOOP ( 'NONE', ( #1010, #1213 ) ) ;
#1313 = CARTESIAN_POINT ( 'NONE',  ( 1.240379765745380114, 24.39999999999999858, -0.7458650599722584928 ) ) ;
#1314 = CARTESIAN_POINT ( 'NONE',  ( 0.8715574274765832685, 38.25000000000000000, -9.961946980917456784 ) ) ;
#1315 = DIRECTION ( 'NONE',  ( -0.000000000000000000, -1.000000000000000000, -0.000000000000000000 ) ) ;
#1316 = VERTEX_POINT ( 'NONE', #1144 ) ;
#1317 =( LENGTH_UNIT ( ) NAMED_UNIT ( * ) SI_UNIT ( .MILLI., .METRE. ) );
#1318 = UNCERTAINTY_MEASURE_WITH_UNIT (LENGTH_MEASURE( 1.000000000000000082E-05 ), #2999, 'distance_accuracy_value', 'NONE');
#1319 = SURFACE_STYLE_FILL_AREA ( #3486 ) ;
#1320 = CARTESIAN_POINT ( 'NONE',  ( -1.702137580665993966, 28.24999999999999645, 9.454071628341480960 ) ) ;
#1321 = ORIENTED_EDGE ( 'NONE', *, *, #1873, .T. ) ;
#1322 = SURFACE_STYLE_FILL_AREA ( #2891 ) ;
#1323 = DIRECTION ( 'NONE',  ( -0.000000000000000000, -1.000000000000000000, -0.000000000000000000 ) ) ;
#1324 = EDGE_CURVE ( 'NONE', #3348, #1136, #777, .T. ) ;
#1325 = VECTOR ( 'NONE', #3463, 1000.000000000000000 ) ;
#1326 = CARTESIAN_POINT ( 'NONE',  ( -0.2650306909542099465, 24.39999999999999858, -1.366355876195836760 ) ) ;
#1327 = PLANE ( 'NONE',  #2340 ) ;
#1328 = MECHANICAL_DESIGN_GEOMETRIC_PRESENTATION_REPRESENTATION (  '', ( #694 ), #253 ) ;
#1329 = DIRECTION ( 'NONE',  ( -0.000000000000000000, -1.000000000000000000, -0.000000000000000000 ) ) ;
#1330 = UNCERTAINTY_MEASURE_WITH_UNIT (LENGTH_MEASURE( 1.000000000000000082E-05 ), #1545, 'distance_accuracy_value', 'NONE');
#1331 = EDGE_CURVE ( 'NONE', #394, #2048, #1433, .T. ) ;
#1332 = AXIS2_PLACEMENT_3D ( 'NONE', #1624, #3415, #2490 ) ;
#1333 = AXIS2_PLACEMENT_3D ( 'NONE', #2224, #3468, #3783 ) ;
#1334 = ORIENTED_EDGE ( 'NONE', *, *, #740, .F. ) ;
#1335 = CARTESIAN_POINT ( 'NONE',  ( -1.405902292668247844, 24.39999999999999858, -0.5309742009670326279 ) ) ;
#1336 = FACE_OUTER_BOUND ( 'NONE', #2927, .T. ) ;
#1337 = CYLINDRICAL_SURFACE ( 'NONE', #3764, 10.90000000000000036 ) ;
#1338 = SURFACE_STYLE_FILL_AREA ( #1434 ) ;
#1339 = CARTESIAN_POINT ( 'NONE',  ( -15.09049266094379682, 2.500000000000000000, -11.41250000000006892 ) ) ;
#1340 = ORIENTED_EDGE ( 'NONE', *, *, #3762, .T. ) ;
#1341 = CARTESIAN_POINT ( 'NONE',  ( 2.544026408265383843, 38.25000000000000000, 10.07098390206747851 ) ) ;
#1342 = CARTESIAN_POINT ( 'NONE',  ( 0.8715574274765832685, 28.24999999999999645, 9.561946980917456429 ) ) ;
#1343 = DIRECTION ( 'NONE',  ( 0.000000000000000000, 0.000000000000000000, -1.000000000000000000 ) ) ;
#1344 = FACE_BOUND ( 'NONE', #2750, .T. ) ;
#1345 = CARTESIAN_POINT ( 'NONE',  ( 1.738004324169895476, 28.24999999999999645, -9.847808942560101642 ) ) ;
#1346 = FILL_AREA_STYLE ('',( #136 ) ) ;
#1347 = FILL_AREA_STYLE_COLOUR ( '', #993 ) ;
#1348 = COLOUR_RGB ( '',1.000000000000000000, 0.5764705882352940680, 0.000000000000000000 ) ;
#1349 = DIRECTION ( 'NONE',  ( 0.000000000000000000, 1.000000000000000000, 0.000000000000000000 ) ) ;
#1350 = EDGE_CURVE ( 'NONE', #2956, #2366, #1567, .T. ) ;
#1351 = EDGE_LOOP ( 'NONE', ( #994, #1821, #1209, #3458 ) ) ;
#1352 = CYLINDRICAL_SURFACE ( 'NONE', #591, 3.899999999999999467 ) ;
#1353 = AXIS2_PLACEMENT_3D ( 'NONE', #3635, #939, #647 ) ;
#1354 = FILL_AREA_STYLE_COLOUR ( '', #729 ) ;
#1355 =( LENGTH_UNIT ( ) NAMED_UNIT ( * ) SI_UNIT ( .MILLI., .METRE. ) );
#1356 = ORIENTED_EDGE ( 'NONE', *, *, #2353, .T. ) ;
#1357 = MECHANICAL_DESIGN_GEOMETRIC_PRESENTATION_REPRESENTATION (  '', ( #1847 ), #2088 ) ;
#1358 = AXIS2_PLACEMENT_3D ( 'NONE', #1291, #1271, #3126 ) ;
#1359 = CIRCLE ( 'NONE', #3812, 0.3999999999999993006 ) ;
#1360 = DIRECTION ( 'NONE',  ( 0.000000000000000000, 0.000000000000000000, 1.000000000000000000 ) ) ;
#1361 = FACE_OUTER_BOUND ( 'NONE', #2513, .T. ) ;
#1362 = FACE_BOUND ( 'NONE', #601, .T. ) ;
#1363 = PRESENTATION_LAYER_ASSIGNMENT (  '', '', ( #2924 ) ) ;
#1364 = PRODUCT_DEFINITION_CONTEXT ( 'detailed design', #2601, 'design' ) ;
#1365 = DIRECTION ( 'NONE',  ( -0.000000000000000000, -1.000000000000000000, -0.000000000000000000 ) ) ;
#1366 =( NAMED_UNIT ( * ) SI_UNIT ( $, .STERADIAN. ) SOLID_ANGLE_UNIT ( ) );
#1367 = PLANE ( 'NONE',  #3778 ) ;
#1368 = AXIS2_PLACEMENT_3D ( 'NONE', #1112, #3647, #2081 ) ;
#1369 =( NAMED_UNIT ( * ) SI_UNIT ( $, .STERADIAN. ) SOLID_ANGLE_UNIT ( ) );
#1370 = STYLED_ITEM ( 'NONE', ( #91 ), #3738 ) ;
#1371 = COLOUR_RGB ( '',1.000000000000000000, 1.000000000000000000, 0.000000000000000000 ) ;
#1372 = ORIENTED_EDGE ( 'NONE', *, *, #812, .F. ) ;
#1373 = DIRECTION ( 'NONE',  ( 0.000000000000000000, 0.000000000000000000, -1.000000000000000000 ) ) ;
#1374 = EDGE_CURVE ( 'NONE', #1945, #57, #1173, .T. ) ;
#1375 = EDGE_CURVE ( 'NONE', #1854, #1630, #3390, .T. ) ;
#1376 =( NAMED_UNIT ( * ) SI_UNIT ( $, .STERADIAN. ) SOLID_ANGLE_UNIT ( ) );
#1377 = SURFACE_STYLE_USAGE ( .BOTH. , #1976 ) ;
#1378 = ORIENTED_EDGE ( 'NONE', *, *, #2499, .F. ) ;
#1379 = CARTESIAN_POINT ( 'NONE',  ( -0.5553116310352962381, 9.400000000000000355, 1.313679779901635536 ) ) ;
#1380 = EDGE_CURVE ( 'NONE', #865, #1499, #2025, .T. ) ;
#1381 = LINE ( 'NONE', #3790, #445 ) ;
#1382 = ORIENTED_EDGE ( 'NONE', *, *, #438, .F. ) ;
#1383 = FACE_OUTER_BOUND ( 'NONE', #1769, .T. ) ;
#1384 = SURFACE_SIDE_STYLE ('',( #178 ) ) ;
#1385 =( GEOMETRIC_REPRESENTATION_CONTEXT ( 3 ) GLOBAL_UNCERTAINTY_ASSIGNED_CONTEXT ( ( #1457 ) ) GLOBAL_UNIT_ASSIGNED_CONTEXT ( ( #3702, #2177, #1921 ) ) REPRESENTATION_CONTEXT ( 'NONE', 'WORKASPACE' ) );
#1386 = CARTESIAN_POINT ( 'NONE',  ( 0.000000000000000000, 28.24999999999999645, -10.90000000000000036 ) ) ;
#1387 = AXIS2_PLACEMENT_3D ( 'NONE', #338, #3119, #1551 ) ;
#1388 = EDGE_LOOP ( 'NONE', ( #3835, #2094, #783, #1559 ) ) ;
#1389 = CARTESIAN_POINT ( 'NONE',  ( 0.000000000000000000, 9.400000000000000355, 0.000000000000000000 ) ) ;
#1390 = CIRCLE ( 'NONE', #3789, 0.4000000000000000222 ) ;
#1391 =( LENGTH_UNIT ( ) NAMED_UNIT ( * ) SI_UNIT ( .MILLI., .METRE. ) );
#1392 = FACE_OUTER_BOUND ( 'NONE', #3499, .T. ) ;
#1393 = ORIENTED_EDGE ( 'NONE', *, *, #1840, .F. ) ;
#1394 = CIRCLE ( 'NONE', #1714, 0.4000000000000010214 ) ;
#1395 = EDGE_CURVE ( 'NONE', #796, #1059, #2159, .T. ) ;
#1396 = CARTESIAN_POINT ( 'NONE',  ( 1.044608899179063410, 24.39999999999999858, 1.308636607695468745 ) ) ;
#1397 =( NAMED_UNIT ( * ) PLANE_ANGLE_UNIT ( ) SI_UNIT ( $, .RADIAN. ) );
#1398 = LINE ( 'NONE', #1659, #3786 ) ;
#1399 = ORIENTED_EDGE ( 'NONE', *, *, #2743, .T. ) ;
#1400 = EDGE_CURVE ( 'NONE', #1059, #796, #2682, .T. ) ;
#1401 = CARTESIAN_POINT ( 'NONE',  ( 0.000000000000000000, 2.500000000000000000, 17.42499999999999716 ) ) ;
#1402 = CARTESIAN_POINT ( 'NONE',  ( 0.000000000000000000, 24.39999999999999858, 0.000000000000000000 ) ) ;
#1403 = CARTESIAN_POINT ( 'NONE',  ( -1.702137580665993966, 38.25000000000000000, 9.854071628341479538 ) ) ;
#1404 = FILL_AREA_STYLE ('',( #1347 ) ) ;
#1405 = CARTESIAN_POINT ( 'NONE',  ( -0.8715574274765833795, 38.25000000000000000, 9.561946980917456429 ) ) ;
#1406 = FILL_AREA_STYLE_COLOUR ( '', #2827 ) ;
#1407 = COLOUR_RGB ( '',0.2509803921568627416, 0.2509803921568627416, 0.2509803921568627416 ) ;
#1408 = ORIENTED_EDGE ( 'NONE', *, *, #504, .T. ) ;
#1409 = DIRECTION ( 'NONE',  ( -0.000000000000000000, -1.000000000000000000, -0.000000000000000000 ) ) ;
#1410 = SURFACE_STYLE_FILL_AREA ( #2649 ) ;
#1411 = AXIS2_PLACEMENT_3D ( 'NONE', #3366, #107, #26 ) ;
#1412 = FACE_BOUND ( 'NONE', #1235, .T. ) ;
#1413 = ORIENTED_EDGE ( 'NONE', *, *, #2841, .T. ) ;
#1414 = ORIENTED_EDGE ( 'NONE', *, *, #3427, .T. ) ;
#1415 = AXIS2_PLACEMENT_3D ( 'NONE', #2146, #959, #2739 ) ;
#1416 = DIRECTION ( 'NONE',  ( 0.000000000000000000, 1.000000000000000000, 0.000000000000000000 ) ) ;
#1417 = FILL_AREA_STYLE ('',( #2629 ) ) ;
#1418 = STYLED_ITEM ( 'NONE', ( #3886 ), #435 ) ;
#1419 = DIRECTION ( 'NONE',  ( 0.000000000000000000, 0.000000000000000000, -1.000000000000000000 ) ) ;
#1420 = ORIENTED_EDGE ( 'NONE', *, *, #2046, .T. ) ;
#1421 = AXIS2_PLACEMENT_3D ( 'NONE', #1308, #400, #3363 ) ;
#1422 = LINE ( 'NONE', #835, #1297 ) ;
#1423 =( NAMED_UNIT ( * ) SI_UNIT ( $, .STERADIAN. ) SOLID_ANGLE_UNIT ( ) );
#1424 = DIRECTION ( 'NONE',  ( 0.000000000000000000, 1.000000000000000000, 0.000000000000000000 ) ) ;
#1425 = EDGE_CURVE ( 'NONE', #354, #240, #204, .T. ) ;
#1426 =( GEOMETRIC_REPRESENTATION_CONTEXT ( 3 ) GLOBAL_UNCERTAINTY_ASSIGNED_CONTEXT ( ( #1901 ) ) GLOBAL_UNIT_ASSIGNED_CONTEXT ( ( #3355, #1572, #3115 ) ) REPRESENTATION_CONTEXT ( 'NONE', 'WORKASPACE' ) );
#1427 = ADVANCED_FACE ( 'NONE', ( #872 ), #1999, .T. ) ;
#1428 = PLANE ( 'NONE',  #1055 ) ;
#1429 = ORIENTED_EDGE ( 'NONE', *, *, #3520, .F. ) ;
#1430 = FACE_OUTER_BOUND ( 'NONE', #603, .T. ) ;
#1431 =( GEOMETRIC_REPRESENTATION_CONTEXT ( 3 ) GLOBAL_UNCERTAINTY_ASSIGNED_CONTEXT ( ( #425 ) ) GLOBAL_UNIT_ASSIGNED_CONTEXT ( ( #2945, #327, #85 ) ) REPRESENTATION_CONTEXT ( 'NONE', 'WORKASPACE' ) );
#1432 = FACE_OUTER_BOUND ( 'NONE', #3301, .T. ) ;
#1433 = CIRCLE ( 'NONE', #3254, 3.899999999999999467 ) ;
#1434 = FILL_AREA_STYLE ('',( #1406 ) ) ;
#1435 = PRESENTATION_LAYER_ASSIGNMENT (  '', '', ( #2360 ) ) ;
#1436 = ORIENTED_EDGE ( 'NONE', *, *, #2651, .T. ) ;
#1437 = FILL_AREA_STYLE_COLOUR ( '', #1158 ) ;
#1438 = SURFACE_SIDE_STYLE ('',( #3606 ) ) ;
#1439 = COLOUR_RGB ( '',0.4862745098039215619, 0.2352941176470588203, 0.01568627450980392135 ) ;
#1440 = ORIENTED_EDGE ( 'NONE', *, *, #3061, .F. ) ;
#1441 = VERTEX_POINT ( 'NONE', #787 ) ;
#1442 = CIRCLE ( 'NONE', #1180, 0.3999999999999993006 ) ;
#1443 =( GEOMETRIC_REPRESENTATION_CONTEXT ( 3 ) GLOBAL_UNCERTAINTY_ASSIGNED_CONTEXT ( ( #578 ) ) GLOBAL_UNIT_ASSIGNED_CONTEXT ( ( #1906, #689, #723 ) ) REPRESENTATION_CONTEXT ( 'NONE', 'WORKASPACE' ) );
#1444 = FILL_AREA_STYLE ('',( #1153 ) ) ;
#1445 = CARTESIAN_POINT ( 'NONE',  ( 0.000000000000000000, 2.694222958124177006E-16, 14.72499999999999609 ) ) ;
#1446 = AXIS2_PLACEMENT_3D ( 'NONE', #3283, #258, #2720 ) ;
#1447 = FILL_AREA_STYLE_COLOUR ( '', #255 ) ;
#1448 = EDGE_LOOP ( 'NONE', ( #1867, #1130, #894, #260 ) ) ;
#1449 = FILL_AREA_STYLE_COLOUR ( '', #2539 ) ;
#1450 = DIRECTION ( 'NONE',  ( 0.000000000000000000, 0.000000000000000000, -1.000000000000000000 ) ) ;
#1451 = CARTESIAN_POINT ( 'NONE',  ( 0.3525766757920597572, 24.39999999999999858, -0.7458650599722584928 ) ) ;
#1452 = FACE_OUTER_BOUND ( 'NONE', #3710, .T. ) ;
#1453 = ORIENTED_EDGE ( 'NONE', *, *, #481, .T. ) ;
#1454 = CARTESIAN_POINT ( 'NONE',  ( 0.000000000000000000, 38.25000000000000000, -10.00000000000000000 ) ) ;
#1455 = EDGE_CURVE ( 'NONE', #11, #862, #3511, .T. ) ;
#1456 = CARTESIAN_POINT ( 'NONE',  ( -1.270887901932856501, 24.39999999999999858, -1.150332851019216340 ) ) ;
#1457 = UNCERTAINTY_MEASURE_WITH_UNIT (LENGTH_MEASURE( 1.000000000000000082E-05 ), #3702, 'distance_accuracy_value', 'NONE');
#1458 = FACE_OUTER_BOUND ( 'NONE', #1046, .T. ) ;
#1459 = ADVANCED_FACE ( 'NONE', ( #3822 ), #3270, .T. ) ;
#1460 = EDGE_LOOP ( 'NONE', ( #1813, #958 ) ) ;
#1461 = FACE_OUTER_BOUND ( 'NONE', #942, .T. ) ;
#1462 = CIRCLE ( 'NONE', #249, 9.599999999999999645 ) ;
#1463 = CARTESIAN_POINT ( 'NONE',  ( -1.270887901932856501, 24.39999999999999858, -1.150332851019216340 ) ) ;
#1464 = VERTEX_POINT ( 'NONE', #1214 ) ;
#1465 = CARTESIAN_POINT ( 'NONE',  ( 0.000000000000000000, 2.500000000000000000, 0.000000000000000000 ) ) ;
#1466 = FILL_AREA_STYLE ('',( #1528 ) ) ;
#1467 = ORIENTED_EDGE ( 'NONE', *, *, #2586, .F. ) ;
#1468 = DIRECTION ( 'NONE',  ( 0.000000000000000000, 0.000000000000000000, -1.000000000000000000 ) ) ;
#1469 = DIRECTION ( 'NONE',  ( -0.000000000000000000, -1.000000000000000000, -0.000000000000000000 ) ) ;
#1470 = EDGE_LOOP ( 'NONE', ( #2603, #1518, #2491, #3688 ) ) ;
#1471 = DIRECTION ( 'NONE',  ( 0.000000000000000000, 0.000000000000000000, 1.000000000000000000 ) ) ;
#1472 = STYLED_ITEM ( 'NONE', ( #3141 ), #3562 ) ;
#1473 = ORIENTED_EDGE ( 'NONE', *, *, #3489, .F. ) ;
#1474 = PRESENTATION_STYLE_ASSIGNMENT (( #2068 ) ) ;
#1475 = CARTESIAN_POINT ( 'NONE',  ( 1.240379765745380114, 24.39999999999999858, -0.7458650599722584928 ) ) ;
#1476 = DIRECTION ( 'NONE',  ( 0.000000000000000000, 1.000000000000000000, 0.000000000000000000 ) ) ;
#1477 = EDGE_LOOP ( 'NONE', ( #3091, #2652 ) ) ;
#1478 = DIRECTION ( 'NONE',  ( -0.000000000000000000, -1.000000000000000000, -0.000000000000000000 ) ) ;
#1479 = CYLINDRICAL_SURFACE ( 'NONE', #3502, 2.699999999999997513 ) ;
#1480 = SURFACE_STYLE_USAGE ( .BOTH. , #1252 ) ;
#1481 = DIRECTION ( 'NONE',  ( 0.000000000000000000, 0.000000000000000000, -1.000000000000000000 ) ) ;
#1482 = EDGE_CURVE ( 'NONE', #712, #3451, #330, .T. ) ;
#1483 = ORIENTED_EDGE ( 'NONE', *, *, #1586, .T. ) ;
#1484 = CIRCLE ( 'NONE', #2912, 4.750000000000000000 ) ;
#1485 = DIRECTION ( 'NONE',  ( 0.000000000000000000, 0.000000000000000000, 1.000000000000000000 ) ) ;
#1486 = DIRECTION ( 'NONE',  ( -0.000000000000000000, -1.000000000000000000, -0.000000000000000000 ) ) ;
#1487 = PLANE ( 'NONE',  #3417 ) ;
#1488 = ORIENTED_EDGE ( 'NONE', *, *, #3860, .T. ) ;
#1489 = CARTESIAN_POINT ( 'NONE',  ( 1.738004324169895476, 38.25000000000000000, -9.847808942560101642 ) ) ;
#1490 = PRESENTATION_LAYER_ASSIGNMENT (  '', '', ( #964 ) ) ;
#1491 =( GEOMETRIC_REPRESENTATION_CONTEXT ( 3 ) GLOBAL_UNCERTAINTY_ASSIGNED_CONTEXT ( ( #3340 ) ) GLOBAL_UNIT_ASSIGNED_CONTEXT ( ( #966, #1598, #1891 ) ) REPRESENTATION_CONTEXT ( 'NONE', 'WORKASPACE' ) );
#1492 =( NAMED_UNIT ( * ) SI_UNIT ( $, .STERADIAN. ) SOLID_ANGLE_UNIT ( ) );
#1493 = FACE_OUTER_BOUND ( 'NONE', #3524, .T. ) ;
#1494 = SURFACE_SIDE_STYLE ('',( #17 ) ) ;
#1495 = ORIENTED_EDGE ( 'NONE', *, *, #2715, .F. ) ;
#1496 = SURFACE_SIDE_STYLE ('',( #3556 ) ) ;
#1497 = UNCERTAINTY_MEASURE_WITH_UNIT (LENGTH_MEASURE( 1.000000000000000082E-05 ), #2007, 'distance_accuracy_value', 'NONE');
#1498 = CIRCLE ( 'NONE', #2810, 0.3999999999999999667 ) ;
#1499 = VERTEX_POINT ( 'NONE', #2160 ) ;
#1500 = CARTESIAN_POINT ( 'NONE',  ( 1.044608899179063410, 24.39999999999999858, 0.5086366076954685900 ) ) ;
#1501 = COLOUR_RGB ( '',0.5019607843137254832, 0.5019607843137254832, 1.000000000000000000 ) ;
#1502 = DIRECTION ( 'NONE',  ( 0.000000000000000000, 0.000000000000000000, 1.000000000000000000 ) ) ;
#1503 = AXIS2_PLACEMENT_3D ( 'NONE', #1250, #3665, #945 ) ;
#1504 = EDGE_CURVE ( 'NONE', #2669, #333, #2613, .T. ) ;
#1505 = EDGE_LOOP ( 'NONE', ( #2412, #1958, #3853, #2892 ) ) ;
#1506 = ADVANCED_FACE ( 'NONE', ( #1804 ), #585, .T. ) ;
#1507 = CARTESIAN_POINT ( 'NONE',  ( 0.000000000000000000, 0.000000000000000000, 0.000000000000000000 ) ) ;
#1508 = DIRECTION ( 'NONE',  ( 0.000000000000000000, 0.000000000000000000, 1.000000000000000000 ) ) ;
#1509 = CARTESIAN_POINT ( 'NONE',  ( -0.5553116310352962381, 9.400000000000000355, 1.313679779901635536 ) ) ;
#1510 = ORIENTED_EDGE ( 'NONE', *, *, #3769, .T. ) ;
#1511 = CIRCLE ( 'NONE', #3258, 0.3999999999999993006 ) ;
#1512 =( LENGTH_UNIT ( ) NAMED_UNIT ( * ) SI_UNIT ( .MILLI., .METRE. ) );
#1513 = PRESENTATION_LAYER_ASSIGNMENT (  '', '', ( #3829 ) ) ;
#1514 = CARTESIAN_POINT ( 'NONE',  ( -1.405902292668247844, 24.39999999999999858, -0.5309742009670327390 ) ) ;
#1515 = ADVANCED_FACE ( 'NONE', ( #2707, #2727 ), #2405, .F. ) ;
#1516 = STYLED_ITEM ( 'NONE', ( #3726 ), #3078 ) ;
#1517 = CIRCLE ( 'NONE', #790, 2.699999999999997513 ) ;
#1518 = ORIENTED_EDGE ( 'NONE', *, *, #3014, .T. ) ;
#1519 = PLANE ( 'NONE',  #2212 ) ;
#1520 =( NAMED_UNIT ( * ) PLANE_ANGLE_UNIT ( ) SI_UNIT ( $, .RADIAN. ) );
#1521 = VERTEX_POINT ( 'NONE', #32 ) ;
#1522 = DIRECTION ( 'NONE',  ( 0.000000000000000000, 0.000000000000000000, 1.000000000000000000 ) ) ;
#1523 = SURFACE_STYLE_USAGE ( .BOTH. , #1438 ) ;
#1524 = ITEM_DEFINED_TRANSFORMATION ( 'NONE', 'NONE', #1185,  #1446 ) ;
#1525 = CYLINDRICAL_SURFACE ( 'NONE', #916, 8.099999999999999645 ) ;
#1526 = VERTEX_POINT ( 'NONE', #950 ) ;
#1527 = CIRCLE ( 'NONE', #2837, 0.4000000000000010214 ) ;
#1528 = FILL_AREA_STYLE_COLOUR ( '', #1196 ) ;
#1529 = VERTEX_POINT ( 'NONE', #3329 ) ;
#1530 = CIRCLE ( 'NONE', #3599, 0.3999999999999993006 ) ;
#1531 =( NAMED_UNIT ( * ) PLANE_ANGLE_UNIT ( ) SI_UNIT ( $, .RADIAN. ) );
#1532 = SURFACE_STYLE_FILL_AREA ( #2410 ) ;
#1533 = CIRCLE ( 'NONE', #3849, 0.4000000000000000777 ) ;
#1534 = DIRECTION ( 'NONE',  ( 0.000000000000000000, 0.000000000000000000, 1.000000000000000000 ) ) ;
#1535 = FILL_AREA_STYLE_COLOUR ( '', #3721 ) ;
#1536 = ORIENTED_EDGE ( 'NONE', *, *, #265, .T. ) ;
#1537 = ADVANCED_FACE ( 'NONE', ( #1277 ), #1233, .T. ) ;
#1538 = VECTOR ( 'NONE', #1034, 1000.000000000000000 ) ;
#1539 = UNCERTAINTY_MEASURE_WITH_UNIT (LENGTH_MEASURE( 1.000000000000000082E-05 ), #800, 'distance_accuracy_value', 'NONE');
#1540 =( NAMED_UNIT ( * ) SI_UNIT ( $, .STERADIAN. ) SOLID_ANGLE_UNIT ( ) );
#1541 = CARTESIAN_POINT ( 'NONE',  ( 0.000000000000000000, 2.500000000000000000, 17.42499999999999716 ) ) ;
#1542 = ORIENTED_EDGE ( 'NONE', *, *, #812, .T. ) ;
#1543 = SHAPE_DEFINITION_REPRESENTATION ( #480, #2092 ) ;
#1544 = CARTESIAN_POINT ( 'NONE',  ( 0.000000000000000000, 28.24999999999999645, 10.00000000000000000 ) ) ;
#1545 =( LENGTH_UNIT ( ) NAMED_UNIT ( * ) SI_UNIT ( .MILLI., .METRE. ) );
#1546 = DIRECTION ( 'NONE',  ( 0.000000000000000000, 1.000000000000000000, 0.000000000000000000 ) ) ;
#1547 = EDGE_LOOP ( 'NONE', ( #871, #366, #5, #3284 ) ) ;
#1548 = CYLINDRICAL_SURFACE ( 'NONE', #2604, 0.3999999999999993006 ) ;
#1549 = CARTESIAN_POINT ( 'NONE',  ( 0.000000000000000000, 2.500000000000000000, 0.000000000000000000 ) ) ;
#1550 =( GEOMETRIC_REPRESENTATION_CONTEXT ( 3 ) GLOBAL_UNCERTAINTY_ASSIGNED_CONTEXT ( ( #3811 ) ) GLOBAL_UNIT_ASSIGNED_CONTEXT ( ( #3152, #2239, #746 ) ) REPRESENTATION_CONTEXT ( 'NONE', 'WORKASPACE' ) );
#1551 = DIRECTION ( 'NONE',  ( 0.000000000000000000, 0.000000000000000000, 1.000000000000000000 ) ) ;
#1552 = ORIENTED_EDGE ( 'NONE', *, *, #2862, .F. ) ;
#1553 = ADVANCED_FACE ( 'NONE', ( #991 ), #3725, .T. ) ;
#1554 = EDGE_CURVE ( 'NONE', #3662, #1948, #1632, .T. ) ;
#1555 = SURFACE_STYLE_USAGE ( .BOTH. , #2359 ) ;
#1556 = DIRECTION ( 'NONE',  ( 0.000000000000000000, 0.000000000000000000, 1.000000000000000000 ) ) ;
#1557 = AXIS2_PLACEMENT_3D ( 'NONE', #1489, #3251, #1786 ) ;
#1558 = PRESENTATION_LAYER_ASSIGNMENT (  '', '', ( #1030 ) ) ;
#1559 = ORIENTED_EDGE ( 'NONE', *, *, #3472, .T. ) ;
#1560 = EDGE_CURVE ( 'NONE', #3525, #285, #727, .T. ) ;
#1561 = SURFACE_SIDE_STYLE ('',( #346 ) ) ;
#1562 = VECTOR ( 'NONE', #2187, 1000.000000000000000 ) ;
#1563 = CARTESIAN_POINT ( 'NONE',  ( -1.270887901932856501, 24.39999999999999858, -1.150332851019216340 ) ) ;
#1564 = AXIS2_PLACEMENT_3D ( 'NONE', #926, #3324, #2462 ) ;
#1565 = ORIENTED_EDGE ( 'NONE', *, *, #286, .T. ) ;
#1566 = DIRECTION ( 'NONE',  ( 0.000000000000000000, -1.000000000000000000, 0.000000000000000000 ) ) ;
#1567 = CIRCLE ( 'NONE', #2031, 10.90000000000000036 ) ;
#1568 = DIRECTION ( 'NONE',  ( 0.000000000000000000, 0.000000000000000000, 1.000000000000000000 ) ) ;
#1569 = DIRECTION ( 'NONE',  ( 0.000000000000000000, 1.000000000000000000, 0.000000000000000000 ) ) ;
#1570 = ORIENTED_EDGE ( 'NONE', *, *, #555, .T. ) ;
#1571 = SURFACE_STYLE_USAGE ( .BOTH. , #1137 ) ;
#1572 =( NAMED_UNIT ( * ) PLANE_ANGLE_UNIT ( ) SI_UNIT ( $, .RADIAN. ) );
#1573 = PRESENTATION_LAYER_ASSIGNMENT (  '', '', ( #606 ) ) ;
#1574 = DIRECTION ( 'NONE',  ( -0.000000000000000000, -1.000000000000000000, -0.000000000000000000 ) ) ;
#1575 = VECTOR ( 'NONE', #1234, 1000.000000000000000 ) ;
#1576 = MECHANICAL_DESIGN_GEOMETRIC_PRESENTATION_REPRESENTATION (  '', ( #3829 ), #2297 ) ;
#1577 = FILL_AREA_STYLE_COLOUR ( '', #3474 ) ;
#1578 = EDGE_LOOP ( 'NONE', ( #3416, #3207, #3040, #1495 ) ) ;
#1579 = CARTESIAN_POINT ( 'NONE',  ( 0.8232053680170706711, 24.39999999999999858, 0.05438678210631212040 ) ) ;
#1580 =( NAMED_UNIT ( * ) SI_UNIT ( $, .STERADIAN. ) SOLID_ANGLE_UNIT ( ) );
#1581 = ADVANCED_FACE ( 'NONE', ( #2562 ), #1337, .T. ) ;
#1582 = VERTEX_POINT ( 'NONE', #163 ) ;
#1583 = PRESENTATION_STYLE_ASSIGNMENT (( #3083 ) ) ;
#1584 = UNCERTAINTY_MEASURE_WITH_UNIT (LENGTH_MEASURE( 1.000000000000000082E-05 ), #1057, 'distance_accuracy_value', 'NONE');
#1585 = SURFACE_STYLE_FILL_AREA ( #675 ) ;
#1586 = EDGE_CURVE ( 'NONE', #2132, #3100, #3782, .T. ) ;
#1587 =( GEOMETRIC_REPRESENTATION_CONTEXT ( 3 ) GLOBAL_UNCERTAINTY_ASSIGNED_CONTEXT ( ( #798 ) ) GLOBAL_UNIT_ASSIGNED_CONTEXT ( ( #494, #2593, #423 ) ) REPRESENTATION_CONTEXT ( 'NONE', 'WORKASPACE' ) );
#1588 = ORIENTED_EDGE ( 'NONE', *, *, #1482, .F. ) ;
#1589 = FILL_AREA_STYLE_COLOUR ( '', #3770 ) ;
#1590 = ORIENTED_EDGE ( 'NONE', *, *, #1182, .F. ) ;
#1591 = AXIS2_PLACEMENT_3D ( 'NONE', #1845, #1612, #1003 ) ;
#1592 = DIRECTION ( 'NONE',  ( 0.000000000000000000, 0.000000000000000000, -1.000000000000000000 ) ) ;
#1593 = FILL_AREA_STYLE_COLOUR ( '', #1009 ) ;
#1594 = CIRCLE ( 'NONE', #1387, 0.4000000000000005218 ) ;
#1595 = ORIENTED_EDGE ( 'NONE', *, *, #3008, .T. ) ;
#1596 = CARTESIAN_POINT ( 'NONE',  ( 0.000000000000000000, 2.694222958124177006E-16, 17.42499999999999716 ) ) ;
#1597 = AXIS2_PLACEMENT_3D ( 'NONE', #3272, #2348, #1135 ) ;
#1598 =( NAMED_UNIT ( * ) PLANE_ANGLE_UNIT ( ) SI_UNIT ( $, .RADIAN. ) );
#1599 =( NAMED_UNIT ( * ) PLANE_ANGLE_UNIT ( ) SI_UNIT ( $, .RADIAN. ) );
#1600 = ORIENTED_EDGE ( 'NONE', *, *, #1066, .T. ) ;
#1601 = FACE_OUTER_BOUND ( 'NONE', #2002, .T. ) ;
#1602 = EDGE_CURVE ( 'NONE', #1791, #3049, #2032, .T. ) ;
#1603 = DIRECTION ( 'NONE',  ( 0.000000000000000000, 0.000000000000000000, -1.000000000000000000 ) ) ;
#1604 = DIRECTION ( 'NONE',  ( -0.000000000000000000, -1.000000000000000000, -0.000000000000000000 ) ) ;
#1605 = ORIENTED_EDGE ( 'NONE', *, *, #2651, .F. ) ;
#1606 = DIRECTION ( 'NONE',  ( 0.000000000000000000, -0.000000000000000000, 1.000000000000000000 ) ) ;
#1607 = CARTESIAN_POINT ( 'NONE',  ( 0.8232053680170706711, 24.39999999999999858, 0.05438678210631212040 ) ) ;
#1608 = EDGE_LOOP ( 'NONE', ( #1408, #2585 ) ) ;
#1609 = FACE_OUTER_BOUND ( 'NONE', #1505, .T. ) ;
#1610 = SURFACE_SIDE_STYLE ('',( #2570 ) ) ;
#1611 = AXIS2_PLACEMENT_3D ( 'NONE', #2611, #3828, #1116 ) ;
#1612 = DIRECTION ( 'NONE',  ( -0.000000000000000000, -1.000000000000000000, -0.000000000000000000 ) ) ;
#1613 = SURFACE_STYLE_USAGE ( .BOTH. , #382 ) ;
#1614 =( GEOMETRIC_REPRESENTATION_CONTEXT ( 3 ) GLOBAL_UNCERTAINTY_ASSIGNED_CONTEXT ( ( #2166 ) ) GLOBAL_UNIT_ASSIGNED_CONTEXT ( ( #19, #1868, #321 ) ) REPRESENTATION_CONTEXT ( 'NONE', 'WORKASPACE' ) );
#1615 = CARTESIAN_POINT ( 'NONE',  ( -0.8715574274765833795, 38.25000000000000000, 9.961946980917456784 ) ) ;
#1616 =( LENGTH_UNIT ( ) NAMED_UNIT ( * ) SI_UNIT ( .MILLI., .METRE. ) );
#1617 = APPLICATION_CONTEXT ( 'automotive_design' ) ;
#1618 = ORIENTED_EDGE ( 'NONE', *, *, #580, .F. ) ;
#1619 = FILL_AREA_STYLE ('',( #1910 ) ) ;
#1620 = CIRCLE ( 'NONE', #537, 0.3999999999999993006 ) ;
#1621 = MECHANICAL_DESIGN_GEOMETRIC_PRESENTATION_REPRESENTATION (  '', ( #3439 ), #3054 ) ;
#1622 = SURFACE_STYLE_USAGE ( .BOTH. , #2295 ) ;
#1623 = AXIS2_PLACEMENT_3D ( 'NONE', #2819, #118, #432 ) ;
#1624 = CARTESIAN_POINT ( 'NONE',  ( 0.000000000000000000, 8.900000000000000355, 3.399999999999999467 ) ) ;
#1625 = VERTEX_POINT ( 'NONE', #3740 ) ;
#1626 = ADVANCED_FACE ( 'NONE', ( #408 ), #2222, .T. ) ;
#1627 = CIRCLE ( 'NONE', #44, 2.699999999999996625 ) ;
#1628 = CARTESIAN_POINT ( 'NONE',  ( 0.000000000000000000, 1.600000000000000089, -8.099999999999999645 ) ) ;
#1629 = DIRECTION ( 'NONE',  ( -0.000000000000000000, -1.000000000000000000, -0.000000000000000000 ) ) ;
#1630 = VERTEX_POINT ( 'NONE', #1961 ) ;
#1631 = CYLINDRICAL_SURFACE ( 'NONE', #2597, 0.3999999999999999667 ) ;
#1632 = CIRCLE ( 'NONE', #3637, 0.4000000000000010214 ) ;
#1633 = EDGE_CURVE ( 'NONE', #14, #2067, #673, .T. ) ;
#1634 = SURFACE_STYLE_USAGE ( .BOTH. , #420 ) ;
#1635 = AXIS2_PLACEMENT_3D ( 'NONE', #1563, #3899, #2748 ) ;
#1636 = PRESENTATION_STYLE_ASSIGNMENT (( #1307 ) ) ;
#1637 = PRESENTATION_STYLE_ASSIGNMENT (( #1613 ) ) ;
#1638 = PLANE ( 'NONE',  #2694 ) ;
#1639 = ORIENTED_EDGE ( 'NONE', *, *, #1830, .T. ) ;
#1640 = CYLINDRICAL_SURFACE ( 'NONE', #2080, 0.4000000000000000777 ) ;
#1641 =( LENGTH_UNIT ( ) NAMED_UNIT ( * ) SI_UNIT ( .MILLI., .METRE. ) );
#1642 =( NAMED_UNIT ( * ) SI_UNIT ( $, .STERADIAN. ) SOLID_ANGLE_UNIT ( ) );
#1643 =( NAMED_UNIT ( * ) PLANE_ANGLE_UNIT ( ) SI_UNIT ( $, .RADIAN. ) );
#1644 = ORIENTED_EDGE ( 'NONE', *, *, #1633, .T. ) ;
#1645 = DIRECTION ( 'NONE',  ( -0.000000000000000000, -1.000000000000000000, -0.000000000000000000 ) ) ;
#1646 = LINE ( 'NONE', #2583, #1653 ) ;
#1647 = CYLINDRICAL_SURFACE ( 'NONE', #127, 0.3999999999999999667 ) ;
#1648 = DIRECTION ( 'NONE',  ( -0.000000000000000000, -1.000000000000000000, -0.000000000000000000 ) ) ;
#1649 = EDGE_CURVE ( 'NONE', #613, #948, #3197, .T. ) ;
#1650 = DIRECTION ( 'NONE',  ( 0.000000000000000000, 1.000000000000000000, 0.000000000000000000 ) ) ;
#1651 = CIRCLE ( 'NONE', #3213, 0.3999999999999993006 ) ;
#1652 = CIRCLE ( 'NONE', #323, 2.699999999999995737 ) ;
#1653 = VECTOR ( 'NONE', #3509, 1000.000000000000000 ) ;
#1654 = VERTEX_POINT ( 'NONE', #3187 ) ;
#1655 = SURFACE_STYLE_FILL_AREA ( #114 ) ;
#1656 = VERTEX_POINT ( 'NONE', #2579 ) ;
#1657 = CARTESIAN_POINT ( 'NONE',  ( 1.044608899179063410, 24.39999999999999858, 0.9086366076954687232 ) ) ;
#1658 = DIRECTION ( 'NONE',  ( 0.000000000000000000, 1.000000000000000000, 0.000000000000000000 ) ) ;
#1659 = CARTESIAN_POINT ( 'NONE',  ( 1.738004324169895476, 38.25000000000000000, 9.447808942560101286 ) ) ;
#1660 = SURFACE_STYLE_USAGE ( .BOTH. , #3193 ) ;
#1661 = ORIENTED_EDGE ( 'NONE', *, *, #3454, .T. ) ;
#1662 =( NAMED_UNIT ( * ) SI_UNIT ( $, .STERADIAN. ) SOLID_ANGLE_UNIT ( ) );
#1663 = EDGE_CURVE ( 'NONE', #277, #3900, #3453, .T. ) ;
#1664 = ADVANCED_FACE ( 'NONE', ( #3856 ), #1129, .T. ) ;
#1665 = COLOUR_RGB ( '',0.000000000000000000, 1.000000000000000000, 1.000000000000000000 ) ;
#1666 = ADVANCED_FACE ( 'NONE', ( #1106 ), #500, .T. ) ;
#1667 = EDGE_CURVE ( 'NONE', #348, #1521, #3894, .T. ) ;
#1668 = ORIENTED_EDGE ( 'NONE', *, *, #3489, .T. ) ;
#1669 = SURFACE_STYLE_USAGE ( .BOTH. , #2561 ) ;
#1670 = COLOUR_RGB ( '',0.5019607843137254832, 1.000000000000000000, 1.000000000000000000 ) ;
#1671 = DIRECTION ( 'NONE',  ( 0.000000000000000000, 0.000000000000000000, -1.000000000000000000 ) ) ;
#1672 = VERTEX_POINT ( 'NONE', #2013 ) ;
#1673 = MECHANICAL_DESIGN_GEOMETRIC_PRESENTATION_REPRESENTATION (  '', ( #769 ), #2482 ) ;
#1674 = VECTOR ( 'NONE', #2292, 1000.000000000000000 ) ;
#1675 = DIRECTION ( 'NONE',  ( 0.000000000000000000, 1.000000000000000000, 0.000000000000000000 ) ) ;
#1676 = AXIS2_PLACEMENT_3D ( 'NONE', #2886, #1083, #784 ) ;
#1677 = DIRECTION ( 'NONE',  ( 0.000000000000000000, 0.000000000000000000, -1.000000000000000000 ) ) ;
#1678 =( NAMED_UNIT ( * ) SI_UNIT ( $, .STERADIAN. ) SOLID_ANGLE_UNIT ( ) );
#1679 = FILL_AREA_STYLE_COLOUR ( '', #732 ) ;
#1680 = CIRCLE ( 'NONE', #1303, 0.4000000000000000777 ) ;
#1681 = PRODUCT ( 'Slip ring D22mm 12 wire', 'Slip ring D22mm 12 wire', '', ( #2057 ) ) ;
#1682 = AXIS2_PLACEMENT_3D ( 'NONE', #158, #3201, #292 ) ;
#1683 = DIRECTION ( 'NONE',  ( -0.000000000000000000, -1.000000000000000000, -0.000000000000000000 ) ) ;
#1684 = DIRECTION ( 'NONE',  ( 0.000000000000000000, 1.000000000000000000, 0.000000000000000000 ) ) ;
#1685 = AXIS2_PLACEMENT_3D ( 'NONE', #60, #1857, #2104 ) ;
#1686 = UNCERTAINTY_MEASURE_WITH_UNIT (LENGTH_MEASURE( 1.000000000000000082E-05 ), #2860, 'distance_accuracy_value', 'NONE');
#1687 = PRESENTATION_STYLE_ASSIGNMENT (( #3777 ) ) ;
#1688 = EDGE_CURVE ( 'NONE', #1441, #680, #1836, .T. ) ;
#1689 = PRESENTATION_LAYER_ASSIGNMENT (  '', '', ( #1370 ) ) ;
#1690 = ORIENTED_EDGE ( 'NONE', *, *, #386, .F. ) ;
#1691 = AXIS2_PLACEMENT_3D ( 'NONE', #654, #3643, #2443 ) ;
#1692 = CIRCLE ( 'NONE', #3400, 0.3999999999999993006 ) ;
#1693 = EDGE_CURVE ( 'NONE', #3560, #2122, #2231, .T. ) ;
#1694 =( LENGTH_UNIT ( ) NAMED_UNIT ( * ) SI_UNIT ( .MILLI., .METRE. ) );
#1695 = ORIENTED_EDGE ( 'NONE', *, *, #951, .T. ) ;
#1696 = AXIS2_PLACEMENT_3D ( 'NONE', #1056, #1684, #2574 ) ;
#1697 = CARTESIAN_POINT ( 'NONE',  ( 4.898587196589408761E-17, 38.25000000000000000, -9.600000000000001421 ) ) ;
#1698 = CARTESIAN_POINT ( 'NONE',  ( 0.000000000000000000, 1.600000000000000089, 0.000000000000000000 ) ) ;
#1699 = ORIENTED_EDGE ( 'NONE', *, *, #75, .T. ) ;
#1700 = FACE_BOUND ( 'NONE', #63, .T. ) ;
#1701 = PRESENTATION_STYLE_ASSIGNMENT (( #3845 ) ) ;
#1702 = FACE_OUTER_BOUND ( 'NONE', #1608, .T. ) ;
#1703 = DIRECTION ( 'NONE',  ( 0.000000000000000000, -0.000000000000000000, 1.000000000000000000 ) ) ;
#1704 = PRESENTATION_LAYER_ASSIGNMENT (  '', '', ( #2314 ) ) ;
#1705 = FACE_OUTER_BOUND ( 'NONE', #2923, .T. ) ;
#1706 = LINE ( 'NONE', #409, #612 ) ;
#1707 = PRESENTATION_LAYER_ASSIGNMENT (  '', '', ( #3413 ) ) ;
#1708 = VERTEX_POINT ( 'NONE', #55 ) ;
#1709 = DIRECTION ( 'NONE',  ( 0.000000000000000000, 0.000000000000000000, -1.000000000000000000 ) ) ;
#1710 = AXIS2_PLACEMENT_3D ( 'NONE', #1820, #332, #3048 ) ;
#1711 = DIRECTION ( 'NONE',  ( -0.000000000000000000, -1.000000000000000000, -0.000000000000000000 ) ) ;
#1712 = FACE_BOUND ( 'NONE', #25, .T. ) ;
#1713 = ORIENTED_EDGE ( 'NONE', *, *, #2252, .F. ) ;
#1714 = AXIS2_PLACEMENT_3D ( 'NONE', #3633, #3383, #2474 ) ;
#1715 = ADVANCED_FACE ( 'NONE', ( #3346 ), #2365, .T. ) ;
#1716 = ORIENTED_EDGE ( 'NONE', *, *, #1916, .F. ) ;
#1717 = ADVANCED_FACE ( 'NONE', ( #3308 ), #1525, .T. ) ;
#1718 = DIRECTION ( 'NONE',  ( 0.000000000000000000, 0.000000000000000000, -1.000000000000000000 ) ) ;
#1719 = EDGE_LOOP ( 'NONE', ( #2631, #2967 ) ) ;
#1720 = DIRECTION ( 'NONE',  ( 0.000000000000000000, 1.000000000000000000, 0.000000000000000000 ) ) ;
#1721 = ORIENTED_EDGE ( 'NONE', *, *, #3228, .F. ) ;
#1722 = CARTESIAN_POINT ( 'NONE',  ( -0.5553116310352962381, 9.400000000000000355, 1.713679779901635447 ) ) ;
#1723 = UNCERTAINTY_MEASURE_WITH_UNIT (LENGTH_MEASURE( 1.000000000000000082E-05 ), #2131, 'distance_accuracy_value', 'NONE');
#1724 = AXIS2_PLACEMENT_3D ( 'NONE', #3488, #270, #2288 ) ;
#1725 = ORIENTED_EDGE ( 'NONE', *, *, #773, .F. ) ;
#1726 = ORIENTED_EDGE ( 'NONE', *, *, #1350, .F. ) ;
#1727 = VERTEX_POINT ( 'NONE', #946 ) ;
#1728 =( GEOMETRIC_REPRESENTATION_CONTEXT ( 3 ) GLOBAL_UNCERTAINTY_ASSIGNED_CONTEXT ( ( #98 ) ) GLOBAL_UNIT_ASSIGNED_CONTEXT ( ( #3093, #1531, #37 ) ) REPRESENTATION_CONTEXT ( 'NONE', 'WORKASPACE' ) );
#1729 = DIRECTION ( 'NONE',  ( 0.000000000000000000, 0.000000000000000000, 1.000000000000000000 ) ) ;
#1730 = ORIENTED_EDGE ( 'NONE', *, *, #141, .F. ) ;
#1731 = PRODUCT_RELATED_PRODUCT_CATEGORY ( 'part', '', ( #3506 ) ) ;
#1732 = PRESENTATION_STYLE_ASSIGNMENT (( #2676 ) ) ;
#1733 =( NAMED_UNIT ( * ) PLANE_ANGLE_UNIT ( ) SI_UNIT ( $, .RADIAN. ) );
#1734 = CIRCLE ( 'NONE', #1300, 0.4000000000000000222 ) ;
#1735 = EDGE_LOOP ( 'NONE', ( #3108, #2905, #1321, #3169 ) ) ;
#1736 = EDGE_CURVE ( 'NONE', #2814, #2885, #3007, .T. ) ;
#1737 =( LENGTH_UNIT ( ) NAMED_UNIT ( * ) SI_UNIT ( .MILLI., .METRE. ) );
#1738 = COLOUR_RGB ( '',0.000000000000000000, 1.000000000000000000, 0.000000000000000000 ) ;
#1739 = DIRECTION ( 'NONE',  ( 0.000000000000000000, 0.000000000000000000, 1.000000000000000000 ) ) ;
#1740 = CIRCLE ( 'NONE', #2813, 0.3999999999999999667 ) ;
#1741 = PRESENTATION_STYLE_ASSIGNMENT (( #2899 ) ) ;
#1742 = ORIENTED_EDGE ( 'NONE', *, *, #164, .T. ) ;
#1743 = CARTESIAN_POINT ( 'NONE',  ( 0.000000000000000000, 8.900000000000000355, 0.000000000000000000 ) ) ;
#1744 = CARTESIAN_POINT ( 'NONE',  ( 2.544026408265383843, 38.25000000000000000, -9.670983902067479931 ) ) ;
#1745 = EDGE_LOOP ( 'NONE', ( #497, #3064 ) ) ;
#1746 = DIRECTION ( 'NONE',  ( 0.000000000000000000, 1.000000000000000000, 0.000000000000000000 ) ) ;
#1747 = CIRCLE ( 'NONE', #2300, 0.3999999999999993006 ) ;
#1748 = CARTESIAN_POINT ( 'NONE',  ( 0.000000000000000000, 0.5000000000000000000, 0.000000000000000000 ) ) ;
#1749 = ORIENTED_EDGE ( 'NONE', *, *, #3644, .T. ) ;
#1750 = CARTESIAN_POINT ( 'NONE',  ( 1.738004324169895476, 28.24999999999999645, -9.847808942560101642 ) ) ;
#1751 = FACE_OUTER_BOUND ( 'NONE', #1109, .T. ) ;
#1752 = DIRECTION ( 'NONE',  ( -0.000000000000000000, -1.000000000000000000, -0.000000000000000000 ) ) ;
#1753 = ORIENTED_EDGE ( 'NONE', *, *, #3718, .T. ) ;
#1754 = DIRECTION ( 'NONE',  ( 0.000000000000000000, 1.000000000000000000, 0.000000000000000000 ) ) ;
#1755 = SURFACE_SIDE_STYLE ('',( #2050 ) ) ;
#1756 = UNCERTAINTY_MEASURE_WITH_UNIT (LENGTH_MEASURE( 1.000000000000000082E-05 ), #1145, 'distance_accuracy_value', 'NONE');
#1757 = ADVANCED_FACE ( 'NONE', ( #1253 ), #2896, .T. ) ;
#1758 = CARTESIAN_POINT ( 'NONE',  ( 9.919639073093559228E-16, 1.600000000000000089, 8.099999999999999645 ) ) ;
#1759 = VECTOR ( 'NONE', #3479, 1000.000000000000000 ) ;
#1760 = ORIENTED_EDGE ( 'NONE', *, *, #1649, .F. ) ;
#1761 = CARTESIAN_POINT ( 'NONE',  ( -0.5553116310352962381, 24.39999999999999858, 0.9136797799016356247 ) ) ;
#1762 = SURFACE_STYLE_USAGE ( .BOTH. , #3543 ) ;
#1763 = CARTESIAN_POINT ( 'NONE',  ( 0.1848617153801214441, 24.39999999999999858, 0.8040218567842040143 ) ) ;
#1764 = AXIS2_PLACEMENT_3D ( 'NONE', #3694, #2456, #977 ) ;
#1765 = VERTEX_POINT ( 'NONE', #2636 ) ;
#1766 = CARTESIAN_POINT ( 'NONE',  ( 0.000000000000000000, 0.000000000000000000, 0.000000000000000000 ) ) ;
#1767 = STYLED_ITEM ( 'NONE', ( #679 ), #3309 ) ;
#1768 = CARTESIAN_POINT ( 'NONE',  ( -0.2650306909542099465, 24.39999999999999858, -1.366355876195836760 ) ) ;
#1769 = EDGE_LOOP ( 'NONE', ( #852, #1834, #1150, #2273 ) ) ;
#1770 =( NAMED_UNIT ( * ) SI_UNIT ( $, .STERADIAN. ) SOLID_ANGLE_UNIT ( ) );
#1771 = ORIENTED_EDGE ( 'NONE', *, *, #365, .T. ) ;
#1772 = SURFACE_STYLE_FILL_AREA ( #295 ) ;
#1773 = ADVANCED_FACE ( 'NONE', ( #2913 ), #3832, .T. ) ;
#1774 = FILL_AREA_STYLE ('',( #300 ) ) ;
#1775 = ADVANCED_FACE ( 'NONE', ( #1242 ), #82, .T. ) ;
#1776 = EDGE_LOOP ( 'NONE', ( #2908, #289, #1179, #1174 ) ) ;
#1777 = DIRECTION ( 'NONE',  ( 0.000000000000000000, 1.000000000000000000, 0.000000000000000000 ) ) ;
#1778 = PRESENTATION_STYLE_ASSIGNMENT (( #1762 ) ) ;
#1779 =( LENGTH_UNIT ( ) NAMED_UNIT ( * ) SI_UNIT ( .MILLI., .METRE. ) );
#1780 = EDGE_CURVE ( 'NONE', #938, #2089, #1692, .T. ) ;
#1781 = ORIENTED_EDGE ( 'NONE', *, *, #3596, .T. ) ;
#1782 = CARTESIAN_POINT ( 'NONE',  ( -1.405902292668247844, 24.39999999999999858, -0.1309742009670326612 ) ) ;
#1783 = CARTESIAN_POINT ( 'NONE',  ( -0.8715574274765833795, 38.25000000000000000, 10.36194698091745536 ) ) ;
#1784 = SURFACE_STYLE_FILL_AREA ( #2673 ) ;
#1785 = EDGE_LOOP ( 'NONE', ( #3327, #3864 ) ) ;
#1786 = DIRECTION ( 'NONE',  ( 0.000000000000000000, 0.000000000000000000, 1.000000000000000000 ) ) ;
#1787 = PRESENTATION_LAYER_ASSIGNMENT (  '', '', ( #2731 ) ) ;
#1788 = PRESENTATION_LAYER_ASSIGNMENT (  '', '', ( #3618 ) ) ;
#1789 =( LENGTH_UNIT ( ) NAMED_UNIT ( * ) SI_UNIT ( .MILLI., .METRE. ) );
#1790 = AXIS2_PLACEMENT_3D ( 'NONE', #2133, #51, #1249 ) ;
#1791 = VERTEX_POINT ( 'NONE', #473 ) ;
#1792 = COLOUR_RGB ( '',1.000000000000000000, 0.000000000000000000, 0.000000000000000000 ) ;
#1793 = CIRCLE ( 'NONE', #719, 0.4000000000000000222 ) ;
#1794 = UNCERTAINTY_MEASURE_WITH_UNIT (LENGTH_MEASURE( 1.000000000000000082E-05 ), #648, 'distance_accuracy_value', 'NONE');
#1795 =( NAMED_UNIT ( * ) SI_UNIT ( $, .STERADIAN. ) SOLID_ANGLE_UNIT ( ) );
#1796 = ORIENTED_EDGE ( 'NONE', *, *, #1973, .F. ) ;
#1797 = DIRECTION ( 'NONE',  ( 0.000000000000000000, 1.000000000000000000, 0.000000000000000000 ) ) ;
#1798 = PRESENTATION_LAYER_ASSIGNMENT (  '', '', ( #2548 ) ) ;
#1799 = UNCERTAINTY_MEASURE_WITH_UNIT (LENGTH_MEASURE( 1.000000000000000082E-05 ), #1737, 'distance_accuracy_value', 'NONE');
#1800 = FACE_OUTER_BOUND ( 'NONE', #1017, .T. ) ;
#1801 = DIRECTION ( 'NONE',  ( 1.000000000000000000, 0.000000000000000000, 0.000000000000000000 ) ) ;
#1802 = DIRECTION ( 'NONE',  ( 0.000000000000000000, 0.000000000000000000, -1.000000000000000000 ) ) ;
#1803 = ADVANCED_FACE ( 'NONE', ( #3752 ), #2192, .T. ) ;
#1804 = FACE_OUTER_BOUND ( 'NONE', #3515, .T. ) ;
#1805 = SURFACE_SIDE_STYLE ('',( #2427 ) ) ;
#1806 = ORIENTED_EDGE ( 'NONE', *, *, #907, .F. ) ;
#1807 = AXIS2_PLACEMENT_3D ( 'NONE', #2327, #2926, #568 ) ;
#1808 =( NAMED_UNIT ( * ) SI_UNIT ( $, .STERADIAN. ) SOLID_ANGLE_UNIT ( ) );
#1809 = PRESENTATION_LAYER_ASSIGNMENT (  '', '', ( #2753 ) ) ;
#1810 = FACE_OUTER_BOUND ( 'NONE', #3220, .T. ) ;
#1811 = ORIENTED_EDGE ( 'NONE', *, *, #1916, .T. ) ;
#1812 = ORIENTED_EDGE ( 'NONE', *, *, #976, .T. ) ;
#1813 = ORIENTED_EDGE ( 'NONE', *, *, #1830, .F. ) ;
#1814 = FACE_OUTER_BOUND ( 'NONE', #2701, .T. ) ;
#1815 = SURFACE_STYLE_FILL_AREA ( #1172 ) ;
#1816 = ORIENTED_EDGE ( 'NONE', *, *, #458, .T. ) ;
#1817 = SURFACE_STYLE_USAGE ( .BOTH. , #2388 ) ;
#1818 = DIRECTION ( 'NONE',  ( 0.000000000000000000, 0.000000000000000000, 1.000000000000000000 ) ) ;
#1819 = EDGE_CURVE ( 'NONE', #947, #2084, #1001, .T. ) ;
#1820 = CARTESIAN_POINT ( 'NONE',  ( -1.702137580665993966, 38.25000000000000000, 9.854071628341479538 ) ) ;
#1821 = ORIENTED_EDGE ( 'NONE', *, *, #1504, .F. ) ;
#1822 =( GEOMETRIC_REPRESENTATION_CONTEXT ( 3 ) GLOBAL_UNCERTAINTY_ASSIGNED_CONTEXT ( ( #68 ) ) GLOBAL_UNIT_ASSIGNED_CONTEXT ( ( #2554, #171, #3437 ) ) REPRESENTATION_CONTEXT ( 'NONE', 'WORKASPACE' ) );
#1823 = ADVANCED_FACE ( 'NONE', ( #3422 ), #707, .T. ) ;
#1824 = DIRECTION ( 'NONE',  ( 0.000000000000000000, 1.000000000000000000, 0.000000000000000000 ) ) ;
#1825 = COLOUR_RGB ( '',0.4862745098039215619, 0.2352941176470588203, 0.01568627450980392135 ) ;
#1826 =( NAMED_UNIT ( * ) SI_UNIT ( $, .STERADIAN. ) SOLID_ANGLE_UNIT ( ) );
#1827 = CARTESIAN_POINT ( 'NONE',  ( 0.8715574274765832685, 38.25000000000000000, -9.561946980917456429 ) ) ;
#1828 = EDGE_LOOP ( 'NONE', ( #2863, #619, #1929, #1117 ) ) ;
#1830 = EDGE_CURVE ( 'NONE', #443, #2079, #303, .T. ) ;
#1829 =( GEOMETRIC_REPRESENTATION_CONTEXT ( 3 ) GLOBAL_UNCERTAINTY_ASSIGNED_CONTEXT ( ( #216 ) ) GLOBAL_UNIT_ASSIGNED_CONTEXT ( ( #1928, #1081, #3154 ) ) REPRESENTATION_CONTEXT ( 'NONE', 'WORKASPACE' ) );
#1831 = UNCERTAINTY_MEASURE_WITH_UNIT (LENGTH_MEASURE( 1.000000000000000082E-05 ), #1694, 'distance_accuracy_value', 'NONE');
#1832 =( LENGTH_UNIT ( ) NAMED_UNIT ( * ) SI_UNIT ( .MILLI., .METRE. ) );
#1833 = PRESENTATION_STYLE_ASSIGNMENT (( #635 ) ) ;
#1834 = ORIENTED_EDGE ( 'NONE', *, *, #102, .T. ) ;
#1835 = SHAPE_DEFINITION_REPRESENTATION ( #1008, #1039 ) ;
#1836 = LINE ( 'NONE', #2100, #609 ) ;
#1837 = SURFACE_STYLE_FILL_AREA ( #3625 ) ;
#1838 = CARTESIAN_POINT ( 'NONE',  ( -1.405902292668247844, 24.39999999999999858, -0.1309742009670326612 ) ) ;
#1839 = ORIENTED_EDGE ( 'NONE', *, *, #757, .F. ) ;
#1840 = EDGE_CURVE ( 'NONE', #545, #2398, #1517, .T. ) ;
#1841 = CARTESIAN_POINT ( 'NONE',  ( 0.8232053680170706711, 24.39999999999999858, 0.05438678210631212040 ) ) ;
#1842 = ORIENTED_EDGE ( 'NONE', *, *, #3619, .T. ) ;
#1843 =( GEOMETRIC_REPRESENTATION_CONTEXT ( 3 ) GLOBAL_UNCERTAINTY_ASSIGNED_CONTEXT ( ( #306 ) ) GLOBAL_UNIT_ASSIGNED_CONTEXT ( ( #896, #2661, #2313 ) ) REPRESENTATION_CONTEXT ( 'NONE', 'WORKASPACE' ) );
#1844 = ADVANCED_FACE ( 'NONE', ( #1493 ), #1139, .T. ) ;
#1845 = CARTESIAN_POINT ( 'NONE',  ( 0.8715574274765832685, 38.25000000000000000, -9.961946980917456784 ) ) ;
#1846 = CARTESIAN_POINT ( 'NONE',  ( 15.09049266094380037, 2.694222958124177006E-16, -6.012500000000071232 ) ) ;
#1847 = STYLED_ITEM ( 'NONE', ( #2469 ), #559 ) ;
#1848 = MECHANICAL_DESIGN_GEOMETRIC_PRESENTATION_REPRESENTATION (  '', ( #969 ), #3244 ) ;
#1849 =( REPRESENTATION_RELATIONSHIP ('NONE','NONE', #2092, #1039 ) REPRESENTATION_RELATIONSHIP_WITH_TRANSFORMATION ( #1524 )SHAPE_REPRESENTATION_RELATIONSHIP( ) );
#1850 = ORIENTED_EDGE ( 'NONE', *, *, #1152, .F. ) ;
#1851 = DIRECTION ( 'NONE',  ( 0.000000000000000000, 0.000000000000000000, -1.000000000000000000 ) ) ;
#1852 = AXIS2_PLACEMENT_3D ( 'NONE', #231, #1469, #2657 ) ;
#1853 =( GEOMETRIC_REPRESENTATION_CONTEXT ( 3 ) GLOBAL_UNCERTAINTY_ASSIGNED_CONTEXT ( ( #452 ) ) GLOBAL_UNIT_ASSIGNED_CONTEXT ( ( #262, #2703, #598 ) ) REPRESENTATION_CONTEXT ( 'NONE', 'WORKASPACE' ) );
#1854 = VERTEX_POINT ( 'NONE', #552 ) ;
#1855 = DIRECTION ( 'NONE',  ( 0.000000000000000000, 0.000000000000000000, 1.000000000000000000 ) ) ;
#1856 = VECTOR ( 'NONE', #1076, 1000.000000000000000 ) ;
#1857 = DIRECTION ( 'NONE',  ( 0.000000000000000000, -1.000000000000000000, 0.000000000000000000 ) ) ;
#1858 = DIRECTION ( 'NONE',  ( 0.000000000000000000, 0.000000000000000000, 1.000000000000000000 ) ) ;
#1859 = EDGE_LOOP ( 'NONE', ( #641, #3428 ) ) ;
#1860 = DIRECTION ( 'NONE',  ( 0.000000000000000000, 1.000000000000000000, 0.000000000000000000 ) ) ;
#1861 = DIRECTION ( 'NONE',  ( 0.000000000000000000, 1.000000000000000000, 0.000000000000000000 ) ) ;
#1862 = COLOUR_RGB ( '',0.7294117647058823151, 0.3568627450980392246, 0.02352941176470588203 ) ;
#1863 = DIRECTION ( 'NONE',  ( 0.000000000000000000, 1.000000000000000000, 0.000000000000000000 ) ) ;
#1864 = AXIS2_PLACEMENT_3D ( 'NONE', #1465, #1746, #3527 ) ;
#1865 = AXIS2_PLACEMENT_3D ( 'NONE', #1544, #3326, #618 ) ;
#1866 = DIRECTION ( 'NONE',  ( -0.000000000000000000, -1.000000000000000000, -0.000000000000000000 ) ) ;
#1867 = ORIENTED_EDGE ( 'NONE', *, *, #866, .F. ) ;
#1868 =( NAMED_UNIT ( * ) PLANE_ANGLE_UNIT ( ) SI_UNIT ( $, .RADIAN. ) );
#1869 = PRESENTATION_LAYER_ASSIGNMENT (  '', '', ( #2497 ) ) ;
#1870 = PRESENTATION_LAYER_ASSIGNMENT (  '', '', ( #2174 ) ) ;
#1871 = CYLINDRICAL_SURFACE ( 'NONE', #3780, 0.4000000000000000777 ) ;
#1872 = SURFACE_SIDE_STYLE ('',( #2809 ) ) ;
#1873 = EDGE_CURVE ( 'NONE', #1255, #3607, #554, .T. ) ;
#1874 =( NAMED_UNIT ( * ) SI_UNIT ( $, .STERADIAN. ) SOLID_ANGLE_UNIT ( ) );
#1875 = ORIENTED_EDGE ( 'NONE', *, *, #1934, .T. ) ;
#1876 = ORIENTED_EDGE ( 'NONE', *, *, #2845, .F. ) ;
#1877 = CARTESIAN_POINT ( 'NONE',  ( -0.6287016611611960792, 24.39999999999999858, -0.9341902481823799453 ) ) ;
#1878 = SURFACE_SIDE_STYLE ('',( #1655 ) ) ;
#1879 = CARTESIAN_POINT ( 'NONE',  ( 1.738004324169895476, 38.25000000000000000, 9.847808942560101642 ) ) ;
#1880 = ORIENTED_EDGE ( 'NONE', *, *, #2176, .F. ) ;
#1881 = FILL_AREA_STYLE_COLOUR ( '', #2806 ) ;
#1882 = DIRECTION ( 'NONE',  ( 0.000000000000000000, 1.000000000000000000, 0.000000000000000000 ) ) ;
#1883 = DIRECTION ( 'NONE',  ( 0.000000000000000000, -0.000000000000000000, 1.000000000000000000 ) ) ;
#1884 = FACE_OUTER_BOUND ( 'NONE', #2943, .T. ) ;
#1885 = ORIENTED_EDGE ( 'NONE', *, *, #2743, .F. ) ;
#1886 = STYLED_ITEM ( 'NONE', ( #372 ), #3281 ) ;
#1887 = FILL_AREA_STYLE_COLOUR ( '', #2381 ) ;
#1888 = MECHANICAL_DESIGN_GEOMETRIC_PRESENTATION_REPRESENTATION (  '', ( #1996 ), #2390 ) ;
#1889 = CYLINDRICAL_SURFACE ( 'NONE', #1421, 0.3999999999999993006 ) ;
#1890 = PRESENTATION_STYLE_ASSIGNMENT (( #695 ) ) ;
#1891 =( NAMED_UNIT ( * ) SI_UNIT ( $, .STERADIAN. ) SOLID_ANGLE_UNIT ( ) );
#1892 = DIRECTION ( 'NONE',  ( 0.000000000000000000, 1.000000000000000000, 0.000000000000000000 ) ) ;
#1893 = EDGE_CURVE ( 'NONE', #2398, #3612, #2659, .T. ) ;
#1894 = ORIENTED_EDGE ( 'NONE', *, *, #2478, .T. ) ;
#1895 =( LENGTH_UNIT ( ) NAMED_UNIT ( * ) SI_UNIT ( .MILLI., .METRE. ) );
#1896 =( NAMED_UNIT ( * ) PLANE_ANGLE_UNIT ( ) SI_UNIT ( $, .RADIAN. ) );
#1897 = ADVANCED_FACE ( 'NONE', ( #2310 ), #528, .F. ) ;
#1898 = SURFACE_STYLE_FILL_AREA ( #2729 ) ;
#1899 = ORIENTED_EDGE ( 'NONE', *, *, #1688, .F. ) ;
#1900 = CARTESIAN_POINT ( 'NONE',  ( 0.8715574274765832685, 28.24999999999999645, 10.36194698091745536 ) ) ;
#1901 = UNCERTAINTY_MEASURE_WITH_UNIT (LENGTH_MEASURE( 1.000000000000000082E-05 ), #3355, 'distance_accuracy_value', 'NONE');
#1902 = DIRECTION ( 'NONE',  ( 0.000000000000000000, 1.000000000000000000, 0.000000000000000000 ) ) ;
#1903 = CARTESIAN_POINT ( 'NONE',  ( 0.000000000000000000, 9.400000000000000355, -3.899999999999999467 ) ) ;
#1904 = DIRECTION ( 'NONE',  ( 0.000000000000000000, -0.000000000000000000, 1.000000000000000000 ) ) ;
#1905 = STYLED_ITEM ( 'NONE', ( #1043 ), #2155 ) ;
#1906 =( LENGTH_UNIT ( ) NAMED_UNIT ( * ) SI_UNIT ( .MILLI., .METRE. ) );
#1907 = CARTESIAN_POINT ( 'NONE',  ( 0.1848617153801214441, 9.400000000000000355, 0.8040218567842040143 ) ) ;
#1908 = AXIS2_PLACEMENT_3D ( 'NONE', #985, #3682, #1556 ) ;
#1909 = ORIENTED_EDGE ( 'NONE', *, *, #3159, .T. ) ;
#1910 = FILL_AREA_STYLE_COLOUR ( '', #1665 ) ;
#1911 = COLOUR_RGB ( '',0.000000000000000000, 0.000000000000000000, 1.000000000000000000 ) ;
#1912 = STYLED_ITEM ( 'NONE', ( #2536 ), #237 ) ;
#1913 = COLOUR_RGB ( '',0.7529411764705882248, 0.7529411764705882248, 0.7529411764705882248 ) ;
#1914 = ORIENTED_EDGE ( 'NONE', *, *, #1560, .F. ) ;
#1915 = CARTESIAN_POINT ( 'NONE',  ( 2.544026408265383843, 38.25000000000000000, 9.270983902067479576 ) ) ;
#1916 = EDGE_CURVE ( 'NONE', #1656, #1526, #23, .T. ) ;
#1917 = DIRECTION ( 'NONE',  ( -0.000000000000000000, -1.000000000000000000, -0.000000000000000000 ) ) ;
#1918 = ORIENTED_EDGE ( 'NONE', *, *, #561, .T. ) ;
#1919 = FILL_AREA_STYLE ('',( #3478 ) ) ;
#1920 = MECHANICAL_DESIGN_GEOMETRIC_PRESENTATION_REPRESENTATION (  '', ( #3639 ), #364 ) ;
#1921 =( NAMED_UNIT ( * ) SI_UNIT ( $, .STERADIAN. ) SOLID_ANGLE_UNIT ( ) );
#1922 = CIRCLE ( 'NONE', #233, 0.3999999999999993006 ) ;
#1923 = PRESENTATION_LAYER_ASSIGNMENT (  '', '', ( #2368 ) ) ;
#1924 = DIRECTION ( 'NONE',  ( 0.000000000000000000, 0.000000000000000000, -1.000000000000000000 ) ) ;
#1925 = ORIENTED_EDGE ( 'NONE', *, *, #1819, .F. ) ;
#1926 = SURFACE_STYLE_USAGE ( .BOTH. , #1975 ) ;
#1927 =( NAMED_UNIT ( * ) SI_UNIT ( $, .STERADIAN. ) SOLID_ANGLE_UNIT ( ) );
#1928 =( LENGTH_UNIT ( ) NAMED_UNIT ( * ) SI_UNIT ( .MILLI., .METRE. ) );
#1929 = ORIENTED_EDGE ( 'NONE', *, *, #3082, .T. ) ;
#1930 = DIRECTION ( 'NONE',  ( -0.000000000000000000, -1.000000000000000000, -0.000000000000000000 ) ) ;
#1931 = EDGE_CURVE ( 'NONE', #2355, #2785, #3043, .T. ) ;
#1932 = DIRECTION ( 'NONE',  ( -0.000000000000000000, -1.000000000000000000, -0.000000000000000000 ) ) ;
#1933 = CARTESIAN_POINT ( 'NONE',  ( -0.5553116310352962381, 24.39999999999999858, 1.313679779901635536 ) ) ;
#1934 = EDGE_CURVE ( 'NONE', #2977, #596, #191, .T. ) ;
#1935 = ADVANCED_FACE ( 'NONE', ( #1093 ), #838, .T. ) ;
#1936 = CYLINDRICAL_SURFACE ( 'NONE', #69, 9.599999999999999645 ) ;
#1937 = EDGE_CURVE ( 'NONE', #516, #511, #816, .T. ) ;
#1938 = AXIS2_PLACEMENT_3D ( 'NONE', #1841, #685, #1016 ) ;
#1939 = CARTESIAN_POINT ( 'NONE',  ( -0.2650306909542099465, 9.400000000000000355, -1.366355876195836760 ) ) ;
#1940 = FILL_AREA_STYLE_COLOUR ( '', #3636 ) ;
#1941 = ORIENTED_EDGE ( 'NONE', *, *, #555, .F. ) ;
#1942 = CYLINDRICAL_SURFACE ( 'NONE', #711, 0.3999999999999999667 ) ;
#1943 = CARTESIAN_POINT ( 'NONE',  ( 1.044608899179063410, 9.400000000000000355, 0.9086366076954687232 ) ) ;
#1944 = DIRECTION ( 'NONE',  ( 0.000000000000000000, 0.000000000000000000, -1.000000000000000000 ) ) ;
#1945 = VERTEX_POINT ( 'NONE', #574 ) ;
#1946 = LINE ( 'NONE', #3471, #3185 ) ;
#1947 = DIRECTION ( 'NONE',  ( 0.000000000000000000, 0.000000000000000000, -1.000000000000000000 ) ) ;
#1948 = VERTEX_POINT ( 'NONE', #863 ) ;
#1949 =( LENGTH_UNIT ( ) NAMED_UNIT ( * ) SI_UNIT ( .MILLI., .METRE. ) );
#1950 = EDGE_CURVE ( 'NONE', #3722, #3049, #3276, .T. ) ;
#1951 = CARTESIAN_POINT ( 'NONE',  ( 1.738004324169895476, 38.25000000000000000, 10.24780894256010377 ) ) ;
#1952 = LINE ( 'NONE', #1074, #1674 ) ;
#1953 = SURFACE_SIDE_STYLE ('',( #2830 ) ) ;
#1954 = CIRCLE ( 'NONE', #2800, 0.3999999999999993006 ) ;
#1955 = EDGE_CURVE ( 'NONE', #73, #3779, #3431, .T. ) ;
#1956 = DIRECTION ( 'NONE',  ( -0.000000000000000000, -1.000000000000000000, -0.000000000000000000 ) ) ;
#1957 = AXIS2_PLACEMENT_3D ( 'NONE', #1454, #236, #2635 ) ;
#1958 = ORIENTED_EDGE ( 'NONE', *, *, #3228, .T. ) ;
#1959 = CARTESIAN_POINT ( 'NONE',  ( 0.000000000000000000, 38.25000000000000000, 10.00000000000000000 ) ) ;
#1960 = FILL_AREA_STYLE_COLOUR ( '', #1501 ) ;
#1961 = CARTESIAN_POINT ( 'NONE',  ( 0.000000000000000000, 0.000000000000000000, -4.750000000000000000 ) ) ;
#1962 =( NAMED_UNIT ( * ) SI_UNIT ( $, .STERADIAN. ) SOLID_ANGLE_UNIT ( ) );
#1963 =( NAMED_UNIT ( * ) SI_UNIT ( $, .STERADIAN. ) SOLID_ANGLE_UNIT ( ) );
#1964 = CARTESIAN_POINT ( 'NONE',  ( 0.8232053680170706711, 24.39999999999999858, 0.05438678210631212040 ) ) ;
#1965 =( GEOMETRIC_REPRESENTATION_CONTEXT ( 3 ) GLOBAL_UNCERTAINTY_ASSIGNED_CONTEXT ( ( #2530 ) ) GLOBAL_UNIT_ASSIGNED_CONTEXT ( ( #731, #446, #2320 ) ) REPRESENTATION_CONTEXT ( 'NONE', 'WORKASPACE' ) );
#1966 =( GEOMETRIC_REPRESENTATION_CONTEXT ( 3 ) GLOBAL_UNCERTAINTY_ASSIGNED_CONTEXT ( ( #1584 ) ) GLOBAL_UNIT_ASSIGNED_CONTEXT ( ( #1057, #2575, #1369 ) ) REPRESENTATION_CONTEXT ( 'NONE', 'WORKASPACE' ) );
#1967 = DIRECTION ( 'NONE',  ( 0.000000000000000000, 1.000000000000000000, 0.000000000000000000 ) ) ;
#1968 = SURFACE_STYLE_USAGE ( .BOTH. , #1384 ) ;
#1969 = SURFACE_SIDE_STYLE ('',( #3495 ) ) ;
#1970 = FILL_AREA_STYLE ('',( #3497 ) ) ;
#1971 = VECTOR ( 'NONE', #1486, 1000.000000000000000 ) ;
#1972 = AXIS2_PLACEMENT_3D ( 'NONE', #826, #2902, #2301 ) ;
#1973 = EDGE_CURVE ( 'NONE', #2977, #516, #1151, .T. ) ;
#1974 = ORIENTED_EDGE ( 'NONE', *, *, #3472, .F. ) ;
#1975 = SURFACE_SIDE_STYLE ('',( #2918 ) ) ;
#1976 = SURFACE_SIDE_STYLE ('',( #762 ) ) ;
#1977 = LINE ( 'NONE', #3206, #2811 ) ;
#1978 = AXIS2_PLACEMENT_3D ( 'NONE', #617, #283, #2402 ) ;
#1979 = ORIENTED_EDGE ( 'NONE', *, *, #3601, .T. ) ;
#1980 = CARTESIAN_POINT ( 'NONE',  ( -0.8715574274765833795, 28.24999999999999645, 9.961946980917456784 ) ) ;
#1981 = DIRECTION ( 'NONE',  ( -0.000000000000000000, -1.000000000000000000, -0.000000000000000000 ) ) ;
#1982 = ORIENTED_EDGE ( 'NONE', *, *, #2345, .T. ) ;
#1983 = CARTESIAN_POINT ( 'NONE',  ( 0.000000000000000000, 24.39999999999999858, 0.000000000000000000 ) ) ;
#1984 = EDGE_LOOP ( 'NONE', ( #2866, #2429, #225, #1542 ) ) ;
#1985 =( NAMED_UNIT ( * ) PLANE_ANGLE_UNIT ( ) SI_UNIT ( $, .RADIAN. ) );
#1986 = AXIS2_PLACEMENT_3D ( 'NONE', #1326, #3104, #691 ) ;
#1987 = CYLINDRICAL_SURFACE ( 'NONE', #160, 0.4000000000000010214 ) ;
#1988 = AXIS2_PLACEMENT_3D ( 'NONE', #3487, #3168, #1947 ) ;
#1989 = ORIENTED_EDGE ( 'NONE', *, *, #2772, .T. ) ;
#1990 = FILL_AREA_STYLE ('',( #3184 ) ) ;
#1991 = AXIS2_PLACEMENT_3D ( 'NONE', #2951, #2630, #2063 ) ;
#1992 = FACE_OUTER_BOUND ( 'NONE', #1984, .T. ) ;
#1993 = ADVANCED_FACE ( 'NONE', ( #2792 ), #968, .T. ) ;
#1994 = FACE_BOUND ( 'NONE', #110, .T. ) ;
#1995 = SURFACE_STYLE_USAGE ( .BOTH. , #2262 ) ;
#1996 = STYLED_ITEM ( 'NONE', ( #3677 ), #3480 ) ;
#1997 = EDGE_LOOP ( 'NONE', ( #78, #3365 ) ) ;
#1998 = EDGE_CURVE ( 'NONE', #3297, #3263, #401, .T. ) ;
#1999 = CYLINDRICAL_SURFACE ( 'NONE', #1306, 0.4000000000000000777 ) ;
#2000 = DIRECTION ( 'NONE',  ( -0.000000000000000000, -1.000000000000000000, -0.000000000000000000 ) ) ;
#2001 = PRESENTATION_STYLE_ASSIGNMENT (( #313 ) ) ;
#2002 = EDGE_LOOP ( 'NONE', ( #1286, #808 ) ) ;
#2003 = CARTESIAN_POINT ( 'NONE',  ( -15.09049266094379682, 2.694222958124177006E-16, -6.012500000000071232 ) ) ;
#2004 = CARTESIAN_POINT ( 'NONE',  ( -0.8715574274765833795, 38.25000000000000000, -9.561946980917456429 ) ) ;
#2005 = VERTEX_POINT ( 'NONE', #2181 ) ;
#2006 = DIRECTION ( 'NONE',  ( 0.000000000000000000, 1.000000000000000000, 0.000000000000000000 ) ) ;
#2007 =( LENGTH_UNIT ( ) NAMED_UNIT ( * ) SI_UNIT ( .MILLI., .METRE. ) );
#2008 = PRESENTATION_LAYER_ASSIGNMENT (  '', '', ( #466 ) ) ;
#2009 = ORIENTED_EDGE ( 'NONE', *, *, #1331, .T. ) ;
#2010 = CARTESIAN_POINT ( 'NONE',  ( -0.7099363585365638940, 24.39999999999999858, 0.4202563108721194540 ) ) ;
#2011 = FILL_AREA_STYLE ('',( #2980 ) ) ;
#2012 = MECHANICAL_DESIGN_GEOMETRIC_PRESENTATION_REPRESENTATION (  '', ( #3435 ), #210 ) ;
#2013 = CARTESIAN_POINT ( 'NONE',  ( 0.000000000000000000, 0.000000000000000000, -3.899999999999999467 ) ) ;
#2014 = AXIS2_PLACEMENT_3D ( 'NONE', #615, #6, #2096 ) ;
#2015 = ORIENTED_EDGE ( 'NONE', *, *, #1226, .T. ) ;
#2016 = CIRCLE ( 'NONE', #1353, 0.3999999999999993006 ) ;
#2017 = CARTESIAN_POINT ( 'NONE',  ( 2.544026408265383843, 28.24999999999999645, -9.670983902067479931 ) ) ;
#2018 = CARTESIAN_POINT ( 'NONE',  ( -0.6287016611611960792, 24.39999999999999858, -0.5341902481823798121 ) ) ;
#2019 =( GEOMETRIC_REPRESENTATION_CONTEXT ( 3 ) GLOBAL_UNCERTAINTY_ASSIGNED_CONTEXT ( ( #2979 ) ) GLOBAL_UNIT_ASSIGNED_CONTEXT ( ( #941, #3062, #362 ) ) REPRESENTATION_CONTEXT ( 'NONE', 'WORKASPACE' ) );
#2020 = DIRECTION ( 'NONE',  ( 0.000000000000000000, 1.000000000000000000, 0.000000000000000000 ) ) ;
#2021 = ADVANCED_FACE ( 'NONE', ( #1601 ), #3430, .T. ) ;
#2022 = DIRECTION ( 'NONE',  ( 0.000000000000000000, 0.000000000000000000, -1.000000000000000000 ) ) ;
#2023 = CARTESIAN_POINT ( 'NONE',  ( 1.692677974708935107, 24.39999999999999858, 0.5525560195772908356 ) ) ;
#2024 = AXIS2_PLACEMENT_3D ( 'NONE', #38, #1236, #3691 ) ;
#2025 = LINE ( 'NONE', #3591, #3889 ) ;
#2026 = ORIENTED_EDGE ( 'NONE', *, *, #526, .T. ) ;
#2027 = SURFACE_STYLE_USAGE ( .BOTH. , #1142 ) ;
#2028 = AXIS2_PLACEMENT_3D ( 'NONE', #1744, #583, #3306 ) ;
#2029 =( LENGTH_UNIT ( ) NAMED_UNIT ( * ) SI_UNIT ( .MILLI., .METRE. ) );
#2030 = LINE ( 'NONE', #3582, #3446 ) ;
#2031 = AXIS2_PLACEMENT_3D ( 'NONE', #2939, #2639, #3852 ) ;
#2032 = CIRCLE ( 'NONE', #2555, 0.4000000000000005218 ) ;
#2033 = ORIENTED_EDGE ( 'NONE', *, *, #577, .T. ) ;
#2034 = DIRECTION ( 'NONE',  ( 0.000000000000000000, 0.000000000000000000, 1.000000000000000000 ) ) ;
#2035 = CARTESIAN_POINT ( 'NONE',  ( 2.544026408265383843, 28.24999999999999645, -10.07098390206747851 ) ) ;
#2036 = AXIS2_PLACEMENT_3D ( 'NONE', #1154, #3548, #2346 ) ;
#2037 = PRESENTATION_STYLE_ASSIGNMENT (( #2600 ) ) ;
#2038 =( REPRESENTATION_RELATIONSHIP ('NONE','NONE', #2092, #2505 ) REPRESENTATION_RELATIONSHIP_WITH_TRANSFORMATION ( #3737 )SHAPE_REPRESENTATION_RELATIONSHIP( ) );
#2039 = ORIENTED_EDGE ( 'NONE', *, *, #3546, .F. ) ;
#2040 =( LENGTH_UNIT ( ) NAMED_UNIT ( * ) SI_UNIT ( .MILLI., .METRE. ) );
#2041 = PLANE ( 'NONE',  #1807 ) ;
#2042 = EDGE_LOOP ( 'NONE', ( #2889, #1605, #2989, #1272 ) ) ;
#2043 = DIRECTION ( 'NONE',  ( -0.000000000000000000, -1.000000000000000000, -0.000000000000000000 ) ) ;
#2044 = DIRECTION ( 'NONE',  ( 0.000000000000000000, 0.000000000000000000, 1.000000000000000000 ) ) ;
#2045 = PRESENTATION_LAYER_ASSIGNMENT (  '', '', ( #2213 ) ) ;
#2046 = EDGE_CURVE ( 'NONE', #828, #3163, #1289, .T. ) ;
#2047 = ADVANCED_FACE ( 'NONE', ( #58 ), #1640, .T. ) ;
#2048 = VERTEX_POINT ( 'NONE', #713 ) ;
#2049 = DIRECTION ( 'NONE',  ( 0.000000000000000000, 1.000000000000000000, 0.000000000000000000 ) ) ;
#2050 = SURFACE_STYLE_FILL_AREA ( #3808 ) ;
#2051 = FACE_OUTER_BOUND ( 'NONE', #833, .T. ) ;
#2052 = UNCERTAINTY_MEASURE_WITH_UNIT (LENGTH_MEASURE( 1.000000000000000082E-05 ), #1355, 'distance_accuracy_value', 'NONE');
#2053 = EDGE_CURVE ( 'NONE', #3163, #828, #3171, .T. ) ;
#2054 = FILL_AREA_STYLE_COLOUR ( '', #1246 ) ;
#2055 = ORIENTED_EDGE ( 'NONE', *, *, #930, .F. ) ;
#2056 = FACE_BOUND ( 'NONE', #483, .T. ) ;
#2057 = PRODUCT_CONTEXT ( 'NONE', #1617, 'mechanical' ) ;
#2058 = CARTESIAN_POINT ( 'NONE',  ( 0.000000000000000000, 1.600000000000000089, 0.000000000000000000 ) ) ;
#2059 = ORIENTED_EDGE ( 'NONE', *, *, #282, .F. ) ;
#2060 = SURFACE_SIDE_STYLE ('',( #505 ) ) ;
#2061 = SURFACE_STYLE_USAGE ( .BOTH. , #2906 ) ;
#2062 = VECTOR ( 'NONE', #2736, 1000.000000000000000 ) ;
#2063 = DIRECTION ( 'NONE',  ( 0.000000000000000000, -0.000000000000000000, 1.000000000000000000 ) ) ;
#2064 = SURFACE_STYLE_USAGE ( .BOTH. , #2970 ) ;
#2065 = DIRECTION ( 'NONE',  ( 0.000000000000000000, 1.000000000000000000, 0.000000000000000000 ) ) ;
#2066 = DIRECTION ( 'NONE',  ( 0.000000000000000000, -0.000000000000000000, 1.000000000000000000 ) ) ;
#2067 = VERTEX_POINT ( 'NONE', #2487 ) ;
#2068 = SURFACE_STYLE_USAGE ( .BOTH. , #557 ) ;
#2069 = EDGE_CURVE ( 'NONE', #2691, #310, #3069, .T. ) ;
#2070 = CARTESIAN_POINT ( 'NONE',  ( -0.6287016611611960792, 24.39999999999999858, -0.5341902481823798121 ) ) ;
#2071 = FILL_AREA_STYLE ('',( #2054 ) ) ;
#2072 = CARTESIAN_POINT ( 'NONE',  ( -1.270887901932856501, 24.39999999999999858, -0.7503328510192163181 ) ) ;
#2073 = ADVANCED_FACE ( 'NONE', ( #389, #3412 ), #3296, .T. ) ;
#2074 = EDGE_LOOP ( 'NONE', ( #1240, #3377, #1742, #1894 ) ) ;
#2075 = DIRECTION ( 'NONE',  ( -0.000000000000000000, -1.000000000000000000, -0.000000000000000000 ) ) ;
#2076 = FACE_OUTER_BOUND ( 'NONE', #3385, .T. ) ;
#2077 =( NAMED_UNIT ( * ) SI_UNIT ( $, .STERADIAN. ) SOLID_ANGLE_UNIT ( ) );
#2078 = AXIS2_PLACEMENT_3D ( 'NONE', #990, #3669, #877 ) ;
#2079 = VERTEX_POINT ( 'NONE', #3372 ) ;
#2080 = AXIS2_PLACEMENT_3D ( 'NONE', #1313, #2504, #1011 ) ;
#2081 = DIRECTION ( 'NONE',  ( 0.000000000000000000, -0.000000000000000000, 1.000000000000000000 ) ) ;
#2082 = FACE_OUTER_BOUND ( 'NONE', #224, .T. ) ;
#2083 = SURFACE_SIDE_STYLE ('',( #891 ) ) ;
#2084 = VERTEX_POINT ( 'NONE', #371 ) ;
#2085 = CIRCLE ( 'NONE', #3872, 0.3999999999999993006 ) ;
#2086 = CIRCLE ( 'NONE', #1221, 3.899999999999999467 ) ;
#2087 = CARTESIAN_POINT ( 'NONE',  ( 15.09049266094380037, 2.694222958124177006E-16, -8.712500000000069633 ) ) ;
#2088 =( GEOMETRIC_REPRESENTATION_CONTEXT ( 3 ) GLOBAL_UNCERTAINTY_ASSIGNED_CONTEXT ( ( #753 ) ) GLOBAL_UNIT_ASSIGNED_CONTEXT ( ( #2409, #3050, #1808 ) ) REPRESENTATION_CONTEXT ( 'NONE', 'WORKASPACE' ) );
#2089 = VERTEX_POINT ( 'NONE', #2775 ) ;
#2090 = DIRECTION ( 'NONE',  ( -0.000000000000000000, -1.000000000000000000, -0.000000000000000000 ) ) ;
#2091 = VECTOR ( 'NONE', #2460, 1000.000000000000000 ) ;
#2092 = SHAPE_REPRESENTATION ( 'Slip ring D22mm 12 wire', ( #1978, #1185, #1691 ), #2880 ) ;
#2093 = UNCERTAINTY_MEASURE_WITH_UNIT (LENGTH_MEASURE( 1.000000000000000082E-05 ), #1895, 'distance_accuracy_value', 'NONE');
#2094 = ORIENTED_EDGE ( 'NONE', *, *, #3205, .T. ) ;
#2095 = ORIENTED_EDGE ( 'NONE', *, *, #2640, .T. ) ;
#2096 = DIRECTION ( 'NONE',  ( 0.000000000000000000, 0.000000000000000000, 1.000000000000000000 ) ) ;
#2097 = CIRCLE ( 'NONE', #1503, 10.90000000000000036 ) ;
#2098 = SURFACE_STYLE_USAGE ( .BOTH. , #1561 ) ;
#2099 = ADVANCED_FACE ( 'NONE', ( #74 ), #962, .T. ) ;
#2100 = CARTESIAN_POINT ( 'NONE',  ( 1.738004324169895476, 38.25000000000000000, -9.447808942560101286 ) ) ;
#2101 = EDGE_CURVE ( 'NONE', #1630, #1854, #1484, .T. ) ;
#2102 = ORIENTED_EDGE ( 'NONE', *, *, #3718, .F. ) ;
#2103 =( GEOMETRIC_REPRESENTATION_CONTEXT ( 3 ) GLOBAL_UNCERTAINTY_ASSIGNED_CONTEXT ( ( #2938 ) ) GLOBAL_UNIT_ASSIGNED_CONTEXT ( ( #29, #2423, #3423 ) ) REPRESENTATION_CONTEXT ( 'NONE', 'WORKASPACE' ) );
#2104 = DIRECTION ( 'NONE',  ( 0.000000000000000000, 0.000000000000000000, -1.000000000000000000 ) ) ;
#2105 = CARTESIAN_POINT ( 'NONE',  ( 0.000000000000000000, 38.25000000000000000, 10.00000000000000000 ) ) ;
#2106 = ORIENTED_EDGE ( 'NONE', *, *, #2200, .F. ) ;
#2107 = AXIS2_PLACEMENT_3D ( 'NONE', #2553, #2000, #1718 ) ;
#2108 = CARTESIAN_POINT ( 'NONE',  ( 1.044608899179063410, 24.39999999999999858, 0.5086366076954685900 ) ) ;
#2109 = LINE ( 'NONE', #1302, #772 ) ;
#2110 =( GEOMETRIC_REPRESENTATION_CONTEXT ( 3 ) GLOBAL_UNCERTAINTY_ASSIGNED_CONTEXT ( ( #844 ) ) GLOBAL_UNIT_ASSIGNED_CONTEXT ( ( #1832, #1520, #1168 ) ) REPRESENTATION_CONTEXT ( 'NONE', 'WORKASPACE' ) );
#2111 = EDGE_LOOP ( 'NONE', ( #857, #1467 ) ) ;
#2112 = DIRECTION ( 'NONE',  ( 0.000000000000000000, 0.000000000000000000, -1.000000000000000000 ) ) ;
#2113 = CIRCLE ( 'NONE', #1053, 0.3999999999999999667 ) ;
#2114 = DIRECTION ( 'NONE',  ( -0.000000000000000000, -1.000000000000000000, -0.000000000000000000 ) ) ;
#2115 = EDGE_LOOP ( 'NONE', ( #3885, #3433 ) ) ;
#2116 = CARTESIAN_POINT ( 'NONE',  ( 0.000000000000000000, 0.000000000000000000, -21.87500000000000000 ) ) ;
#2117 = EDGE_LOOP ( 'NONE', ( #556, #2577 ) ) ;
#2118 = ADVANCED_FACE ( 'NONE', ( #3500 ), #1352, .T. ) ;
#2119 = CIRCLE ( 'NONE', #690, 0.3999999999999993006 ) ;
#2120 = SURFACE_STYLE_USAGE ( .BOTH. , #1805 ) ;
#2121 = DIRECTION ( 'NONE',  ( -0.000000000000000000, -1.000000000000000000, -0.000000000000000000 ) ) ;
#2122 = VERTEX_POINT ( 'NONE', #444 ) ;
#2123 = VECTOR ( 'NONE', #3403, 1000.000000000000000 ) ;
#2124 = DIRECTION ( 'NONE',  ( 0.000000000000000000, 0.000000000000000000, 1.000000000000000000 ) ) ;
#2125 = EDGE_CURVE ( 'NONE', #699, #948, #3164, .T. ) ;
#2126 = FACE_OUTER_BOUND ( 'NONE', #3645, .T. ) ;
#2127 = CARTESIAN_POINT ( 'NONE',  ( 0.8232053680170706711, 9.400000000000000355, 0.05438678210631212040 ) ) ;
#2128 = ORIENTED_EDGE ( 'NONE', *, *, #3159, .F. ) ;
#2129 = DIRECTION ( 'NONE',  ( -0.000000000000000000, -1.000000000000000000, -0.000000000000000000 ) ) ;
#2130 = MECHANICAL_DESIGN_GEOMETRIC_PRESENTATION_REPRESENTATION (  '', ( #387 ), #1064 ) ;
#2131 =( LENGTH_UNIT ( ) NAMED_UNIT ( * ) SI_UNIT ( .MILLI., .METRE. ) );
#2132 = VERTEX_POINT ( 'NONE', #3761 ) ;
#2133 = CARTESIAN_POINT ( 'NONE',  ( -0.2650306909542099465, 9.400000000000000355, -1.366355876195836760 ) ) ;
#2134 = CARTESIAN_POINT ( 'NONE',  ( 1.240379765745380114, 24.39999999999999858, -0.3458650599722584151 ) ) ;
#2135 = DIRECTION ( 'NONE',  ( 0.000000000000000000, 0.000000000000000000, -1.000000000000000000 ) ) ;
#2136 = FILL_AREA_STYLE_COLOUR ( '', #3134 ) ;
#2137 =( NAMED_UNIT ( * ) PLANE_ANGLE_UNIT ( ) SI_UNIT ( $, .RADIAN. ) );
#2138 = SURFACE_STYLE_USAGE ( .BOTH. , #622 ) ;
#2139 = ORIENTED_EDGE ( 'NONE', *, *, #2825, .T. ) ;
#2140 = FACE_OUTER_BOUND ( 'NONE', #2738, .T. ) ;
#2141 = CARTESIAN_POINT ( 'NONE',  ( 1.240379765745380114, 24.39999999999999858, -0.3458650599722584151 ) ) ;
#2142 = LINE ( 'NONE', #2475, #2571 ) ;
#2143 = ORIENTED_EDGE ( 'NONE', *, *, #3361, .F. ) ;
#2144 = AXIS2_PLACEMENT_3D ( 'NONE', #1293, #345, #383 ) ;
#2145 = EDGE_CURVE ( 'NONE', #1316, #3767, #1954, .T. ) ;
#2146 = CARTESIAN_POINT ( 'NONE',  ( -1.405902292668247844, 24.39999999999999858, -0.1309742009670326612 ) ) ;
#2147 = AXIS2_PLACEMENT_3D ( 'NONE', #1596, #81, #2786 ) ;
#2148 = CARTESIAN_POINT ( 'NONE',  ( 0.000000000000000000, 0.5000000000000000000, -4.750000000000000000 ) ) ;
#2149 = CARTESIAN_POINT ( 'NONE',  ( -0.7099363585365638940, 9.400000000000000355, 0.02025631087211945958 ) ) ;
#2150 = CIRCLE ( 'NONE', #2984, 0.3999999999999993006 ) ;
#2151 = AXIS2_PLACEMENT_3D ( 'NONE', #2876, #3464, #476 ) ;
#2152 = CYLINDRICAL_SURFACE ( 'NONE', #898, 0.3999999999999993006 ) ;
#2153 = DIRECTION ( 'NONE',  ( 0.000000000000000000, 0.000000000000000000, -1.000000000000000000 ) ) ;
#2154 = VECTOR ( 'NONE', #2226, 1000.000000000000000 ) ;
#2155 = MANIFOLD_SOLID_BREP ( 'Mirror1', #2605 ) ;
#2156 =( GEOMETRIC_REPRESENTATION_CONTEXT ( 3 ) GLOBAL_UNCERTAINTY_ASSIGNED_CONTEXT ( ( #414 ) ) GLOBAL_UNIT_ASSIGNED_CONTEXT ( ( #1317, #469, #3139 ) ) REPRESENTATION_CONTEXT ( 'NONE', 'WORKASPACE' ) );
#2157 = ORIENTED_EDGE ( 'NONE', *, *, #2244, .F. ) ;
#2158 = SURFACE_SIDE_STYLE ('',( #2815 ) ) ;
#2159 = CIRCLE ( 'NONE', #482, 0.3999999999999993006 ) ;
#2160 = CARTESIAN_POINT ( 'NONE',  ( 1.044608899179063410, 9.400000000000000355, 1.308636607695468745 ) ) ;
#2161 =( NAMED_UNIT ( * ) SI_UNIT ( $, .STERADIAN. ) SOLID_ANGLE_UNIT ( ) );
#2162 = VERTEX_POINT ( 'NONE', #3815 ) ;
#2163 = DIRECTION ( 'NONE',  ( 0.000000000000000000, 0.000000000000000000, -1.000000000000000000 ) ) ;
#2164 = LINE ( 'NONE', #335, #2544 ) ;
#2165 =( GEOMETRIC_REPRESENTATION_CONTEXT ( 3 ) GLOBAL_UNCERTAINTY_ASSIGNED_CONTEXT ( ( #1330 ) ) GLOBAL_UNIT_ASSIGNED_CONTEXT ( ( #1545, #3687, #3349 ) ) REPRESENTATION_CONTEXT ( 'NONE', 'WORKASPACE' ) );
#2166 = UNCERTAINTY_MEASURE_WITH_UNIT (LENGTH_MEASURE( 1.000000000000000082E-05 ), #19, 'distance_accuracy_value', 'NONE');
#2167 = CYLINDRICAL_SURFACE ( 'NONE', #3097, 0.4000000000000002442 ) ;
#2168 = STYLED_ITEM ( 'NONE', ( #3671 ), #3836 ) ;
#2169 = AXIS2_PLACEMENT_3D ( 'NONE', #1403, #532, #2936 ) ;
#2170 = CARTESIAN_POINT ( 'NONE',  ( -0.8715574274765833795, 38.25000000000000000, 10.36194698091745536 ) ) ;
#2171 = ORIENTED_EDGE ( 'NONE', *, *, #3138, .F. ) ;
#2172 = CARTESIAN_POINT ( 'NONE',  ( 0.000000000000000000, 0.000000000000000000, -8.099999999999999645 ) ) ;
#2173 = EDGE_CURVE ( 'NONE', #2323, #1727, #830, .T. ) ;
#2174 = STYLED_ITEM ( 'NONE', ( #175 ), #1803 ) ;
#2175 = UNCERTAINTY_MEASURE_WITH_UNIT (LENGTH_MEASURE( 1.000000000000000082E-05 ), #396, 'distance_accuracy_value', 'NONE');
#2176 = EDGE_CURVE ( 'NONE', #325, #1625, #895, .T. ) ;
#2177 =( NAMED_UNIT ( * ) PLANE_ANGLE_UNIT ( ) SI_UNIT ( $, .RADIAN. ) );
#2178 = FILL_AREA_STYLE_COLOUR ( '', #281 ) ;
#2179 = ADVANCED_FACE ( 'NONE', ( #1104 ), #1942, .T. ) ;
#2180 = ORIENTED_EDGE ( 'NONE', *, *, #714, .T. ) ;
#2181 = CARTESIAN_POINT ( 'NONE',  ( 0.1848617153801214441, 9.400000000000000355, 0.4040218567842039366 ) ) ;
#2182 = DIRECTION ( 'NONE',  ( 0.000000000000000000, 1.000000000000000000, 0.000000000000000000 ) ) ;
#2183 = SURFACE_SIDE_STYLE ('',( #1338 ) ) ;
#2184 = DIRECTION ( 'NONE',  ( 0.000000000000000000, 0.000000000000000000, -1.000000000000000000 ) ) ;
#2185 = ORIENTED_EDGE ( 'NONE', *, *, #3676, .T. ) ;
#2186 = PRESENTATION_LAYER_ASSIGNMENT (  '', '', ( #442 ) ) ;
#2187 = DIRECTION ( 'NONE',  ( -0.000000000000000000, -1.000000000000000000, -0.000000000000000000 ) ) ;
#2188 = DIRECTION ( 'NONE',  ( 0.000000000000000000, 0.000000000000000000, 1.000000000000000000 ) ) ;
#2189 = AXIS2_PLACEMENT_3D ( 'NONE', #2988, #587, #3861 ) ;
#2190 = ORIENTED_EDGE ( 'NONE', *, *, #3063, .T. ) ;
#2191 = FILL_AREA_STYLE_COLOUR ( '', #150 ) ;
#2192 = CYLINDRICAL_SURFACE ( 'NONE', #676, 0.4000000000000001332 ) ;
#2193 = COLOUR_RGB ( '',0.7529411764705882248, 0.7529411764705882248, 1.000000000000000000 ) ;
#2194 = APPLICATION_CONTEXT ( 'automotive_design' ) ;
#2195 = DIRECTION ( 'NONE',  ( 0.000000000000000000, 1.000000000000000000, 0.000000000000000000 ) ) ;
#2196 = PRESENTATION_LAYER_ASSIGNMENT (  '', '', ( #387 ) ) ;
#2197 = FILL_AREA_STYLE ('',( #2829 ) ) ;
#2198 = SURFACE_STYLE_USAGE ( .BOTH. , #2501 ) ;
#2199 = ADVANCED_BREP_SHAPE_REPRESENTATION ( '', ( #2155, #1446 ), #2110 ) ;
#2200 = EDGE_CURVE ( 'NONE', #1082, #892, #3116, .T. ) ;
#2201 = ORIENTED_EDGE ( 'NONE', *, *, #2882, .F. ) ;
#2202 = CARTESIAN_POINT ( 'NONE',  ( 1.692677974708935107, 24.39999999999999858, 0.1525560195772903138 ) ) ;
#2203 = DIRECTION ( 'NONE',  ( 0.000000000000000000, 0.000000000000000000, 1.000000000000000000 ) ) ;
#2204 = ORIENTED_EDGE ( 'NONE', *, *, #2221, .F. ) ;
#2205 = CARTESIAN_POINT ( 'NONE',  ( -1.702137580665993966, 38.25000000000000000, 10.25407162834147989 ) ) ;
#2206 = CARTESIAN_POINT ( 'NONE',  ( 0.000000000000000000, 38.25000000000000000, 9.600000000000001421 ) ) ;
#2207 = DIRECTION ( 'NONE',  ( 0.000000000000000000, 1.000000000000000000, 0.000000000000000000 ) ) ;
#2208 = AXIS2_PLACEMENT_3D ( 'NONE', #2376, #3133, #1257 ) ;
#2209 = DIRECTION ( 'NONE',  ( 0.000000000000000000, 0.000000000000000000, -1.000000000000000000 ) ) ;
#2210 = STYLED_ITEM ( 'NONE', ( #3221 ), #2179 ) ;
#2211 = DIRECTION ( 'NONE',  ( 0.000000000000000000, 1.000000000000000000, 0.000000000000000000 ) ) ;
#2212 = AXIS2_PLACEMENT_3D ( 'NONE', #2615, #1754, #2331 ) ;
#2213 = STYLED_ITEM ( 'NONE', ( #2859 ), #2470 ) ;
#2214 = CARTESIAN_POINT ( 'NONE',  ( -1.270887901932856501, 9.400000000000000355, -1.150332851019216340 ) ) ;
#2215 = DIRECTION ( 'NONE',  ( -0.000000000000000000, -1.000000000000000000, -0.000000000000000000 ) ) ;
#2216 = COLOUR_RGB ( '',1.000000000000000000, 0.5764705882352940680, 0.000000000000000000 ) ;
#2217 = VERTEX_POINT ( 'NONE', #1210 ) ;
#2218 = FILL_AREA_STYLE ('',( #3467 ) ) ;
#2219 = EDGE_CURVE ( 'NONE', #2249, #2614, #3805, .T. ) ;
#2220 = STYLED_ITEM ( 'NONE', ( #1732 ), #668 ) ;
#2221 = EDGE_CURVE ( 'NONE', #1708, #1169, #965, .T. ) ;
#2222 = CYLINDRICAL_SURFACE ( 'NONE', #3259, 0.4000000000000000222 ) ;
#2223 = MECHANICAL_DESIGN_GEOMETRIC_PRESENTATION_REPRESENTATION (  '', ( #3568 ), #2156 ) ;
#2224 = CARTESIAN_POINT ( 'NONE',  ( -0.5553116310352962381, 24.39999999999999858, 1.313679779901635536 ) ) ;
#2225 = VERTEX_POINT ( 'NONE', #886 ) ;
#2226 = DIRECTION ( 'NONE',  ( -0.000000000000000000, -1.000000000000000000, -0.000000000000000000 ) ) ;
#2227 = AXIS2_PLACEMENT_3D ( 'NONE', #3238, #536, #579 ) ;
#2228 = ADVANCED_FACE ( 'NONE', ( #1461 ), #847, .T. ) ;
#2229 = FILL_AREA_STYLE_COLOUR ( '', #1670 ) ;
#2230 = CARTESIAN_POINT ( 'NONE',  ( -0.8715574274765833795, 38.25000000000000000, 9.961946980917456784 ) ) ;
#2231 = CIRCLE ( 'NONE', #1865, 0.3999999999999993006 ) ;
#2232 = FILL_AREA_STYLE_COLOUR ( '', #1193 ) ;
#2233 =( NAMED_UNIT ( * ) PLANE_ANGLE_UNIT ( ) SI_UNIT ( $, .RADIAN. ) );
#2234 = VECTOR ( 'NONE', #739, 1000.000000000000000 ) ;
#2235 = AXIS2_PLACEMENT_3D ( 'NONE', #151, #1424, #2633 ) ;
#2236 =( NAMED_UNIT ( * ) SI_UNIT ( $, .STERADIAN. ) SOLID_ANGLE_UNIT ( ) );
#2237 = AXIS2_PLACEMENT_3D ( 'NONE', #2416, #1476, #633 ) ;
#2238 = ORIENTED_EDGE ( 'NONE', *, *, #282, .T. ) ;
#2239 =( NAMED_UNIT ( * ) PLANE_ANGLE_UNIT ( ) SI_UNIT ( $, .RADIAN. ) );
#2240 =( LENGTH_UNIT ( ) NAMED_UNIT ( * ) SI_UNIT ( .MILLI., .METRE. ) );
#2241 = STYLED_ITEM ( 'NONE', ( #3162 ), #2541 ) ;
#2242 = SURFACE_STYLE_USAGE ( .BOTH. , #2850 ) ;
#2243 = ORIENTED_EDGE ( 'NONE', *, *, #2447, .F. ) ;
#2244 = EDGE_CURVE ( 'NONE', #1029, #2851, #2978, .T. ) ;
#2245 = DIRECTION ( 'NONE',  ( 0.000000000000000000, 0.000000000000000000, 1.000000000000000000 ) ) ;
#2246 = APPLICATION_CONTEXT ( 'automotive_design' ) ;
#2247 = CARTESIAN_POINT ( 'NONE',  ( 0.1848617153801214996, 24.39999999999999858, 1.204021856784204036 ) ) ;
#2248 = FACE_OUTER_BOUND ( 'NONE', #3577, .T. ) ;
#2249 = VERTEX_POINT ( 'NONE', #2963 ) ;
#2250 = CIRCLE ( 'NONE', #1002, 0.4000000000000005218 ) ;
#2251 =( NAMED_UNIT ( * ) PLANE_ANGLE_UNIT ( ) SI_UNIT ( $, .RADIAN. ) );
#2252 = EDGE_CURVE ( 'NONE', #511, #596, #211, .T. ) ;
#2253 = PRESENTATION_STYLE_ASSIGNMENT (( #1634 ) ) ;
#2254 = VECTOR ( 'NONE', #488, 1000.000000000000000 ) ;
#2255 = CIRCLE ( 'NONE', #1332, 0.5000000000000000000 ) ;
#2256 = CARTESIAN_POINT ( 'NONE',  ( 1.738004324169895476, 38.25000000000000000, -9.847808942560101642 ) ) ;
#2257 = MECHANICAL_DESIGN_GEOMETRIC_PRESENTATION_REPRESENTATION (  '', ( #2964 ), #1829 ) ;
#2258 = VERTEX_POINT ( 'NONE', #3874 ) ;
#2259 = DIRECTION ( 'NONE',  ( 0.000000000000000000, -1.000000000000000000, 0.000000000000000000 ) ) ;
#2260 = SURFACE_STYLE_FILL_AREA ( #3165 ) ;
#2261 = FILL_AREA_STYLE ('',( #3766 ) ) ;
#2262 = SURFACE_SIDE_STYLE ('',( #2303 ) ) ;
#2263 = CARTESIAN_POINT ( 'NONE',  ( 0.8715574274765832685, 28.24999999999999645, -9.561946980917456429 ) ) ;
#2264 = FILL_AREA_STYLE_COLOUR ( '', #3161 ) ;
#2265 = DIRECTION ( 'NONE',  ( 0.000000000000000000, 0.000000000000000000, -1.000000000000000000 ) ) ;
#2266 = SURFACE_STYLE_USAGE ( .BOTH. , #1610 ) ;
#2267 = EDGE_CURVE ( 'NONE', #1672, #2994, #2086, .T. ) ;
#2268 =( NAMED_UNIT ( * ) SI_UNIT ( $, .STERADIAN. ) SOLID_ANGLE_UNIT ( ) );
#2269 = FACE_OUTER_BOUND ( 'NONE', #2818, .T. ) ;
#2270 = AXIS2_PLACEMENT_3D ( 'NONE', #2543, #2578, #517 ) ;
#2271 = SURFACE_SIDE_STYLE ('',( #426 ) ) ;
#2272 = VECTOR ( 'NONE', #1478, 1000.000000000000000 ) ;
#2273 = ORIENTED_EDGE ( 'NONE', *, *, #2961, .F. ) ;
#2274 =( NAMED_UNIT ( * ) PLANE_ANGLE_UNIT ( ) SI_UNIT ( $, .RADIAN. ) );
#2275 = AXIS2_PLACEMENT_3D ( 'NONE', #1750, #2328, #1114 ) ;
#2276 = SURFACE_STYLE_FILL_AREA ( #2884 ) ;
#2277 =( NAMED_UNIT ( * ) PLANE_ANGLE_UNIT ( ) SI_UNIT ( $, .RADIAN. ) );
#2278 = DIRECTION ( 'NONE',  ( 0.000000000000000000, 1.000000000000000000, 0.000000000000000000 ) ) ;
#2279 = CIRCLE ( 'NONE', #1676, 0.4000000000000005218 ) ;
#2280 = COLOUR_RGB ( '',0.000000000000000000, 1.000000000000000000, 1.000000000000000000 ) ;
#2281 = CARTESIAN_POINT ( 'NONE',  ( 1.692677974708935107, 24.39999999999999858, -0.2474439804227100970 ) ) ;
#2282 = MECHANICAL_DESIGN_GEOMETRIC_PRESENTATION_REPRESENTATION (  '', ( #541 ), #1431 ) ;
#2283 = DIRECTION ( 'NONE',  ( -0.000000000000000000, -1.000000000000000000, -0.000000000000000000 ) ) ;
#2284 = CARTESIAN_POINT ( 'NONE',  ( 0.000000000000000000, 2.500000000000000000, -21.87500000000000000 ) ) ;
#2285 = CARTESIAN_POINT ( 'NONE',  ( 15.09049266094380037, 0.000000000000000000, -8.712500000000069633 ) ) ;
#2286 = ORIENTED_EDGE ( 'NONE', *, *, #3670, .F. ) ;
#2287 = DIRECTION ( 'NONE',  ( 0.000000000000000000, 0.000000000000000000, 1.000000000000000000 ) ) ;
#2288 = DIRECTION ( 'NONE',  ( 0.000000000000000000, 0.000000000000000000, -1.000000000000000000 ) ) ;
#2289 = VECTOR ( 'NONE', #2339, 1000.000000000000000 ) ;
#2290 = MECHANICAL_DESIGN_GEOMETRIC_PRESENTATION_REPRESENTATION (  '', ( #359 ), #3507 ) ;
#2291 = ORIENTED_EDGE ( 'NONE', *, *, #2933, .F. ) ;
#2292 = DIRECTION ( 'NONE',  ( -0.000000000000000000, -1.000000000000000000, -0.000000000000000000 ) ) ;
#2293 = ADVANCED_FACE ( 'NONE', ( #1191 ), #1292, .T. ) ;
#2294 = VECTOR ( 'NONE', #567, 1000.000000000000000 ) ;
#2295 = SURFACE_SIDE_STYLE ('',( #538 ) ) ;
#2296 = CIRCLE ( 'NONE', #2036, 0.4000000000000010214 ) ;
#2297 =( GEOMETRIC_REPRESENTATION_CONTEXT ( 3 ) GLOBAL_UNCERTAINTY_ASSIGNED_CONTEXT ( ( #1165 ) ) GLOBAL_UNIT_ASSIGNED_CONTEXT ( ( #3267, #3565, #519 ) ) REPRESENTATION_CONTEXT ( 'NONE', 'WORKASPACE' ) );
#2298 = ADVANCED_FACE ( 'NONE', ( #582, #305, #2056, #2383, #1814 ), #2400, .F. ) ;
#2299 = EDGE_LOOP ( 'NONE', ( #3521, #190 ) ) ;
#2300 = AXIS2_PLACEMENT_3D ( 'NONE', #128, #1315, #429 ) ;
#2301 = DIRECTION ( 'NONE',  ( 0.000000000000000000, 0.000000000000000000, -1.000000000000000000 ) ) ;
#2302 = FACE_BOUND ( 'NONE', #2111, .T. ) ;
#2303 = SURFACE_STYLE_FILL_AREA ( #807 ) ;
#2304 = VERTEX_POINT ( 'NONE', #1500 ) ;
#2305 =( NAMED_UNIT ( * ) SI_UNIT ( $, .STERADIAN. ) SOLID_ANGLE_UNIT ( ) );
#2306 = DIRECTION ( 'NONE',  ( 1.000000000000000000, -0.000000000000000000, 1.224646799147353207E-16 ) ) ;
#2307 =( NAMED_UNIT ( * ) SI_UNIT ( $, .STERADIAN. ) SOLID_ANGLE_UNIT ( ) );
#2308 = ORIENTED_EDGE ( 'NONE', *, *, #2643, .T. ) ;
#2309 = CARTESIAN_POINT ( 'NONE',  ( 2.544026408265383843, 38.25000000000000000, 9.670983902067479931 ) ) ;
#2310 = FACE_OUTER_BOUND ( 'NONE', #2450, .T. ) ;
#2311 = SURFACE_STYLE_USAGE ( .BOTH. , #3235 ) ;
#2312 = ORIENTED_EDGE ( 'NONE', *, *, #3059, .T. ) ;
#2313 =( NAMED_UNIT ( * ) SI_UNIT ( $, .STERADIAN. ) SOLID_ANGLE_UNIT ( ) );
#2314 = STYLED_ITEM ( 'NONE', ( #3174 ), #2719 ) ;
#2315 =( NAMED_UNIT ( * ) PLANE_ANGLE_UNIT ( ) SI_UNIT ( $, .RADIAN. ) );
#2316 = AXIS2_PLACEMENT_3D ( 'NONE', #1089, #2531, #2907 ) ;
#2317 = EDGE_LOOP ( 'NONE', ( #3590, #686 ) ) ;
#2318 = DIRECTION ( 'NONE',  ( 0.000000000000000000, 0.000000000000000000, -1.000000000000000000 ) ) ;
#2319 = MECHANICAL_DESIGN_GEOMETRIC_PRESENTATION_REPRESENTATION (  '', ( #1886 ), #2895 ) ;
#2320 =( NAMED_UNIT ( * ) SI_UNIT ( $, .STERADIAN. ) SOLID_ANGLE_UNIT ( ) );
#2321 = DIRECTION ( 'NONE',  ( 0.000000000000000000, 1.000000000000000000, 0.000000000000000000 ) ) ;
#2322 = EDGE_CURVE ( 'NONE', #394, #2994, #2685, .T. ) ;
#2323 = VERTEX_POINT ( 'NONE', #3561 ) ;
#2324 = CIRCLE ( 'NONE', #638, 9.599999999999999645 ) ;
#2325 = ORIENTED_EDGE ( 'NONE', *, *, #1324, .F. ) ;
#2326 =( NAMED_UNIT ( * ) PLANE_ANGLE_UNIT ( ) SI_UNIT ( $, .RADIAN. ) );
#2327 = CARTESIAN_POINT ( 'NONE',  ( -0.8715574274765833795, 38.25000000000000000, -9.961946980917456784 ) ) ;
#2328 = DIRECTION ( 'NONE',  ( 0.000000000000000000, 1.000000000000000000, 0.000000000000000000 ) ) ;
#2329 = DIRECTION ( 'NONE',  ( 0.000000000000000000, 1.000000000000000000, 0.000000000000000000 ) ) ;
#2330 = ORIENTED_EDGE ( 'NONE', *, *, #22, .T. ) ;
#2331 = DIRECTION ( 'NONE',  ( 0.000000000000000000, -0.000000000000000000, 1.000000000000000000 ) ) ;
#2332 = SURFACE_STYLE_FILL_AREA ( #1143 ) ;
#2333 = FILL_AREA_STYLE_COLOUR ( '', #3781 ) ;
#2334 = UNCERTAINTY_MEASURE_WITH_UNIT (LENGTH_MEASURE( 1.000000000000000082E-05 ), #910, 'distance_accuracy_value', 'NONE');
#2335 = CYLINDRICAL_SURFACE ( 'NONE', #1232, 21.87500000000000000 ) ;
#2336 = PRESENTATION_LAYER_ASSIGNMENT (  '', '', ( #3799 ) ) ;
#2337 = ORIENTED_EDGE ( 'NONE', *, *, #2345, .F. ) ;
#2338 = SURFACE_STYLE_FILL_AREA ( #1127 ) ;
#2339 = DIRECTION ( 'NONE',  ( -0.000000000000000000, -1.000000000000000000, -0.000000000000000000 ) ) ;
#2340 = AXIS2_PLACEMENT_3D ( 'NONE', #2518, #1020, #1703 ) ;
#2341 = MECHANICAL_DESIGN_GEOMETRIC_PRESENTATION_REPRESENTATION (  '', ( #3173 ), #471 ) ;
#2342 = EDGE_CURVE ( 'NONE', #3313, #3602, #407, .T. ) ;
#2343 = ORIENTED_EDGE ( 'NONE', *, *, #773, .T. ) ;
#2344 = PRESENTATION_LAYER_ASSIGNMENT (  '', '', ( #275 ) ) ;
#2345 = EDGE_CURVE ( 'NONE', #1526, #2079, #261, .T. ) ;
#2346 = DIRECTION ( 'NONE',  ( 0.000000000000000000, 0.000000000000000000, 1.000000000000000000 ) ) ;
#2347 = AXIS2_PLACEMENT_3D ( 'NONE', #3013, #2798, #2163 ) ;
#2348 = DIRECTION ( 'NONE',  ( 0.000000000000000000, -1.000000000000000000, 0.000000000000000000 ) ) ;
#2349 = ORIENTED_EDGE ( 'NONE', *, *, #626, .F. ) ;
#2350 = VECTOR ( 'NONE', #3175, 1000.000000000000000 ) ;
#2351 =( NAMED_UNIT ( * ) PLANE_ANGLE_UNIT ( ) SI_UNIT ( $, .RADIAN. ) );
#2352 = DIRECTION ( 'NONE',  ( -0.000000000000000000, -1.000000000000000000, -0.000000000000000000 ) ) ;
#2353 = EDGE_CURVE ( 'NONE', #1136, #531, #3838, .T. ) ;
#2354 = VECTOR ( 'NONE', #893, 1000.000000000000000 ) ;
#2355 = VERTEX_POINT ( 'NONE', #540 ) ;
#2356 = CARTESIAN_POINT ( 'NONE',  ( 4.898587196589413075E-17, 28.24999999999999645, -9.600000000000001421 ) ) ;
#2357 =( NAMED_UNIT ( * ) PLANE_ANGLE_UNIT ( ) SI_UNIT ( $, .RADIAN. ) );
#2358 = AXIS2_PLACEMENT_3D ( 'NONE', #140, #1349, #3757 ) ;
#2359 = SURFACE_SIDE_STYLE ('',( #3583 ) ) ;
#2360 = STYLED_ITEM ( 'NONE', ( #2628 ), #1427 ) ;
#2361 = EDGE_LOOP ( 'NONE', ( #645, #841 ) ) ;
#2362 = FACE_OUTER_BOUND ( 'NONE', #718, .T. ) ;
#2363 = AXIS2_PLACEMENT_3D ( 'NONE', #454, #1658, #1360 ) ;
#2364 = COLOUR_RGB ( '',1.000000000000000000, 1.000000000000000000, 0.5019607843137254832 ) ;
#2365 = CYLINDRICAL_SURFACE ( 'NONE', #1635, 0.3999999999999999667 ) ;
#2366 = VERTEX_POINT ( 'NONE', #3587 ) ;
#2367 = AXIS2_PLACEMENT_3D ( 'NONE', #888, #1502, #3025 ) ;
#2368 = STYLED_ITEM ( 'NONE', ( #3657 ), #1775 ) ;
#2369 = DIRECTION ( 'NONE',  ( 0.000000000000000000, 0.000000000000000000, 1.000000000000000000 ) ) ;
#2370 = DIRECTION ( 'NONE',  ( 1.224646799147353454E-16, 0.000000000000000000, -1.000000000000000000 ) ) ;
#2371 = PRESENTATION_STYLE_ASSIGNMENT (( #3884 ) ) ;
#2372 = ORIENTED_EDGE ( 'NONE', *, *, #2125, .T. ) ;
#2373 = PRODUCT_DEFINITION ( 'UNKNOWN', '', #3517, #529 ) ;
#2374 = DIRECTION ( 'NONE',  ( 0.000000000000000000, 0.000000000000000000, -1.000000000000000000 ) ) ;
#2375 = CARTESIAN_POINT ( 'NONE',  ( 0.000000000000000000, 38.25000000000000000, -10.00000000000000000 ) ) ;
#2376 = CARTESIAN_POINT ( 'NONE',  ( -0.8715574274765833795, 38.25000000000000000, -9.961946980917456784 ) ) ;
#2377 = ORIENTED_EDGE ( 'NONE', *, *, #3250, .F. ) ;
#2378 = ADVANCED_FACE ( 'NONE', ( #2362 ), #3323, .T. ) ;
#2379 =( NAMED_UNIT ( * ) SI_UNIT ( $, .STERADIAN. ) SOLID_ANGLE_UNIT ( ) );
#2380 = CARTESIAN_POINT ( 'NONE',  ( 0.000000000000000000, 8.900000000000000355, 0.000000000000000000 ) ) ;
#2381 = COLOUR_RGB ( '',0.000000000000000000, 0.7529411764705882248, 0.000000000000000000 ) ;
#2382 = ORIENTED_EDGE ( 'NONE', *, *, #1602, .T. ) ;
#2383 = FACE_BOUND ( 'NONE', #661, .T. ) ;
#2384 = UNCERTAINTY_MEASURE_WITH_UNIT (LENGTH_MEASURE( 1.000000000000000082E-05 ), #1098, 'distance_accuracy_value', 'NONE');
#2385 = COLOUR_RGB ( '',1.000000000000000000, 0.6156862745098039547, 0.2235294117647058654 ) ;
#2386 =( LENGTH_UNIT ( ) NAMED_UNIT ( * ) SI_UNIT ( .MILLI., .METRE. ) );
#2387 = ORIENTED_EDGE ( 'NONE', *, *, #3145, .F. ) ;
#2388 = SURFACE_SIDE_STYLE ('',( #1837 ) ) ;
#2389 = CARTESIAN_POINT ( 'NONE',  ( 4.163799117101000066E-16, 8.900000000000000355, -3.399999999999999467 ) ) ;
#2390 =( GEOMETRIC_REPRESENTATION_CONTEXT ( 3 ) GLOBAL_UNCERTAINTY_ASSIGNED_CONTEXT ( ( #2175 ) ) GLOBAL_UNIT_ASSIGNED_CONTEXT ( ( #396, #2784, #1826 ) ) REPRESENTATION_CONTEXT ( 'NONE', 'WORKASPACE' ) );
#2391 = ORIENTED_EDGE ( 'NONE', *, *, #159, .F. ) ;
#2392 = SURFACE_STYLE_USAGE ( .BOTH. , #3674 ) ;
#2393 = CARTESIAN_POINT ( 'NONE',  ( 3.306546357697849296E-16, 0.000000000000000000, 20.12499999999999289 ) ) ;
#2394 = ORIENTED_EDGE ( 'NONE', *, *, #1254, .T. ) ;
#2395 =( NAMED_UNIT ( * ) PLANE_ANGLE_UNIT ( ) SI_UNIT ( $, .RADIAN. ) );
#2396 = EDGE_CURVE ( 'NONE', #972, #1231, #3870, .T. ) ;
#2397 = EDGE_LOOP ( 'NONE', ( #846, #3246 ) ) ;
#2398 = VERTEX_POINT ( 'NONE', #3065 ) ;
#2399 = ORIENTED_EDGE ( 'NONE', *, *, #2780, .T. ) ;
#2400 = PLANE ( 'NONE',  #593 ) ;
#2401 = CARTESIAN_POINT ( 'NONE',  ( 0.3525766757920597572, 24.39999999999999858, -0.7458650599722584928 ) ) ;
#2402 = DIRECTION ( 'NONE',  ( 1.000000000000000000, 0.000000000000000000, 0.000000000000000000 ) ) ;
#2403 = EDGE_LOOP ( 'NONE', ( #2387, #3460, #999, #147 ) ) ;
#2404 = MECHANICAL_DESIGN_GEOMETRIC_PRESENTATION_REPRESENTATION (  '', ( #1912 ), #650 ) ;
#2405 = PLANE ( 'NONE',  #2683 ) ;
#2406 = CARTESIAN_POINT ( 'NONE',  ( 0.8715574274765832685, 28.24999999999999645, 9.961946980917456784 ) ) ;
#2407 = DIRECTION ( 'NONE',  ( 0.000000000000000000, 1.000000000000000000, 0.000000000000000000 ) ) ;
#2408 = ORIENTED_EDGE ( 'NONE', *, *, #3063, .F. ) ;
#2409 =( LENGTH_UNIT ( ) NAMED_UNIT ( * ) SI_UNIT ( .MILLI., .METRE. ) );
#2410 = FILL_AREA_STYLE ('',( #974 ) ) ;
#2411 = AXIS2_PLACEMENT_3D ( 'NONE', #3631, #1860, #3076 ) ;
#2412 = ORIENTED_EDGE ( 'NONE', *, *, #3763, .F. ) ;
#2413 = FILL_AREA_STYLE ('',( #631 ) ) ;
#2414 = CIRCLE ( 'NONE', #3060, 2.699999999999999289 ) ;
#2415 = MECHANICAL_DESIGN_GEOMETRIC_PRESENTATION_REPRESENTATION (  '', ( #2924 ), #1965 ) ;
#2416 = CARTESIAN_POINT ( 'NONE',  ( 1.738004324169895476, 38.25000000000000000, 9.847808942560101642 ) ) ;
#2417 = ADVANCED_FACE ( 'NONE', ( #943 ), #637, .T. ) ;
#2418 = ORIENTED_EDGE ( 'NONE', *, *, #3597, .T. ) ;
#2419 =( NAMED_UNIT ( * ) PLANE_ANGLE_UNIT ( ) SI_UNIT ( $, .RADIAN. ) );
#2420 = AXIS2_PLACEMENT_3D ( 'NONE', #2421, #2747, #52 ) ;
#2421 = CARTESIAN_POINT ( 'NONE',  ( -0.7099363585365638940, 24.39999999999999858, 0.4202563108721194540 ) ) ;
#2422 = APPLICATION_PROTOCOL_DEFINITION ( 'draft international standard', 'automotive_design', 1998, #2246 ) ;
#2423 =( NAMED_UNIT ( * ) PLANE_ANGLE_UNIT ( ) SI_UNIT ( $, .RADIAN. ) );
#2424 = MECHANICAL_DESIGN_GEOMETRIC_PRESENTATION_REPRESENTATION (  '', ( #360 ), #2749 ) ;
#2425 = EDGE_CURVE ( 'NONE', #3640, #3602, #2812, .T. ) ;
#2426 = ORIENTED_EDGE ( 'NONE', *, *, #2771, .F. ) ;
#2427 = SURFACE_STYLE_FILL_AREA ( #3047 ) ;
#2428 = FACE_OUTER_BOUND ( 'NONE', #3620, .T. ) ;
#2429 = ORIENTED_EDGE ( 'NONE', *, *, #1840, .T. ) ;
#2430 = VECTOR ( 'NONE', #1604, 1000.000000000000000 ) ;
#2431 = FILL_AREA_STYLE_COLOUR ( '', #2216 ) ;
#2432 =( GEOMETRIC_REPRESENTATION_CONTEXT ( 3 ) GLOBAL_UNCERTAINTY_ASSIGNED_CONTEXT ( ( #1794 ) ) GLOBAL_UNIT_ASSIGNED_CONTEXT ( ( #648, #2395, #379 ) ) REPRESENTATION_CONTEXT ( 'NONE', 'WORKASPACE' ) );
#2433 = CARTESIAN_POINT ( 'NONE',  ( 0.000000000000000000, 28.24999999999999645, 10.00000000000000000 ) ) ;
#2434 =( GEOMETRIC_REPRESENTATION_CONTEXT ( 3 ) GLOBAL_UNCERTAINTY_ASSIGNED_CONTEXT ( ( #1756 ) ) GLOBAL_UNIT_ASSIGNED_CONTEXT ( ( #1145, #3616, #3319 ) ) REPRESENTATION_CONTEXT ( 'NONE', 'WORKASPACE' ) );
#2435 = CARTESIAN_POINT ( 'NONE',  ( -0.2650306909542098910, 9.400000000000000355, -0.9663558761958366272 ) ) ;
#2436 = CARTESIAN_POINT ( 'NONE',  ( 2.544026408265383843, 38.25000000000000000, 9.270983902067479576 ) ) ;
#2437 = EDGE_LOOP ( 'NONE', ( #575, #2009, #304, #2644 ) ) ;
#2438 = SURFACE_STYLE_FILL_AREA ( #2413 ) ;
#2439 = FILL_AREA_STYLE_COLOUR ( '', #864 ) ;
#2440 = ORIENTED_EDGE ( 'NONE', *, *, #553, .T. ) ;
#2441 = FACE_OUTER_BOUND ( 'NONE', #357, .T. ) ;
#2442 =( LENGTH_UNIT ( ) NAMED_UNIT ( * ) SI_UNIT ( .MILLI., .METRE. ) );
#2443 = DIRECTION ( 'NONE',  ( 0.8123622681146766000, 0.000000000000000000, 0.5831531062624795148 ) ) ;
#2444 = ORIENTED_EDGE ( 'NONE', *, *, #3857, .T. ) ;
#2445 = DIRECTION ( 'NONE',  ( 0.000000000000000000, 1.000000000000000000, 0.000000000000000000 ) ) ;
#2446 = CIRCLE ( 'NONE', #744, 0.3999999999999993006 ) ;
#2447 = EDGE_CURVE ( 'NONE', #2871, #3451, #3438, .T. ) ;
#2448 = DIRECTION ( 'NONE',  ( 0.000000000000000000, 0.000000000000000000, -1.000000000000000000 ) ) ;
#2449 = FILL_AREA_STYLE ('',( #1262 ) ) ;
#2450 = EDGE_LOOP ( 'NONE', ( #3392, #2180, #1565, #3215 ) ) ;
#2451 = PRESENTATION_LAYER_ASSIGNMENT (  '', '', ( #694 ) ) ;
#2452 = SURFACE_STYLE_FILL_AREA ( #94 ) ;
#2453 = DIRECTION ( 'NONE',  ( 0.000000000000000000, 1.000000000000000000, 0.000000000000000000 ) ) ;
#2454 =( GEOMETRIC_REPRESENTATION_CONTEXT ( 3 ) GLOBAL_UNCERTAINTY_ASSIGNED_CONTEXT ( ( #2052 ) ) GLOBAL_UNIT_ASSIGNED_CONTEXT ( ( #1355, #1643, #2508 ) ) REPRESENTATION_CONTEXT ( 'NONE', 'WORKASPACE' ) );
#2455 = CARTESIAN_POINT ( 'NONE',  ( 0.000000000000000000, 24.39999999999999858, 0.000000000000000000 ) ) ;
#2456 = DIRECTION ( 'NONE',  ( 0.000000000000000000, 1.000000000000000000, 0.000000000000000000 ) ) ;
#2457 = ORIENTED_EDGE ( 'NONE', *, *, #1395, .F. ) ;
#2458 = CARTESIAN_POINT ( 'NONE',  ( -0.7099363585365638940, 24.39999999999999858, 0.4202563108721194540 ) ) ;
#2459 = CARTESIAN_POINT ( 'NONE',  ( -0.8715574274765833795, 28.24999999999999645, 9.961946980917456784 ) ) ;
#2460 = DIRECTION ( 'NONE',  ( -0.000000000000000000, -1.000000000000000000, -0.000000000000000000 ) ) ;
#2461 = DIRECTION ( 'NONE',  ( -0.000000000000000000, -1.000000000000000000, -0.000000000000000000 ) ) ;
#2462 = DIRECTION ( 'NONE',  ( 0.000000000000000000, 0.000000000000000000, -1.000000000000000000 ) ) ;
#2463 = ORIENTED_EDGE ( 'NONE', *, *, #1950, .F. ) ;
#2464 = SURFACE_STYLE_USAGE ( .BOTH. , #311 ) ;
#2465 = CARTESIAN_POINT ( 'NONE',  ( -15.09049266094379682, 0.000000000000000000, -8.712500000000071410 ) ) ;
#2466 = ADVANCED_FACE ( 'NONE', ( #2441 ), #2152, .T. ) ;
#2467 = SURFACE_STYLE_USAGE ( .BOTH. , #1279 ) ;
#2468 = EDGE_LOOP ( 'NONE', ( #245, #730, #1989, #801 ) ) ;
#2469 = PRESENTATION_STYLE_ASSIGNMENT (( #1571 ) ) ;
#2470 = ADVANCED_FACE ( 'NONE', ( #759 ), #2521, .T. ) ;
#2471 = FACE_BOUND ( 'NONE', #117, .T. ) ;
#2472 = AXIS2_PLACEMENT_3D ( 'NONE', #3865, #2972, #2135 ) ;
#2473 = CARTESIAN_POINT ( 'NONE',  ( 0.3525766757920597572, 24.39999999999999858, -0.7458650599722584928 ) ) ;
#2474 = DIRECTION ( 'NONE',  ( 0.000000000000000000, 0.000000000000000000, 1.000000000000000000 ) ) ;
#2475 = CARTESIAN_POINT ( 'NONE',  ( 0.1848617153801214441, 24.39999999999999858, 0.4040218567842039366 ) ) ;
#2476 = ORIENTED_EDGE ( 'NONE', *, *, #1931, .F. ) ;
#2477 = SURFACE_SIDE_STYLE ('',( #2438 ) ) ;
#2478 = EDGE_CURVE ( 'NONE', #3607, #1255, #242, .T. ) ;
#2479 = PRESENTATION_LAYER_ASSIGNMENT (  '', '', ( #2807 ) ) ;
#2480 = CARTESIAN_POINT ( 'NONE',  ( -0.6287016611611960792, 24.39999999999999858, -0.9341902481823799453 ) ) ;
#2481 = FACE_OUTER_BOUND ( 'NONE', #792, .T. ) ;
#2482 =( GEOMETRIC_REPRESENTATION_CONTEXT ( 3 ) GLOBAL_UNCERTAINTY_ASSIGNED_CONTEXT ( ( #3096 ) ) GLOBAL_UNIT_ASSIGNED_CONTEXT ( ( #1052, #2251, #1678 ) ) REPRESENTATION_CONTEXT ( 'NONE', 'WORKASPACE' ) );
#2483 = FILL_AREA_STYLE_COLOUR ( '', #2668 ) ;
#2484 = MECHANICAL_DESIGN_GEOMETRIC_PRESENTATION_REPRESENTATION (  '', ( #2220 ), #3699 ) ;
#2485 = COLOUR_RGB ( '',0.000000000000000000, 0.7529411764705882248, 0.000000000000000000 ) ;
#2486 = ORIENTED_EDGE ( 'NONE', *, *, #2069, .T. ) ;
#2487 = CARTESIAN_POINT ( 'NONE',  ( -1.270887901932856501, 24.39999999999999858, -1.550332851019216251 ) ) ;
#2488 = DIRECTION ( 'NONE',  ( 0.000000000000000000, 1.000000000000000000, 0.000000000000000000 ) ) ;
#2489 = FACE_OUTER_BOUND ( 'NONE', #2468, .T. ) ;
#2490 = DIRECTION ( 'NONE',  ( 0.000000000000000000, 0.000000000000000000, 1.000000000000000000 ) ) ;
#2491 = ORIENTED_EDGE ( 'NONE', *, *, #1152, .T. ) ;
#2492 = PLANE ( 'NONE',  #34 ) ;
#2493 = UNCERTAINTY_MEASURE_WITH_UNIT (LENGTH_MEASURE( 1.000000000000000082E-05 ), #836, 'distance_accuracy_value', 'NONE');
#2494 = DIRECTION ( 'NONE',  ( 0.000000000000000000, 1.000000000000000000, 0.000000000000000000 ) ) ;
#2495 = DIRECTION ( 'NONE',  ( -0.000000000000000000, -1.000000000000000000, -0.000000000000000000 ) ) ;
#2496 =( LENGTH_UNIT ( ) NAMED_UNIT ( * ) SI_UNIT ( .MILLI., .METRE. ) );
#2497 = STYLED_ITEM ( 'NONE', ( #1206 ), #2199 ) ;
#2498 = MECHANICAL_DESIGN_GEOMETRIC_PRESENTATION_REPRESENTATION (  '', ( #1044 ), #2432 ) ;
#2499 = EDGE_CURVE ( 'NONE', #2614, #2249, #2949, .T. ) ;
#2500 =( NAMED_UNIT ( * ) SI_UNIT ( $, .STERADIAN. ) SOLID_ANGLE_UNIT ( ) );
#2501 = SURFACE_SIDE_STYLE ('',( #652 ) ) ;
#2502 = FILL_AREA_STYLE ('',( #1294 ) ) ;
#2503 = ORIENTED_EDGE ( 'NONE', *, *, #2425, .F. ) ;
#2504 = DIRECTION ( 'NONE',  ( -0.000000000000000000, -1.000000000000000000, -0.000000000000000000 ) ) ;
#2505 = SHAPE_REPRESENTATION ( '1000030', ( #1446 ), #3261 ) ;
#2506 = FILL_AREA_STYLE ('',( #1354 ) ) ;
#2507 = CARTESIAN_POINT ( 'NONE',  ( 0.000000000000000000, 38.25000000000000000, 10.00000000000000000 ) ) ;
#2508 =( NAMED_UNIT ( * ) SI_UNIT ( $, .STERADIAN. ) SOLID_ANGLE_UNIT ( ) );
#2509 = ORIENTED_EDGE ( 'NONE', *, *, #3771, .T. ) ;
#2510 = CIRCLE ( 'NONE', #2637, 0.4000000000000000777 ) ;
#2511 = CARTESIAN_POINT ( 'NONE',  ( 1.044608899179063410, 9.400000000000000355, 0.9086366076954687232 ) ) ;
#2512 = CARTESIAN_POINT ( 'NONE',  ( 0.000000000000000000, 2.500000000000000000, -10.90000000000000036 ) ) ;
#2513 = EDGE_LOOP ( 'NONE', ( #3371, #2238, #1918, #344 ) ) ;
#2514 = CYLINDRICAL_SURFACE ( 'NONE', #1164, 0.4000000000000010214 ) ;
#2515 =( LENGTH_UNIT ( ) NAMED_UNIT ( * ) SI_UNIT ( .MILLI., .METRE. ) );
#2516 = CARTESIAN_POINT ( 'NONE',  ( -1.405902292668247844, 9.400000000000000355, -0.1309742009670326612 ) ) ;
#2517 = VECTOR ( 'NONE', #1932, 1000.000000000000000 ) ;
#2518 = CARTESIAN_POINT ( 'NONE',  ( -1.702137580665993966, 38.25000000000000000, -9.854071628341479538 ) ) ;
#2519 = ADVANCED_FACE ( 'NONE', ( #2269 ), #1638, .T. ) ;
#2520 = EDGE_CURVE ( 'NONE', #3451, #2871, #2113, .T. ) ;
#2521 = PLANE ( 'NONE',  #1696 ) ;
#2522 = DIRECTION ( 'NONE',  ( -0.000000000000000000, -1.000000000000000000, -0.000000000000000000 ) ) ;
#2523 = ORIENTED_EDGE ( 'NONE', *, *, #3382, .F. ) ;
#2524 = CARTESIAN_POINT ( 'NONE',  ( 2.544026408265383843, 28.24999999999999645, 9.670983902067479931 ) ) ;
#2525 = CYLINDRICAL_SURFACE ( 'NONE', #908, 0.4000000000000001332 ) ;
#2526 = CARTESIAN_POINT ( 'NONE',  ( 1.692677974708935107, 9.400000000000000355, 0.1525560195772903138 ) ) ;
#2527 = FILL_AREA_STYLE ('',( #3813 ) ) ;
#2528 = CYLINDRICAL_SURFACE ( 'NONE', #3029, 0.3999999999999999667 ) ;
#2529 = ORIENTED_EDGE ( 'NONE', *, *, #3182, .F. ) ;
#2530 = UNCERTAINTY_MEASURE_WITH_UNIT (LENGTH_MEASURE( 1.000000000000000082E-05 ), #731, 'distance_accuracy_value', 'NONE');
#2531 = DIRECTION ( 'NONE',  ( 0.000000000000000000, 1.000000000000000000, 0.000000000000000000 ) ) ;
#2532 = PLANE ( 'NONE',  #3622 ) ;
#2533 = PRESENTATION_LAYER_ASSIGNMENT (  '', '', ( #1912 ) ) ;
#2534 = VECTOR ( 'NONE', #2645, 1000.000000000000000 ) ;
#2535 = LINE ( 'NONE', #2875, #803 ) ;
#2536 = PRESENTATION_STYLE_ASSIGNMENT (( #193 ) ) ;
#2537 = STYLED_ITEM ( 'NONE', ( #3613 ), #263 ) ;
#2538 = DIRECTION ( 'NONE',  ( 0.000000000000000000, 0.000000000000000000, 1.000000000000000000 ) ) ;
#2539 = COLOUR_RGB ( '',1.000000000000000000, 1.000000000000000000, 0.000000000000000000 ) ;
#2540 = CIRCLE ( 'NONE', #3381, 0.3999999999999993006 ) ;
#2541 = ADVANCED_FACE ( 'NONE', ( #156 ), #1367, .T. ) ;
#2542 = EDGE_LOOP ( 'NONE', ( #2881, #1413, #268, #1850 ) ) ;
#2543 = CARTESIAN_POINT ( 'NONE',  ( 0.000000000000000000, 8.900000000000000355, 0.000000000000000000 ) ) ;
#2544 = VECTOR ( 'NONE', #2761, 1000.000000000000000 ) ;
#2545 = DIRECTION ( 'NONE',  ( 0.000000000000000000, 0.000000000000000000, 1.000000000000000000 ) ) ;
#2546 = DIRECTION ( 'NONE',  ( -0.000000000000000000, -1.000000000000000000, -0.000000000000000000 ) ) ;
#2547 = EDGE_CURVE ( 'NONE', #2691, #3760, #375, .T. ) ;
#2548 = STYLED_ITEM ( 'NONE', ( #1778 ), #1006 ) ;
#2549 = CARTESIAN_POINT ( 'NONE',  ( -1.702137580665993966, 28.24999999999999645, -9.454071628341480960 ) ) ;
#2550 = ORIENTED_EDGE ( 'NONE', *, *, #2883, .T. ) ;
#2551 = CARTESIAN_POINT ( 'NONE',  ( -1.405902292668247844, 9.400000000000000355, -0.5309742009670327390 ) ) ;
#2552 = CIRCLE ( 'NONE', #605, 3.899999999999999467 ) ;
#2553 = CARTESIAN_POINT ( 'NONE',  ( -1.702137580665993966, 38.25000000000000000, 9.854071628341479538 ) ) ;
#2554 =( LENGTH_UNIT ( ) NAMED_UNIT ( * ) SI_UNIT ( .MILLI., .METRE. ) );
#2555 = AXIS2_PLACEMENT_3D ( 'NONE', #2526, #2488, #3111 ) ;
#2556 = DIRECTION ( 'NONE',  ( -0.000000000000000000, -1.000000000000000000, -0.000000000000000000 ) ) ;
#2557 = CIRCLE ( 'NONE', #2822, 0.3999999999999993006 ) ;
#2558 = LINE ( 'NONE', #3775, #1759 ) ;
#2559 = DIRECTION ( 'NONE',  ( 0.000000000000000000, 0.000000000000000000, 1.000000000000000000 ) ) ;
#2560 = EDGE_LOOP ( 'NONE', ( #1806, #2580, #1208, #3027 ) ) ;
#2561 = SURFACE_SIDE_STYLE ('',( #802 ) ) ;
#2562 = FACE_OUTER_BOUND ( 'NONE', #2588, .T. ) ;
#2563 = CARTESIAN_POINT ( 'NONE',  ( 0.8232053680170706711, 24.39999999999999858, -0.3456132178936880961 ) ) ;
#2564 = EDGE_LOOP ( 'NONE', ( #1215, #3075, #1420, #3332 ) ) ;
#2565 = CARTESIAN_POINT ( 'NONE',  ( 0.000000000000000000, 38.25000000000000000, 10.00000000000000000 ) ) ;
#2566 = ADVANCED_FACE ( 'NONE', ( #2051 ), #2, .T. ) ;
#2567 = ORIENTED_EDGE ( 'NONE', *, *, #2520, .T. ) ;
#2568 = AXIS2_PLACEMENT_3D ( 'NONE', #2473, #3053, #914 ) ;
#2569 = FACE_BOUND ( 'NONE', #490, .T. ) ;
#2570 = SURFACE_STYLE_FILL_AREA ( #2872 ) ;
#2571 = VECTOR ( 'NONE', #1267, 1000.000000000000000 ) ;
#2572 = CARTESIAN_POINT ( 'NONE',  ( 1.738004324169895476, 28.24999999999999645, -10.24780894256010377 ) ) ;
#2573 = CIRCLE ( 'NONE', #131, 0.3999999999999999667 ) ;
#2574 = DIRECTION ( 'NONE',  ( 0.000000000000000000, 0.000000000000000000, -1.000000000000000000 ) ) ;
#2575 =( NAMED_UNIT ( * ) PLANE_ANGLE_UNIT ( ) SI_UNIT ( $, .RADIAN. ) );
#2576 = AXIS2_PLACEMENT_3D ( 'NONE', #935, #997, #2188 ) ;
#2577 = ORIENTED_EDGE ( 'NONE', *, *, #1374, .F. ) ;
#2578 = DIRECTION ( 'NONE',  ( 0.000000000000000000, 1.000000000000000000, 0.000000000000000000 ) ) ;
#2579 = CARTESIAN_POINT ( 'NONE',  ( 0.3525766757920597572, 24.39999999999999858, -1.145865059972258626 ) ) ;
#2580 = ORIENTED_EDGE ( 'NONE', *, *, #461, .F. ) ;
#2581 = FILL_AREA_STYLE ('',( #412 ) ) ;
#2582 = CARTESIAN_POINT ( 'NONE',  ( 1.044608899179063410, 24.39999999999999858, 0.9086366076954687232 ) ) ;
#2583 = CARTESIAN_POINT ( 'NONE',  ( 0.8232053680170706711, 24.39999999999999858, -0.3456132178936880961 ) ) ;
#2584 = FACE_OUTER_BOUND ( 'NONE', #503, .T. ) ;
#2585 = ORIENTED_EDGE ( 'NONE', *, *, #3477, .T. ) ;
#2586 = EDGE_CURVE ( 'NONE', #3049, #1791, #2250, .T. ) ;
#2587 = FACE_BOUND ( 'NONE', #3192, .T. ) ;
#2588 = EDGE_LOOP ( 'NONE', ( #1726, #989, #254, #2730 ) ) ;
#2589 = DIRECTION ( 'NONE',  ( -0.000000000000000000, -1.000000000000000000, -0.000000000000000000 ) ) ;
#2590 = DIRECTION ( 'NONE',  ( 0.000000000000000000, 1.000000000000000000, 0.000000000000000000 ) ) ;
#2591 = VECTOR ( 'NONE', #3707, 1000.000000000000000 ) ;
#2592 = ADVANCED_FACE ( 'NONE', ( #1810 ), #1019, .T. ) ;
#2593 =( NAMED_UNIT ( * ) PLANE_ANGLE_UNIT ( ) SI_UNIT ( $, .RADIAN. ) );
#2594 =( GEOMETRIC_REPRESENTATION_CONTEXT ( 3 ) GLOBAL_UNCERTAINTY_ASSIGNED_CONTEXT ( ( #2787 ) ) GLOBAL_UNIT_ASSIGNED_CONTEXT ( ( #1060, #2274, #498 ) ) REPRESENTATION_CONTEXT ( 'NONE', 'WORKASPACE' ) );
#2595 = DIRECTION ( 'NONE',  ( -0.000000000000000000, -1.000000000000000000, -0.000000000000000000 ) ) ;
#2596 = FACE_OUTER_BOUND ( 'NONE', #180, .T. ) ;
#2597 = AXIS2_PLACEMENT_3D ( 'NONE', #2870, #1648, #755 ) ;
#2598 = VECTOR ( 'NONE', #3242, 1000.000000000000000 ) ;
#2599 = ORIENTED_EDGE ( 'NONE', *, *, #2648, .F. ) ;
#2600 = SURFACE_STYLE_USAGE ( .BOTH. , #3483 ) ;
#2601 = APPLICATION_CONTEXT ( 'automotive_design' ) ;
#2602 = DIRECTION ( 'NONE',  ( 0.000000000000000000, 0.000000000000000000, -1.000000000000000000 ) ) ;
#2603 = ORIENTED_EDGE ( 'NONE', *, *, #2841, .F. ) ;
#2604 = AXIS2_PLACEMENT_3D ( 'NONE', #3611, #2352, #527 ) ;
#2605 = CLOSED_SHELL ( 'NONE', ( #2958, #433, #1757, #1823, #1666, #3836, #3881, #1251, #3309, #2466, #2618, #122, #1283, #674, #1897, #839, #3890, #1276, #1581, #3085, #1230, #829, #2298, #3903, #413, #2777, #2073, #1717, #1515, #3117, #1028, #1004, #3792, #3067, #668, #237, #3480, #957, #1131, #3641, #1553, #208, #142, #2519, #646, #1935, #858, #3202, #1149, #2470, #2417, #1100, #3281, #2378, #3738, #3078, #1775, #137 ) ) ;
#2606 = EDGE_LOOP ( 'NONE', ( #174, #1429, #2399, #484 ) ) ;
#2607 = DIRECTION ( 'NONE',  ( 0.000000000000000000, 0.000000000000000000, 1.000000000000000000 ) ) ;
#2608 = DIRECTION ( 'NONE',  ( 0.000000000000000000, 1.000000000000000000, 0.000000000000000000 ) ) ;
#2609 = PRESENTATION_STYLE_ASSIGNMENT (( #3191 ) ) ;
#2610 = DIRECTION ( 'NONE',  ( 0.000000000000000000, 0.000000000000000000, 1.000000000000000000 ) ) ;
#2611 = CARTESIAN_POINT ( 'NONE',  ( 2.544026408265383843, 38.25000000000000000, -9.670983902067479931 ) ) ;
#2612 = COLOUR_RGB ( '',0.5254901960784313930, 0.4431372549019607643, 0.03137254901960784270 ) ;
#2613 = CIRCLE ( 'NONE', #1685, 4.750000000000000000 ) ;
#2614 = VERTEX_POINT ( 'NONE', #725 ) ;
#2615 = CARTESIAN_POINT ( 'NONE',  ( 0.3525766757920597572, 24.39999999999999858, -0.7458650599722584928 ) ) ;
#2616 = FILL_AREA_STYLE ('',( #2333 ) ) ;
#2617 = VECTOR ( 'NONE', #2705, 1000.000000000000000 ) ;
#2618 = ADVANCED_FACE ( 'NONE', ( #3424 ), #3147, .T. ) ;
#2619 = DIRECTION ( 'NONE',  ( 0.000000000000000000, 0.000000000000000000, -1.000000000000000000 ) ) ;
#2620 = CIRCLE ( 'NONE', #1864, 21.87500000000000000 ) ;
#2621 = EDGE_LOOP ( 'NONE', ( #2143, #3867, #779, #2626 ) ) ;
#2622 = CARTESIAN_POINT ( 'NONE',  ( 0.000000000000000000, 9.400000000000000355, 0.000000000000000000 ) ) ;
#2623 = CARTESIAN_POINT ( 'NONE',  ( 1.738004324169895476, 38.25000000000000000, -10.24780894256010377 ) ) ;
#2624 = MECHANICAL_DESIGN_GEOMETRIC_PRESENTATION_REPRESENTATION (  '', ( #1516 ), #1047 ) ;
#2625 = DIRECTION ( 'NONE',  ( 0.000000000000000000, 0.000000000000000000, 1.000000000000000000 ) ) ;
#2626 = ORIENTED_EDGE ( 'NONE', *, *, #96, .T. ) ;
#2627 = ORIENTED_EDGE ( 'NONE', *, *, #960, .T. ) ;
#2628 = PRESENTATION_STYLE_ASSIGNMENT (( #186 ) ) ;
#2629 = FILL_AREA_STYLE_COLOUR ( '', #3579 ) ;
#2630 = DIRECTION ( 'NONE',  ( 0.000000000000000000, 1.000000000000000000, 0.000000000000000000 ) ) ;
#2631 = ORIENTED_EDGE ( 'NONE', *, *, #3302, .F. ) ;
#2632 = FILL_AREA_STYLE ('',( #1449 ) ) ;
#2633 = DIRECTION ( 'NONE',  ( 0.000000000000000000, 0.000000000000000000, 1.000000000000000000 ) ) ;
#2634 = ORIENTED_EDGE ( 'NONE', *, *, #3226, .T. ) ;
#2635 = DIRECTION ( 'NONE',  ( 0.000000000000000000, -0.000000000000000000, 1.000000000000000000 ) ) ;
#2636 = CARTESIAN_POINT ( 'NONE',  ( 1.738004324169895476, 38.25000000000000000, -10.24780894256010377 ) ) ;
#2637 = AXIS2_PLACEMENT_3D ( 'NONE', #2516, #2211, #984 ) ;
#2638 = DIRECTION ( 'NONE',  ( 0.000000000000000000, 0.000000000000000000, 1.000000000000000000 ) ) ;
#2639 = DIRECTION ( 'NONE',  ( 0.000000000000000000, 1.000000000000000000, 0.000000000000000000 ) ) ;
#2640 = EDGE_CURVE ( 'NONE', #2005, #2217, #3020, .T. ) ;
#2641 = CARTESIAN_POINT ( 'NONE',  ( 2.544026408265383843, 38.25000000000000000, -10.07098390206747851 ) ) ;
#2642 = PRESENTATION_LAYER_ASSIGNMENT (  '', '', ( #3532 ) ) ;
#2643 = EDGE_CURVE ( 'NONE', #2258, #3610, #1462, .T. ) ;
#2644 = ORIENTED_EDGE ( 'NONE', *, *, #2267, .T. ) ;
#2645 = DIRECTION ( 'NONE',  ( -0.000000000000000000, -1.000000000000000000, -0.000000000000000000 ) ) ;
#2646 = MECHANICAL_DESIGN_GEOMETRIC_PRESENTATION_REPRESENTATION (  '', ( #1767 ), #2454 ) ;
#2647 = CARTESIAN_POINT ( 'NONE',  ( 0.1848617153801214441, 24.39999999999999858, 0.8040218567842040143 ) ) ;
#2648 = EDGE_CURVE ( 'NONE', #333, #2669, #319, .T. ) ;
#2649 = FILL_AREA_STYLE ('',( #3839 ) ) ;
#2651 = EDGE_CURVE ( 'NONE', #3840, #30, #2446, .T. ) ;
#2650 = CIRCLE ( 'NONE', #881, 3.899999999999999467 ) ;
#2652 = ORIENTED_EDGE ( 'NONE', *, *, #3771, .F. ) ;
#2653 = CARTESIAN_POINT ( 'NONE',  ( -1.702137580665993966, 28.24999999999999645, -10.25407162834147989 ) ) ;
#2654 =( LENGTH_UNIT ( ) NAMED_UNIT ( * ) SI_UNIT ( .MILLI., .METRE. ) );
#2655 = ORIENTED_EDGE ( 'NONE', *, *, #1819, .T. ) ;
#2656 = DIRECTION ( 'NONE',  ( -0.000000000000000000, -1.000000000000000000, -0.000000000000000000 ) ) ;
#2657 = DIRECTION ( 'NONE',  ( 0.000000000000000000, 0.000000000000000000, -1.000000000000000000 ) ) ;
#2658 = ORIENTED_EDGE ( 'NONE', *, *, #159, .T. ) ;
#2659 = LINE ( 'NONE', #2910, #3615 ) ;
#2660 = ORIENTED_EDGE ( 'NONE', *, *, #3177, .F. ) ;
#2661 =( NAMED_UNIT ( * ) PLANE_ANGLE_UNIT ( ) SI_UNIT ( $, .RADIAN. ) );
#2662 = DIRECTION ( 'NONE',  ( 0.000000000000000000, 0.000000000000000000, -1.000000000000000000 ) ) ;
#2663 = AXIS2_PLACEMENT_3D ( 'NONE', #1296, #2751, #1855 ) ;
#2664 = ORIENTED_EDGE ( 'NONE', *, *, #3676, .F. ) ;
#2665 = DIRECTION ( 'NONE',  ( 0.000000000000000000, 1.000000000000000000, 0.000000000000000000 ) ) ;
#2666 = EDGE_CURVE ( 'NONE', #862, #11, #2119, .T. ) ;
#2667 = COLOUR_RGB ( '',1.000000000000000000, 0.000000000000000000, 0.000000000000000000 ) ;
#2668 = COLOUR_RGB ( '',0.5019607843137254832, 0.5019607843137254832, 0.5019607843137254832 ) ;
#2669 = VERTEX_POINT ( 'NONE', #2148 ) ;
#2670 = EDGE_CURVE ( 'NONE', #948, #613, #2510, .T. ) ;
#2671 = CARTESIAN_POINT ( 'NONE',  ( -0.8715574274765833795, 38.25000000000000000, -9.961946980917456784 ) ) ;
#2672 = AXIS2_PLACEMENT_3D ( 'NONE', #3314, #604, #3032 ) ;
#2673 = FILL_AREA_STYLE ('',( #1447 ) ) ;
#2674 = COLOUR_RGB ( '',0.7529411764705882248, 0.7529411764705882248, 1.000000000000000000 ) ;
#2675 = CARTESIAN_POINT ( 'NONE',  ( -0.8715574274765833795, 28.24999999999999645, -9.561946980917456429 ) ) ;
#2676 = SURFACE_STYLE_USAGE ( .BOTH. , #551 ) ;
#2677 = ORIENTED_EDGE ( 'NONE', *, *, #138, .F. ) ;
#2678 = DIRECTION ( 'NONE',  ( 0.000000000000000000, 0.000000000000000000, -1.000000000000000000 ) ) ;
#2679 = VERTEX_POINT ( 'NONE', #3389 ) ;
#2680 = COLOUR_RGB ( '',1.000000000000000000, 0.000000000000000000, 0.000000000000000000 ) ;
#2681 = DIRECTION ( 'NONE',  ( -0.000000000000000000, -1.000000000000000000, -0.000000000000000000 ) ) ;
#2682 = CIRCLE ( 'NONE', #669, 0.3999999999999993006 ) ;
#2683 = AXIS2_PLACEMENT_3D ( 'NONE', #1507, #642, #2754 ) ;
#2684 = ORIENTED_EDGE ( 'NONE', *, *, #1049, .T. ) ;
#2685 = LINE ( 'NONE', #3305, #2534 ) ;
#2686 =( GEOMETRIC_REPRESENTATION_CONTEXT ( 3 ) GLOBAL_UNCERTAINTY_ASSIGNED_CONTEXT ( ( #2334 ) ) GLOBAL_UNIT_ASSIGNED_CONTEXT ( ( #910, #2137, #353 ) ) REPRESENTATION_CONTEXT ( 'NONE', 'WORKASPACE' ) );
#2687 = APPLICATION_PROTOCOL_DEFINITION ( 'draft international standard', 'automotive_design', 1998, #1617 ) ;
#2688 = ORIENTED_EDGE ( 'NONE', *, *, #3138, .T. ) ;
#2689 =( LENGTH_UNIT ( ) NAMED_UNIT ( * ) SI_UNIT ( .MILLI., .METRE. ) );
#2690 = DIRECTION ( 'NONE',  ( 0.000000000000000000, 0.000000000000000000, 1.000000000000000000 ) ) ;
#2691 = VERTEX_POINT ( 'NONE', #2480 ) ;
#2692 = DIRECTION ( 'NONE',  ( -0.000000000000000000, -1.000000000000000000, -0.000000000000000000 ) ) ;
#2693 = ADVANCED_FACE ( 'NONE', ( #670 ), #1871, .T. ) ;
#2694 = AXIS2_PLACEMENT_3D ( 'NONE', #2256, #2844, #139 ) ;
#2695 = ORIENTED_EDGE ( 'NONE', *, *, #1780, .F. ) ;
#2696 = CYLINDRICAL_SURFACE ( 'NONE', #2916, 0.4000000000000000777 ) ;
#2697 = SURFACE_STYLE_FILL_AREA ( #1287 ) ;
#2698 = UNCERTAINTY_MEASURE_WITH_UNIT (LENGTH_MEASURE( 1.000000000000000082E-05 ), #3531, 'distance_accuracy_value', 'NONE');
#2699 =( LENGTH_UNIT ( ) NAMED_UNIT ( * ) SI_UNIT ( .MILLI., .METRE. ) );
#2700 = LINE ( 'NONE', #919, #347 ) ;
#2701 = EDGE_LOOP ( 'NONE', ( #2106, #2664 ) ) ;
#2702 = DIRECTION ( 'NONE',  ( -0.000000000000000000, -1.000000000000000000, -0.000000000000000000 ) ) ;
#2703 =( NAMED_UNIT ( * ) PLANE_ANGLE_UNIT ( ) SI_UNIT ( $, .RADIAN. ) );
#2704 = CARTESIAN_POINT ( 'NONE',  ( 3.015838932197746125, 20.48224849108822454, 42.20374456259875018 ) ) ;
#2705 = DIRECTION ( 'NONE',  ( -0.000000000000000000, -1.000000000000000000, -0.000000000000000000 ) ) ;
#2706 = VERTEX_POINT ( 'NONE', #2572 ) ;
#2707 = FACE_BOUND ( 'NONE', #2361, .T. ) ;
#2708 = CARTESIAN_POINT ( 'NONE',  ( -0.6287016611611960792, 24.39999999999999858, -0.1341902481823798177 ) ) ;
#2709 = AXIS2_PLACEMENT_3D ( 'NONE', #749, #129, #1062 ) ;
#2710 = FACE_OUTER_BOUND ( 'NONE', #2397, .T. ) ;
#2711 = EDGE_LOOP ( 'NONE', ( #760, #1618 ) ) ;
#2712 = DIRECTION ( 'NONE',  ( -0.000000000000000000, -1.000000000000000000, -0.000000000000000000 ) ) ;
#2713 = DIRECTION ( 'NONE',  ( -0.000000000000000000, -1.000000000000000000, -0.000000000000000000 ) ) ;
#2714 = CARTESIAN_POINT ( 'NONE',  ( 1.692677974708935107, 9.400000000000000355, 0.1525560195772903138 ) ) ;
#2715 = EDGE_CURVE ( 'NONE', #3525, #2917, #3214, .T. ) ;
#2716 = DIRECTION ( 'NONE',  ( 0.000000000000000000, 1.000000000000000000, 0.000000000000000000 ) ) ;
#2717 = ORIENTED_EDGE ( 'NONE', *, *, #1380, .F. ) ;
#2718 = CARTESIAN_POINT ( 'NONE',  ( 0.8715574274765832685, 28.24999999999999645, -9.961946980917456784 ) ) ;
#2719 = ADVANCED_FACE ( 'NONE', ( #1702 ), #1428, .T. ) ;
#2720 = DIRECTION ( 'NONE',  ( 1.000000000000000000, 0.000000000000000000, 0.000000000000000000 ) ) ;
#2721 = EDGE_LOOP ( 'NONE', ( #3679, #1753, #912, #3684 ) ) ;
#2722 = ORIENTED_EDGE ( 'NONE', *, *, #2666, .F. ) ;
#2723 = CYLINDRICAL_SURFACE ( 'NONE', #2420, 0.4000000000000000222 ) ;
#2724 = APPLICATION_PROTOCOL_DEFINITION ( 'draft international standard', 'automotive_design', 1998, #2194 ) ;
#2725 = AXIS2_PLACEMENT_3D ( 'NONE', #2202, #2992, #678 ) ;
#2726 = EDGE_LOOP ( 'NONE', ( #3798, #520, #3086, #2973 ) ) ;
#2727 = FACE_OUTER_BOUND ( 'NONE', #1263, .T. ) ;
#2728 = DIRECTION ( 'NONE',  ( -0.000000000000000000, -1.000000000000000000, -0.000000000000000000 ) ) ;
#2729 = FILL_AREA_STYLE ('',( #3672 ) ) ;
#2730 = ORIENTED_EDGE ( 'NONE', *, *, #1200, .F. ) ;
#2731 = STYLED_ITEM ( 'NONE', ( #3058 ), #316 ) ;
#2732 = CARTESIAN_POINT ( 'NONE',  ( 0.8232053680170706711, 24.39999999999999858, 0.4543867821063123924 ) ) ;
#2733 = SURFACE_SIDE_STYLE ('',( #3034 ) ) ;
#2734 = STYLED_ITEM ( 'NONE', ( #2929 ), #646 ) ;
#2735 = AXIS2_PLACEMENT_3D ( 'NONE', #1541, #2278, #24 ) ;
#2736 = DIRECTION ( 'NONE',  ( -0.000000000000000000, -1.000000000000000000, -0.000000000000000000 ) ) ;
#2737 = CARTESIAN_POINT ( 'NONE',  ( -0.8715574274765833795, 38.25000000000000000, 9.961946980917456784 ) ) ;
#2738 = EDGE_LOOP ( 'NONE', ( #3155, #1979 ) ) ;
#2739 = DIRECTION ( 'NONE',  ( 0.000000000000000000, 0.000000000000000000, -1.000000000000000000 ) ) ;
#2740 = AXIS2_PLACEMENT_3D ( 'NONE', #1183, #3315, #1450 ) ;
#2741 = UNCERTAINTY_MEASURE_WITH_UNIT (LENGTH_MEASURE( 1.000000000000000082E-05 ), #2997, 'distance_accuracy_value', 'NONE');
#2742 = DIRECTION ( 'NONE',  ( 0.000000000000000000, -1.000000000000000000, 0.000000000000000000 ) ) ;
#2743 = EDGE_CURVE ( 'NONE', #1013, #201, #135, .T. ) ;
#2744 = EDGE_LOOP ( 'NONE', ( #2201, #1914, #581, #1771 ) ) ;
#2745 = DIRECTION ( 'NONE',  ( -0.000000000000000000, -1.000000000000000000, -0.000000000000000000 ) ) ;
#2746 = PRESENTATION_LAYER_ASSIGNMENT (  '', '', ( #108 ) ) ;
#2747 = DIRECTION ( 'NONE',  ( -0.000000000000000000, -1.000000000000000000, -0.000000000000000000 ) ) ;
#2748 = DIRECTION ( 'NONE',  ( 0.000000000000000000, 0.000000000000000000, -1.000000000000000000 ) ) ;
#2749 =( GEOMETRIC_REPRESENTATION_CONTEXT ( 3 ) GLOBAL_UNCERTAINTY_ASSIGNED_CONTEXT ( ( #882 ) ) GLOBAL_UNIT_ASSIGNED_CONTEXT ( ( #1641, #1896, #748 ) ) REPRESENTATION_CONTEXT ( 'NONE', 'WORKASPACE' ) );
#2750 = EDGE_LOOP ( 'NONE', ( #1146, #2457 ) ) ;
#2751 = DIRECTION ( 'NONE',  ( 0.000000000000000000, 1.000000000000000000, 0.000000000000000000 ) ) ;
#2752 = MECHANICAL_DESIGN_GEOMETRIC_PRESENTATION_REPRESENTATION (  '', ( #1472 ), #3893 ) ;
#2753 = STYLED_ITEM ( 'NONE', ( #3124 ), #1715 ) ;
#2754 = DIRECTION ( 'NONE',  ( 0.000000000000000000, -0.000000000000000000, 1.000000000000000000 ) ) ;
#2755 = DIRECTION ( 'NONE',  ( 0.000000000000000000, 1.000000000000000000, 0.000000000000000000 ) ) ;
#2756 = DIRECTION ( 'NONE',  ( 0.000000000000000000, 0.000000000000000000, 1.000000000000000000 ) ) ;
#2757 = ORIENTED_EDGE ( 'NONE', *, *, #2219, .T. ) ;
#2758 = AXIS2_PLACEMENT_3D ( 'NONE', #2389, #2306, #2370 ) ;
#2759 = DIRECTION ( 'NONE',  ( -0.000000000000000000, -1.000000000000000000, -0.000000000000000000 ) ) ;
#2760 = AXIS2_PLACEMENT_3D ( 'NONE', #1964, #3888, #2678 ) ;
#2761 = DIRECTION ( 'NONE',  ( -0.000000000000000000, -1.000000000000000000, -0.000000000000000000 ) ) ;
#2762 = AXIS2_PLACEMENT_3D ( 'NONE', #3519, #2817, #1123 ) ;
#2763 = DIRECTION ( 'NONE',  ( 0.000000000000000000, 0.000000000000000000, -1.000000000000000000 ) ) ;
#2764 = DIRECTION ( 'NONE',  ( 0.000000000000000000, 0.000000000000000000, 1.000000000000000000 ) ) ;
#2765 = ORIENTED_EDGE ( 'NONE', *, *, #2640, .F. ) ;
#2766 = CARTESIAN_POINT ( 'NONE',  ( 0.000000000000000000, 0.5000000000000000000, 0.000000000000000000 ) ) ;
#2767 = LINE ( 'NONE', #422, #2091 ) ;
#2768 = EDGE_LOOP ( 'NONE', ( #1063, #2026, #2139, #3269 ) ) ;
#2769 = ORIENTED_EDGE ( 'NONE', *, *, #1226, .F. ) ;
#2770 =( NAMED_UNIT ( * ) PLANE_ANGLE_UNIT ( ) SI_UNIT ( $, .RADIAN. ) );
#2771 = EDGE_CURVE ( 'NONE', #680, #2706, #1527, .T. ) ;
#2772 = EDGE_CURVE ( 'NONE', #3348, #1654, #2535, .T. ) ;
#2773 = COLOUR_RGB ( '',0.5019607843137254832, 0.5019607843137254832, 0.5019607843137254832 ) ;
#2774 = EDGE_LOOP ( 'NONE', ( #1248, #736 ) ) ;
#2775 = CARTESIAN_POINT ( 'NONE',  ( 2.544026408265383843, 38.25000000000000000, 10.07098390206747851 ) ) ;
#2776 = CIRCLE ( 'NONE', #1, 8.099999999999999645 ) ;
#2777 = ADVANCED_FACE ( 'NONE', ( #741 ), #1936, .F. ) ;
#2778 =( NAMED_UNIT ( * ) SI_UNIT ( $, .STERADIAN. ) SOLID_ANGLE_UNIT ( ) );
#2779 =( NAMED_UNIT ( * ) PLANE_ANGLE_UNIT ( ) SI_UNIT ( $, .RADIAN. ) );
#2780 = EDGE_CURVE ( 'NONE', #3610, #3297, #2558, .T. ) ;
#2781 = ORIENTED_EDGE ( 'NONE', *, *, #2547, .F. ) ;
#2782 = DIRECTION ( 'NONE',  ( 0.000000000000000000, 0.000000000000000000, -1.000000000000000000 ) ) ;
#2783 = CARTESIAN_POINT ( 'NONE',  ( 0.000000000000000000, 9.400000000000000355, -0.4000000000000000222 ) ) ;
#2784 =( NAMED_UNIT ( * ) PLANE_ANGLE_UNIT ( ) SI_UNIT ( $, .RADIAN. ) );
#2785 = VERTEX_POINT ( 'NONE', #1951 ) ;
#2786 = DIRECTION ( 'NONE',  ( 0.000000000000000000, 0.000000000000000000, -1.000000000000000000 ) ) ;
#2787 = UNCERTAINTY_MEASURE_WITH_UNIT (LENGTH_MEASURE( 1.000000000000000082E-05 ), #1060, 'distance_accuracy_value', 'NONE');
#2788 = DIRECTION ( 'NONE',  ( 0.000000000000000000, 0.000000000000000000, 1.000000000000000000 ) ) ;
#2789 = SURFACE_SIDE_STYLE ('',( #2338 ) ) ;
#2790 =( NAMED_UNIT ( * ) SI_UNIT ( $, .STERADIAN. ) SOLID_ANGLE_UNIT ( ) );
#2791 = ORIENTED_EDGE ( 'NONE', *, *, #1688, .T. ) ;
#2792 = FACE_OUTER_BOUND ( 'NONE', #3397, .T. ) ;
#2793 = ADVANCED_FACE ( 'NONE', ( #1452 ), #607, .T. ) ;
#2794 = SURFACE_SIDE_STYLE ('',( #3765 ) ) ;
#2795 = CARTESIAN_POINT ( 'NONE',  ( 15.09049266094380037, 2.694222958124177006E-16, -11.41250000000006715 ) ) ;
#2796 = DIRECTION ( 'NONE',  ( 0.000000000000000000, 1.000000000000000000, 0.000000000000000000 ) ) ;
#2797 = ORIENTED_EDGE ( 'NONE', *, *, #386, .T. ) ;
#2798 = DIRECTION ( 'NONE',  ( -0.000000000000000000, -1.000000000000000000, -0.000000000000000000 ) ) ;
#2799 = CYLINDRICAL_SURFACE ( 'NONE', #2024, 4.750000000000000000 ) ;
#2800 = AXIS2_PLACEMENT_3D ( 'NONE', #1959, #780, #1709 ) ;
#2801 = EDGE_CURVE ( 'NONE', #2048, #1672, #3358, .T. ) ;
#2802 = LINE ( 'NONE', #3118, #2062 ) ;
#2803 = COLOUR_RGB ( '',0.5019607843137254832, 0.7137254901960784492, 0.5019607843137254832 ) ;
#2804 =( LENGTH_UNIT ( ) NAMED_UNIT ( * ) SI_UNIT ( .MILLI., .METRE. ) );
#2805 =( NAMED_UNIT ( * ) PLANE_ANGLE_UNIT ( ) SI_UNIT ( $, .RADIAN. ) );
#2806 = COLOUR_RGB ( '',0.000000000000000000, 1.000000000000000000, 0.000000000000000000 ) ;
#2807 = STYLED_ITEM ( 'NONE', ( #367 ), #2466 ) ;
#2808 = SURFACE_SIDE_STYLE ('',( #3681 ) ) ;
#2809 = SURFACE_STYLE_FILL_AREA ( #2197 ) ;
#2810 = AXIS2_PLACEMENT_3D ( 'NONE', #1379, #1675, #1014 ) ;
#2811 = VECTOR ( 'NONE', #594, 1000.000000000000000 ) ;
#2812 = LINE ( 'NONE', #3041, #274 ) ;
#2813 = AXIS2_PLACEMENT_3D ( 'NONE', #3516, #3218, #3260 ) ;
#2814 = VERTEX_POINT ( 'NONE', #2824 ) ;
#2815 = SURFACE_STYLE_FILL_AREA ( #1619 ) ;
#2816 = DIRECTION ( 'NONE',  ( 0.000000000000000000, 1.000000000000000000, 0.000000000000000000 ) ) ;
#2817 = DIRECTION ( 'NONE',  ( -0.000000000000000000, -1.000000000000000000, -0.000000000000000000 ) ) ;
#2818 = EDGE_LOOP ( 'NONE', ( #1749, #1816 ) ) ;
#2819 = CARTESIAN_POINT ( 'NONE',  ( 0.8715574274765832685, 38.25000000000000000, -9.961946980917456784 ) ) ;
#2820 = AXIS2_PLACEMENT_3D ( 'NONE', #1980, #809, #2607 ) ;
#2821 = DIRECTION ( 'NONE',  ( -0.000000000000000000, -1.000000000000000000, -0.000000000000000000 ) ) ;
#2822 = AXIS2_PLACEMENT_3D ( 'NONE', #2671, #586, #548 ) ;
#2823 = MECHANICAL_DESIGN_GEOMETRIC_PRESENTATION_REPRESENTATION (  '', ( #2753 ), #2103 ) ;
#2824 = CARTESIAN_POINT ( 'NONE',  ( -1.702137580665993966, 38.25000000000000000, 9.454071628341480960 ) ) ;
#2825 = EDGE_CURVE ( 'NONE', #938, #325, #3734, .T. ) ;
#2826 = SURFACE_SIDE_STYLE ('',( #3459 ) ) ;
#2827 = COLOUR_RGB ( '',1.000000000000000000, 0.5764705882352940680, 0.000000000000000000 ) ;
#2828 = SURFACE_SIDE_STYLE ('',( #1815 ) ) ;
#2829 = FILL_AREA_STYLE_COLOUR ( '', #1225 ) ;
#2830 = SURFACE_STYLE_FILL_AREA ( #1075 ) ;
#2831 = SURFACE_STYLE_FILL_AREA ( #157 ) ;
#2832 = EDGE_LOOP ( 'NONE', ( #3203, #2952, #398, #2039 ) ) ;
#2833 = CARTESIAN_POINT ( 'NONE',  ( 0.8232053680170706711, 24.39999999999999858, 0.05438678210631212040 ) ) ;
#2834 = CARTESIAN_POINT ( 'NONE',  ( 0.000000000000000000, 28.24999999999999645, 0.000000000000000000 ) ) ;
#2835 = CARTESIAN_POINT ( 'NONE',  ( 2.678914873134834916E-15, 2.500000000000000000, 21.87500000000000000 ) ) ;
#2836 = VERTEX_POINT ( 'NONE', #2512 ) ;
#2837 = AXIS2_PLACEMENT_3D ( 'NONE', #1345, #2590, #1096 ) ;
#2838 = CIRCLE ( 'NONE', #1938, 0.4000000000000002442 ) ;
#2839 = CARTESIAN_POINT ( 'NONE',  ( 4.776122516674677286E-16, 8.900000000000000355, 3.899999999999999467 ) ) ;
#2840 =( NAMED_UNIT ( * ) SI_UNIT ( $, .STERADIAN. ) SOLID_ANGLE_UNIT ( ) );
#2841 = EDGE_CURVE ( 'NONE', #3629, #862, #705, .T. ) ;
#2842 = DIRECTION ( 'NONE',  ( 0.000000000000000000, -0.000000000000000000, 1.000000000000000000 ) ) ;
#2843 = COLOUR_RGB ( '',0.5019607843137254832, 0.5019607843137254832, 0.5019607843137254832 ) ;
#2844 = DIRECTION ( 'NONE',  ( 0.000000000000000000, 1.000000000000000000, 0.000000000000000000 ) ) ;
#2845 = EDGE_CURVE ( 'NONE', #1582, #3322, #2838, .T. ) ;
#2846 = CARTESIAN_POINT ( 'NONE',  ( 0.8715574274765832685, 38.25000000000000000, 9.961946980917456784 ) ) ;
#2847 = ORIENTED_EDGE ( 'NONE', *, *, #954, .T. ) ;
#2848 = CARTESIAN_POINT ( 'NONE',  ( 0.8232053680170706711, 9.400000000000000355, 0.05438678210631212040 ) ) ;
#2849 = DIRECTION ( 'NONE',  ( 0.000000000000000000, 0.000000000000000000, 1.000000000000000000 ) ) ;
#2850 = SURFACE_SIDE_STYLE ('',( #3503 ) ) ;
#2851 = VERTEX_POINT ( 'NONE', #937 ) ;
#2852 = LINE ( 'NONE', #2206, #2517 ) ;
#2853 = DIRECTION ( 'NONE',  ( 0.000000000000000000, 0.000000000000000000, -1.000000000000000000 ) ) ;
#2854 = FACE_BOUND ( 'NONE', #656, .T. ) ;
#2855 =( GEOMETRIC_REPRESENTATION_CONTEXT ( 3 ) GLOBAL_UNCERTAINTY_ASSIGNED_CONTEXT ( ( #2698 ) ) GLOBAL_UNIT_ASSIGNED_CONTEXT ( ( #3531, #1733, #3212 ) ) REPRESENTATION_CONTEXT ( 'NONE', 'WORKASPACE' ) );
#2856 = DIRECTION ( 'NONE',  ( 0.000000000000000000, 0.000000000000000000, -1.000000000000000000 ) ) ;
#2857 = CARTESIAN_POINT ( 'NONE',  ( -0.5553116310352962381, 24.39999999999999858, 1.713679779901635447 ) ) ;
#2858 = CARTESIAN_POINT ( 'NONE',  ( 1.738004324169895476, 38.25000000000000000, -9.847808942560101642 ) ) ;
#2859 = PRESENTATION_STYLE_ASSIGNMENT (( #179 ) ) ;
#2860 =( LENGTH_UNIT ( ) NAMED_UNIT ( * ) SI_UNIT ( .MILLI., .METRE. ) );
#2861 = CIRCLE ( 'NONE', #1295, 0.3999999999999993006 ) ;
#2862 = EDGE_CURVE ( 'NONE', #3510, #1082, #629, .T. ) ;
#2863 = ORIENTED_EDGE ( 'NONE', *, *, #3388, .F. ) ;
#2864 = ORIENTED_EDGE ( 'NONE', *, *, #1667, .T. ) ;
#2865 = STYLED_ITEM ( 'NONE', ( #3023 ), #1122 ) ;
#2866 = ORIENTED_EDGE ( 'NONE', *, *, #714, .F. ) ;
#2867 = AXIS2_PLACEMENT_3D ( 'NONE', #495, #2522, #728 ) ;
#2868 = SURFACE_SIDE_STYLE ('',( #1319 ) ) ;
#2869 = CARTESIAN_POINT ( 'NONE',  ( 4.776122516674677286E-16, 0.000000000000000000, 3.899999999999999467 ) ) ;
#2870 = CARTESIAN_POINT ( 'NONE',  ( -1.270887901932856501, 24.39999999999999858, -1.150332851019216340 ) ) ;
#2871 = VERTEX_POINT ( 'NONE', #3099 ) ;
#2872 = FILL_AREA_STYLE ('',( #1679 ) ) ;
#2873 = AXIS2_PLACEMENT_3D ( 'NONE', #287, #2608, #1508 ) ;
#2874 = COLOUR_RGB ( '',1.000000000000000000, 1.000000000000000000, 0.000000000000000000 ) ;
#2875 = CARTESIAN_POINT ( 'NONE',  ( -15.09049266094379682, 0.000000000000000000, -11.41250000000006892 ) ) ;
#2876 = CARTESIAN_POINT ( 'NONE',  ( 0.1848617153801214441, 24.39999999999999858, 0.8040218567842040143 ) ) ;
#2877 = AXIS2_PLACEMENT_3D ( 'NONE', #2941, #496, #196 ) ;
#2878 = PRESENTATION_LAYER_ASSIGNMENT (  '', '', ( #170 ) ) ;
#2879 = LINE ( 'NONE', #1386, #1856 ) ;
#2880 =( GEOMETRIC_REPRESENTATION_CONTEXT ( 3 ) GLOBAL_UNCERTAINTY_ASSIGNED_CONTEXT ( ( #3614 ) ) GLOBAL_UNIT_ASSIGNED_CONTEXT ( ( #2386, #927, #328 ) ) REPRESENTATION_CONTEXT ( 'NONE', 'WORKASPACE' ) );
#2881 = ORIENTED_EDGE ( 'NONE', *, *, #2887, .T. ) ;
#2882 = EDGE_CURVE ( 'NONE', #285, #918, #3036, .T. ) ;
#2883 = EDGE_CURVE ( 'NONE', #3900, #2005, #2142, .T. ) ;
#2884 = FILL_AREA_STYLE ('',( #543 ) ) ;
#2885 = VERTEX_POINT ( 'NONE', #1320 ) ;
#2886 = CARTESIAN_POINT ( 'NONE',  ( 1.692677974708935107, 24.39999999999999858, 0.1525560195772903138 ) ) ;
#2887 = EDGE_CURVE ( 'NONE', #2225, #3629, #1530, .T. ) ;
#2888 = DIRECTION ( 'NONE',  ( 0.000000000000000000, -1.000000000000000000, 0.000000000000000000 ) ) ;
#2889 = ORIENTED_EDGE ( 'NONE', *, *, #22, .F. ) ;
#2890 = AXIS2_PLACEMENT_3D ( 'NONE', #2766, #3125, #361 ) ;
#2891 = FILL_AREA_STYLE ('',( #489 ) ) ;
#2892 = ORIENTED_EDGE ( 'NONE', *, *, #2125, .F. ) ;
#2893 = DIRECTION ( 'NONE',  ( 0.000000000000000000, 1.000000000000000000, 0.000000000000000000 ) ) ;
#2894 = PLANE ( 'NONE',  #1957 ) ;
#2895 =( GEOMETRIC_REPRESENTATION_CONTEXT ( 3 ) GLOBAL_UNCERTAINTY_ASSIGNED_CONTEXT ( ( #298 ) ) GLOBAL_UNIT_ASSIGNED_CONTEXT ( ( #643, #3030, #2161 ) ) REPRESENTATION_CONTEXT ( 'NONE', 'WORKASPACE' ) );
#2896 = CYLINDRICAL_SURFACE ( 'NONE', #2169, 0.3999999999999993006 ) ;
#2897 =( NAMED_UNIT ( * ) SI_UNIT ( $, .STERADIAN. ) SOLID_ANGLE_UNIT ( ) );
#2898 = LINE ( 'NONE', #3444, #724 ) ;
#2899 = SURFACE_STYLE_USAGE ( .BOTH. , #2183 ) ;
#2900 = ORIENTED_EDGE ( 'NONE', *, *, #1663, .F. ) ;
#2901 = CARTESIAN_POINT ( 'NONE',  ( -1.405902292668247844, 24.39999999999999858, -0.1309742009670326612 ) ) ;
#2902 = DIRECTION ( 'NONE',  ( 0.000000000000000000, -1.000000000000000000, 0.000000000000000000 ) ) ;
#2903 = FACE_BOUND ( 'NONE', #1785, .T. ) ;
#2904 = CARTESIAN_POINT ( 'NONE',  ( 1.240379765745380114, 24.39999999999999858, -1.145865059972258626 ) ) ;
#2905 = ORIENTED_EDGE ( 'NONE', *, *, #56, .T. ) ;
#2906 = SURFACE_SIDE_STYLE ('',( #3823 ) ) ;
#2907 = DIRECTION ( 'NONE',  ( 0.000000000000000000, 0.000000000000000000, 1.000000000000000000 ) ) ;
#2908 = ORIENTED_EDGE ( 'NONE', *, *, #3857, .F. ) ;
#2909 = EDGE_CURVE ( 'NONE', #1201, #3722, #1594, .T. ) ;
#2910 = CARTESIAN_POINT ( 'NONE',  ( 0.000000000000000000, 0.000000000000000000, 14.72499999999999787 ) ) ;
#2911 = EDGE_LOOP ( 'NONE', ( #3131, #879 ) ) ;
#2912 = AXIS2_PLACEMENT_3D ( 'NONE', #3685, #2259, #162 ) ;
#2913 = FACE_OUTER_BOUND ( 'NONE', #2403, .T. ) ;
#2914 = AXIS2_PLACEMENT_3D ( 'NONE', #2010, #1797, #2944 ) ;
#2915 = DIRECTION ( 'NONE',  ( 0.000000000000000000, 0.000000000000000000, -1.000000000000000000 ) ) ;
#2916 = AXIS2_PLACEMENT_3D ( 'NONE', #1163, #2090, #3578 ) ;
#2917 = VERTEX_POINT ( 'NONE', #377 ) ;
#2918 = SURFACE_STYLE_FILL_AREA ( #1990 ) ;
#2919 = CYLINDRICAL_SURFACE ( 'NONE', #1564, 0.4000000000000000222 ) ;
#2920 =( NAMED_UNIT ( * ) PLANE_ANGLE_UNIT ( ) SI_UNIT ( $, .RADIAN. ) );
#2921 =( NAMED_UNIT ( * ) SI_UNIT ( $, .STERADIAN. ) SOLID_ANGLE_UNIT ( ) );
#2922 = AXIS2_PLACEMENT_3D ( 'NONE', #876, #2065, #290 ) ;
#2923 = EDGE_LOOP ( 'NONE', ( #3797, #1842, #339, #1781 ) ) ;
#2924 = STYLED_ITEM ( 'NONE', ( #1026 ), #983 ) ;
#2925 = PRESENTATION_STYLE_ASSIGNMENT (( #522 ) ) ;
#2926 = DIRECTION ( 'NONE',  ( 0.000000000000000000, 1.000000000000000000, 0.000000000000000000 ) ) ;
#2927 = EDGE_LOOP ( 'NONE', ( #1473, #468, #2550, #2095 ) ) ;
#2928 = DIRECTION ( 'NONE',  ( 0.000000000000000000, 0.000000000000000000, 1.000000000000000000 ) ) ;
#2929 = PRESENTATION_STYLE_ASSIGNMENT (( #251 ) ) ;
#2930 = DIRECTION ( 'NONE',  ( -0.000000000000000000, -1.000000000000000000, -0.000000000000000000 ) ) ;
#2931 = EDGE_CURVE ( 'NONE', #1231, #1521, #41, .T. ) ;
#2932 = PRODUCT_DEFINITION_CONTEXT ( 'detailed design', #2194, 'design' ) ;
#2933 = EDGE_CURVE ( 'NONE', #2366, #2956, #3024, .T. ) ;
#2934 = ORIENTED_EDGE ( 'NONE', *, *, #2221, .T. ) ;
#2935 = FACE_OUTER_BOUND ( 'NONE', #3739, .T. ) ;
#2936 = DIRECTION ( 'NONE',  ( 0.000000000000000000, 0.000000000000000000, -1.000000000000000000 ) ) ;
#2937 = MECHANICAL_DESIGN_GEOMETRIC_PRESENTATION_REPRESENTATION (  '', ( #860 ), #1041 ) ;
#2938 = UNCERTAINTY_MEASURE_WITH_UNIT (LENGTH_MEASURE( 1.000000000000000082E-05 ), #29, 'distance_accuracy_value', 'NONE');
#2939 = CARTESIAN_POINT ( 'NONE',  ( 0.000000000000000000, 28.24999999999999645, 0.000000000000000000 ) ) ;
#2940 = EDGE_CURVE ( 'NONE', #1727, #2323, #3666, .T. ) ;
#2941 = CARTESIAN_POINT ( 'NONE',  ( 2.544026408265383843, 38.25000000000000000, -9.670983902067479931 ) ) ;
#2942 = AXIS2_PLACEMENT_3D ( 'NONE', #2465, #2728, #3310 ) ;
#2943 = EDGE_LOOP ( 'NONE', ( #1227, #2627, #2658, #182 ) ) ;
#2944 = DIRECTION ( 'NONE',  ( 0.000000000000000000, 0.000000000000000000, 1.000000000000000000 ) ) ;
#2945 =( LENGTH_UNIT ( ) NAMED_UNIT ( * ) SI_UNIT ( .MILLI., .METRE. ) );
#2946 =( GEOMETRIC_REPRESENTATION_CONTEXT ( 3 ) GLOBAL_UNCERTAINTY_ASSIGNED_CONTEXT ( ( #923 ) ) GLOBAL_UNIT_ASSIGNED_CONTEXT ( ( #3073, #2779, #1642 ) ) REPRESENTATION_CONTEXT ( 'NONE', 'WORKASPACE' ) );
#2947 = CARTESIAN_POINT ( 'NONE',  ( -0.6287016611611960792, 24.39999999999999858, -0.5341902481823798121 ) ) ;
#2948 = ORIENTED_EDGE ( 'NONE', *, *, #2252, .T. ) ;
#2949 = CIRCLE ( 'NONE', #177, 3.399999999999999467 ) ;
#2950 = DIRECTION ( 'NONE',  ( 0.000000000000000000, 0.000000000000000000, 1.000000000000000000 ) ) ;
#2951 = CARTESIAN_POINT ( 'NONE',  ( -0.2650306909542099465, 24.39999999999999858, -1.366355876195836760 ) ) ;
#2952 = ORIENTED_EDGE ( 'NONE', *, *, #2931, .T. ) ;
#2953 = CARTESIAN_POINT ( 'NONE',  ( 0.3525766757920597572, 9.400000000000000355, -1.145865059972258626 ) ) ;
#2954 = CYLINDRICAL_SURFACE ( 'NONE', #1852, 2.699999999999997513 ) ;
#2955 = DIRECTION ( 'NONE',  ( 0.000000000000000000, 0.000000000000000000, 1.000000000000000000 ) ) ;
#2956 = VERTEX_POINT ( 'NONE', #3056 ) ;
#2957 =( NAMED_UNIT ( * ) PLANE_ANGLE_UNIT ( ) SI_UNIT ( $, .RADIAN. ) );
#2958 = ADVANCED_FACE ( 'NONE', ( #1884 ), #356, .T. ) ;
#2959 = CYLINDRICAL_SURFACE ( 'NONE', #3759, 9.599999999999999645 ) ;
#2960 = MECHANICAL_DESIGN_GEOMETRIC_PRESENTATION_REPRESENTATION (  '', ( #3532 ), #1822 ) ;
#2961 = EDGE_CURVE ( 'NONE', #2355, #1948, #1398, .T. ) ;
#2962 = ORIENTED_EDGE ( 'NONE', *, *, #740, .T. ) ;
#2963 = CARTESIAN_POINT ( 'NONE',  ( 0.000000000000000000, 9.400000000000000355, 3.399999999999999467 ) ) ;
#2964 = STYLED_ITEM ( 'NONE', ( #467 ), #3328 ) ;
#2965 = SURFACE_STYLE_FILL_AREA ( #564 ) ;
#2966 = DIRECTION ( 'NONE',  ( -0.000000000000000000, -1.000000000000000000, -0.000000000000000000 ) ) ;
#2967 = ORIENTED_EDGE ( 'NONE', *, *, #3257, .F. ) ;
#2968 = CARTESIAN_POINT ( 'NONE',  ( 0.000000000000000000, 0.5000000000000000000, -4.750000000000000000 ) ) ;
#2969 = DIRECTION ( 'NONE',  ( 0.000000000000000000, 1.000000000000000000, 0.000000000000000000 ) ) ;
#2970 = SURFACE_SIDE_STYLE ('',( #269 ) ) ;
#2971 = PLANE ( 'NONE',  #2922 ) ;
#2972 = DIRECTION ( 'NONE',  ( -0.000000000000000000, -1.000000000000000000, -0.000000000000000000 ) ) ;
#2973 = ORIENTED_EDGE ( 'NONE', *, *, #1254, .F. ) ;
#2974 =( LENGTH_UNIT ( ) NAMED_UNIT ( * ) SI_UNIT ( .MILLI., .METRE. ) );
#2975 = UNCERTAINTY_MEASURE_WITH_UNIT (LENGTH_MEASURE( 1.000000000000000082E-05 ), #3271, 'distance_accuracy_value', 'NONE');
#2976 = AXIS2_PLACEMENT_3D ( 'NONE', #2833, #2445, #2066 ) ;
#2977 = VERTEX_POINT ( 'NONE', #1068 ) ;
#2978 = LINE ( 'NONE', #1761, #148 ) ;
#2979 = UNCERTAINTY_MEASURE_WITH_UNIT (LENGTH_MEASURE( 1.000000000000000082E-05 ), #941, 'distance_accuracy_value', 'NONE');
#2980 = FILL_AREA_STYLE_COLOUR ( '', #1913 ) ;
#2981 = PRESENTATION_LAYER_ASSIGNMENT (  '', '', ( #2210 ) ) ;
#2982 = EDGE_CURVE ( 'NONE', #2162, #3550, #1381, .T. ) ;
#2983 = EDGE_LOOP ( 'NONE', ( #3031, #2677, #2343, #3151 ) ) ;
#2984 = AXIS2_PLACEMENT_3D ( 'NONE', #2309, #3211, #2374 ) ;
#2985 = FILL_AREA_STYLE_COLOUR ( '', #46 ) ;
#2986 = DIRECTION ( 'NONE',  ( -0.000000000000000000, -1.000000000000000000, -0.000000000000000000 ) ) ;
#2987 =( GEOMETRIC_REPRESENTATION_CONTEXT ( 3 ) GLOBAL_UNCERTAINTY_ASSIGNED_CONTEXT ( ( #1031 ) ) GLOBAL_UNIT_ASSIGNED_CONTEXT ( ( #1512, #2351, #1770 ) ) REPRESENTATION_CONTEXT ( 'NONE', 'WORKASPACE' ) );
#2988 = CARTESIAN_POINT ( 'NONE',  ( 0.000000000000000000, 2.500000000000000000, 0.000000000000000000 ) ) ;
#2989 = ORIENTED_EDGE ( 'NONE', *, *, #1182, .T. ) ;
#2990 = FACE_OUTER_BOUND ( 'NONE', #3353, .T. ) ;
#2991 = SURFACE_STYLE_FILL_AREA ( #3233 ) ;
#2992 = DIRECTION ( 'NONE',  ( 0.000000000000000000, 1.000000000000000000, 0.000000000000000000 ) ) ;
#2993 = CIRCLE ( 'NONE', #3127, 0.3999999999999993006 ) ;
#2994 = VERTEX_POINT ( 'NONE', #2869 ) ;
#2995 = DIRECTION ( 'NONE',  ( 0.000000000000000000, 0.000000000000000000, 1.000000000000000000 ) ) ;
#2996 = CIRCLE ( 'NONE', #848, 0.4000000000000000777 ) ;
#2997 =( LENGTH_UNIT ( ) NAMED_UNIT ( * ) SI_UNIT ( .MILLI., .METRE. ) );
#2998 = DIRECTION ( 'NONE',  ( 0.000000000000000000, 1.000000000000000000, 0.000000000000000000 ) ) ;
#2999 =( LENGTH_UNIT ( ) NAMED_UNIT ( * ) SI_UNIT ( .MILLI., .METRE. ) );
#3000 = PRESENTATION_LAYER_ASSIGNMENT (  '', '', ( #1175 ) ) ;
#3001 = ORIENTED_EDGE ( 'NONE', *, *, #2322, .T. ) ;
#3002 = DIRECTION ( 'NONE',  ( 0.000000000000000000, 0.000000000000000000, 1.000000000000000000 ) ) ;
#3003 = LINE ( 'NONE', #3875, #104 ) ;
#3004 = CIRCLE ( 'NONE', #2107, 0.3999999999999993006 ) ;
#3005 = PRODUCT_CONTEXT ( 'NONE', #1121, 'mechanical' ) ;
#3006 = MECHANICAL_DESIGN_GEOMETRIC_PRESENTATION_REPRESENTATION (  '', ( #113 ), #49 ) ;
#3007 = LINE ( 'NONE', #309, #2617 ) ;
#3008 = EDGE_CURVE ( 'NONE', #590, #3466, #1651, .T. ) ;
#3009 = DIRECTION ( 'NONE',  ( -0.000000000000000000, -1.000000000000000000, -0.000000000000000000 ) ) ;
#3010 = LINE ( 'NONE', #659, #1575 ) ;
#3011 = CARTESIAN_POINT ( 'NONE',  ( 0.000000000000000000, 28.24999999999999645, -10.40000000000000036 ) ) ;
#3012 = ORIENTED_EDGE ( 'NONE', *, *, #2883, .F. ) ;
#3013 = CARTESIAN_POINT ( 'NONE',  ( -0.6287016611611960792, 24.39999999999999858, -0.5341902481823798121 ) ) ;
#3014 = EDGE_CURVE ( 'NONE', #3629, #2225, #183, .T. ) ;
#3015 = FILL_AREA_STYLE_COLOUR ( '', #2773 ) ;
#3016 = EDGE_LOOP ( 'NONE', ( #1839, #3668 ) ) ;
#3017 = PRESENTATION_STYLE_ASSIGNMENT (( #3697 ) ) ;
#3018 = UNCERTAINTY_MEASURE_WITH_UNIT (LENGTH_MEASURE( 1.000000000000000082E-05 ), #3847, 'distance_accuracy_value', 'NONE');
#3019 = CARTESIAN_POINT ( 'NONE',  ( -0.8715574274765833795, 28.24999999999999645, 9.561946980917456429 ) ) ;
#3020 = CIRCLE ( 'NONE', #3410, 0.4000000000000000777 ) ;
#3021 = ORIENTED_EDGE ( 'NONE', *, *, #3351, .F. ) ;
#3022 = SURFACE_STYLE_USAGE ( .BOTH. , #987 ) ;
#3023 = PRESENTATION_STYLE_ASSIGNMENT (( #2098 ) ) ;
#3024 = CIRCLE ( 'NONE', #1764, 10.90000000000000036 ) ;
#3025 = DIRECTION ( 'NONE',  ( 1.000000000000000000, 0.000000000000000000, 0.000000000000000000 ) ) ;
#3026 =( GEOMETRIC_REPRESENTATION_CONTEXT ( 3 ) GLOBAL_UNCERTAINTY_ASSIGNED_CONTEXT ( ( #649 ) ) GLOBAL_UNIT_ASSIGNED_CONTEXT ( ( #3249, #3709, #660 ) ) REPRESENTATION_CONTEXT ( 'NONE', 'WORKASPACE' ) );
#3027 = ORIENTED_EDGE ( 'NONE', *, *, #2200, .T. ) ;
#3028 = CARTESIAN_POINT ( 'NONE',  ( 0.000000000000000000, 28.24999999999999645, -10.00000000000000000 ) ) ;
#3029 = AXIS2_PLACEMENT_3D ( 'NONE', #3523, #1107, #2602 ) ;
#3030 =( NAMED_UNIT ( * ) PLANE_ANGLE_UNIT ( ) SI_UNIT ( $, .RADIAN. ) );
#3031 = ORIENTED_EDGE ( 'NONE', *, *, #3518, .F. ) ;
#3032 = DIRECTION ( 'NONE',  ( 0.000000000000000000, 0.000000000000000000, 1.000000000000000000 ) ) ;
#3033 = FACE_BOUND ( 'NONE', #3512, .T. ) ;
#3034 = SURFACE_STYLE_FILL_AREA ( #318 ) ;
#3035 = SURFACE_STYLE_FILL_AREA ( #66 ) ;
#3036 = LINE ( 'NONE', #1827, #71 ) ;
#3037 = ORIENTED_EDGE ( 'NONE', *, *, #2643, .F. ) ;
#3038 = ADVANCED_FACE ( 'NONE', ( #2584 ), #1647, .T. ) ;
#3039 = SURFACE_SIDE_STYLE ('',( #1000 ) ) ;
#3040 = ORIENTED_EDGE ( 'NONE', *, *, #312, .T. ) ;
#3041 = CARTESIAN_POINT ( 'NONE',  ( -1.702137580665993966, 38.25000000000000000, -10.25407162834147989 ) ) ;
#3042 = PLANE ( 'NONE',  #3445 ) ;
#3043 = CIRCLE ( 'NONE', #3554, 0.4000000000000010214 ) ;
#3044 = ORIENTED_EDGE ( 'NONE', *, *, #1205, .T. ) ;
#3045 = PRESENTATION_LAYER_ASSIGNMENT (  '', '', ( #3173 ) ) ;
#3046 =( NAMED_UNIT ( * ) PLANE_ANGLE_UNIT ( ) SI_UNIT ( $, .RADIAN. ) );
#3047 = FILL_AREA_STYLE ('',( #1589 ) ) ;
#3048 = DIRECTION ( 'NONE',  ( 0.000000000000000000, 0.000000000000000000, -1.000000000000000000 ) ) ;
#3049 = VERTEX_POINT ( 'NONE', #472 ) ;
#3050 =( NAMED_UNIT ( * ) PLANE_ANGLE_UNIT ( ) SI_UNIT ( $, .RADIAN. ) );
#3051 = STYLED_ITEM ( 'NONE', ( #3017 ), #341 ) ;
#3052 = DIRECTION ( 'NONE',  ( 0.000000000000000000, 1.000000000000000000, 0.000000000000000000 ) ) ;
#3053 = DIRECTION ( 'NONE',  ( -0.000000000000000000, -1.000000000000000000, -0.000000000000000000 ) ) ;
#3054 =( GEOMETRIC_REPRESENTATION_CONTEXT ( 3 ) GLOBAL_UNCERTAINTY_ASSIGNED_CONTEXT ( ( #1318 ) ) GLOBAL_UNIT_ASSIGNED_CONTEXT ( ( #2999, #3225, #2921 ) ) REPRESENTATION_CONTEXT ( 'NONE', 'WORKASPACE' ) );
#3055 = FACE_OUTER_BOUND ( 'NONE', #3429, .T. ) ;
#3056 = CARTESIAN_POINT ( 'NONE',  ( 1.334865011070615048E-15, 28.24999999999999645, 10.90000000000000036 ) ) ;
#3057 = ORIENTED_EDGE ( 'NONE', *, *, #3546, .T. ) ;
#3058 = PRESENTATION_STYLE_ASSIGNMENT (( #688 ) ) ;
#3059 = EDGE_CURVE ( 'NONE', #1464, #2871, #189, .T. ) ;
#3060 = AXIS2_PLACEMENT_3D ( 'NONE', #374, #3401, #1592 ) ;
#3061 = EDGE_CURVE ( 'NONE', #2217, #2005, #571, .T. ) ;
#3062 =( NAMED_UNIT ( * ) PLANE_ANGLE_UNIT ( ) SI_UNIT ( $, .RADIAN. ) );
#3063 = EDGE_CURVE ( 'NONE', #1231, #972, #2776, .T. ) ;
#3064 = ORIENTED_EDGE ( 'NONE', *, *, #3145, .T. ) ;
#3065 = CARTESIAN_POINT ( 'NONE',  ( 0.000000000000000000, 2.500000000000000000, 14.72499999999999787 ) ) ;
#3066 = AXIS2_PLACEMENT_3D ( 'NONE', #3905, #1199, #799 ) ;
#3067 = ADVANCED_FACE ( 'NONE', ( #1361 ), #3750, .F. ) ;
#3068 = AXIS2_PLACEMENT_3D ( 'NONE', #1314, #2182, #2849 ) ;
#3069 = LINE ( 'NONE', #1877, #2591 ) ;
#3070 = COLOUR_RGB ( '',0.5019607843137254832, 1.000000000000000000, 1.000000000000000000 ) ;
#3071 = AXIS2_PLACEMENT_3D ( 'NONE', #1079, #761, #2625 ) ;
#3072 = DIRECTION ( 'NONE',  ( 0.000000000000000000, -0.000000000000000000, 1.000000000000000000 ) ) ;
#3073 =( LENGTH_UNIT ( ) NAMED_UNIT ( * ) SI_UNIT ( .MILLI., .METRE. ) );
#3074 = CARTESIAN_POINT ( 'NONE',  ( 0.000000000000000000, 9.400000000000000355, 0.000000000000000000 ) ) ;
#3075 = ORIENTED_EDGE ( 'NONE', *, *, #3388, .T. ) ;
#3076 = DIRECTION ( 'NONE',  ( 0.000000000000000000, -0.000000000000000000, 1.000000000000000000 ) ) ;
#3077 = CARTESIAN_POINT ( 'NONE',  ( 2.544026408265383843, 28.24999999999999645, -9.270983902067479576 ) ) ;
#3078 = ADVANCED_FACE ( 'NONE', ( #2596 ), #115, .T. ) ;
#3079 = DIRECTION ( 'NONE',  ( 0.000000000000000000, 0.000000000000000000, 1.000000000000000000 ) ) ;
#3080 = DIRECTION ( 'NONE',  ( 0.000000000000000000, 0.000000000000000000, -1.000000000000000000 ) ) ;
#3081 = EDGE_LOOP ( 'NONE', ( #2102, #3132, #2634, #1378 ) ) ;
#3082 = EDGE_CURVE ( 'NONE', #36, #3163, #3157, .T. ) ;
#3083 = SURFACE_STYLE_USAGE ( .BOTH. , #2789 ) ;
#3084 = MECHANICAL_DESIGN_GEOMETRIC_PRESENTATION_REPRESENTATION (  '', ( #3842 ), #3210 ) ;
#3085 = ADVANCED_FACE ( 'NONE', ( #2248 ), #3475, .T. ) ;
#3086 = ORIENTED_EDGE ( 'NONE', *, *, #3257, .T. ) ;
#3087 = VECTOR ( 'NONE', #1285, 1000.000000000000000 ) ;
#3088 = DIRECTION ( 'NONE',  ( -0.000000000000000000, -1.000000000000000000, -0.000000000000000000 ) ) ;
#3089 = CARTESIAN_POINT ( 'NONE',  ( 0.000000000000000000, 38.25000000000000000, 9.600000000000001421 ) ) ;
#3090 = CARTESIAN_POINT ( 'NONE',  ( 1.738004324169895476, 38.25000000000000000, 9.847808942560101642 ) ) ;
#3091 = ORIENTED_EDGE ( 'NONE', *, *, #3785, .F. ) ;
#3092 = AXIS2_PLACEMENT_3D ( 'NONE', #1748, #247, #267 ) ;
#3093 =( LENGTH_UNIT ( ) NAMED_UNIT ( * ) SI_UNIT ( .MILLI., .METRE. ) );
#3094 = FACE_BOUND ( 'NONE', #3673, .T. ) ;
#3095 = PRODUCT ( '1000028', '1000028', '', ( #1228 ) ) ;
#3096 = UNCERTAINTY_MEASURE_WITH_UNIT (LENGTH_MEASURE( 1.000000000000000082E-05 ), #1052, 'distance_accuracy_value', 'NONE');
#3097 = AXIS2_PLACEMENT_3D ( 'NONE', #1607, #3098, #3653 ) ;
#3098 = DIRECTION ( 'NONE',  ( -0.000000000000000000, -1.000000000000000000, -0.000000000000000000 ) ) ;
#3099 = CARTESIAN_POINT ( 'NONE',  ( -0.2650306909542099465, 9.400000000000000355, -1.766355876195836672 ) ) ;
#3100 = VERTEX_POINT ( 'NONE', #3011 ) ;
#3101 = CARTESIAN_POINT ( 'NONE',  ( -0.6287016611611960792, 9.400000000000000355, -0.9341902481823799453 ) ) ;
#3102 = DIRECTION ( 'NONE',  ( 0.000000000000000000, 0.000000000000000000, -1.000000000000000000 ) ) ;
#3103 = UNCERTAINTY_MEASURE_WITH_UNIT (LENGTH_MEASURE( 1.000000000000000082E-05 ), #2974, 'distance_accuracy_value', 'NONE');
#3104 = DIRECTION ( 'NONE',  ( -0.000000000000000000, -1.000000000000000000, -0.000000000000000000 ) ) ;
#3105 = PRESENTATION_STYLE_ASSIGNMENT (( #3022 ) ) ;
#3106 = UNCERTAINTY_MEASURE_WITH_UNIT (LENGTH_MEASURE( 1.000000000000000082E-05 ), #2040, 'distance_accuracy_value', 'NONE');
#3107 =( NAMED_UNIT ( * ) SI_UNIT ( $, .STERADIAN. ) SOLID_ANGLE_UNIT ( ) );
#3108 = ORIENTED_EDGE ( 'NONE', *, *, #1633, .F. ) ;
#3109 = ADVANCED_FACE ( 'NONE', ( #2710 ), #524, .T. ) ;
#3110 = EDGE_CURVE ( 'NONE', #1090, #3137, #1652, .T. ) ;
#3111 = DIRECTION ( 'NONE',  ( 0.000000000000000000, 0.000000000000000000, 1.000000000000000000 ) ) ;
#3112 = VECTOR ( 'NONE', #1752, 1000.000000000000000 ) ;
#3113 = DIRECTION ( 'NONE',  ( -0.000000000000000000, -1.000000000000000000, -0.000000000000000000 ) ) ;
#3114 = ORIENTED_EDGE ( 'NONE', *, *, #2780, .F. ) ;
#3115 =( NAMED_UNIT ( * ) SI_UNIT ( $, .STERADIAN. ) SOLID_ANGLE_UNIT ( ) );
#3116 = CIRCLE ( 'NONE', #3373, 21.87500000000000000 ) ;
#3117 = ADVANCED_FACE ( 'NONE', ( #3528 ), #813, .F. ) ;
#3118 = CARTESIAN_POINT ( 'NONE',  ( -1.702137580665993966, 38.25000000000000000, -9.454071628341480960 ) ) ;
#3119 = DIRECTION ( 'NONE',  ( 0.000000000000000000, 1.000000000000000000, 0.000000000000000000 ) ) ;
#3120 = FACE_BOUND ( 'NONE', #3016, .T. ) ;
#3121 = SURFACE_STYLE_FILL_AREA ( #1919 ) ;
#3122 = CIRCLE ( 'NONE', #900, 0.4000000000000000222 ) ;
#3123 = COLOUR_RGB ( '',1.000000000000000000, 1.000000000000000000, 0.5019607843137254832 ) ;
#3124 = PRESENTATION_STYLE_ASSIGNMENT (( #284 ) ) ;
#3125 = DIRECTION ( 'NONE',  ( 0.000000000000000000, -1.000000000000000000, 0.000000000000000000 ) ) ;
#3126 = DIRECTION ( 'NONE',  ( 0.000000000000000000, 0.000000000000000000, 1.000000000000000000 ) ) ;
#3127 = AXIS2_PLACEMENT_3D ( 'NONE', #682, #1861, #2124 ) ;
#3128 =( NAMED_UNIT ( * ) PLANE_ANGLE_UNIT ( ) SI_UNIT ( $, .RADIAN. ) );
#3129 = CYLINDRICAL_SURFACE ( 'NONE', #3704, 0.3999999999999993006 ) ;
#3130 = PRESENTATION_LAYER_ASSIGNMENT (  '', '', ( #541 ) ) ;
#3131 = ORIENTED_EDGE ( 'NONE', *, *, #3860, .F. ) ;
#3132 = ORIENTED_EDGE ( 'NONE', *, *, #1331, .F. ) ;
#3133 = DIRECTION ( 'NONE',  ( 0.000000000000000000, 1.000000000000000000, 0.000000000000000000 ) ) ;
#3134 = COLOUR_RGB ( '',0.5019607843137254832, 0.5019607843137254832, 1.000000000000000000 ) ;
#3135 = DIRECTION ( 'NONE',  ( 0.000000000000000000, -0.000000000000000000, 1.000000000000000000 ) ) ;
#3136 = PRESENTATION_STYLE_ASSIGNMENT (( #1377 ) ) ;
#3137 = VERTEX_POINT ( 'NONE', #1155 ) ;
#3138 = EDGE_CURVE ( 'NONE', #3263, #3297, #3728, .T. ) ;
#3139 =( NAMED_UNIT ( * ) SI_UNIT ( $, .STERADIAN. ) SOLID_ANGLE_UNIT ( ) );
#3140 = AXIS2_PLACEMENT_3D ( 'NONE', #1763, #244, #181 ) ;
#3141 = PRESENTATION_STYLE_ASSIGNMENT (( #720 ) ) ;
#3142 = PRESENTATION_LAYER_ASSIGNMENT (  '', '', ( #1472 ) ) ;
#3143 = DIRECTION ( 'NONE',  ( -0.000000000000000000, -1.000000000000000000, -0.000000000000000000 ) ) ;
#3144 =( NAMED_UNIT ( * ) SI_UNIT ( $, .STERADIAN. ) SOLID_ANGLE_UNIT ( ) );
#3145 = EDGE_CURVE ( 'NONE', #3760, #2691, #1390, .T. ) ;
#3146 = CARTESIAN_POINT ( 'NONE',  ( 2.544026408265383843, 38.25000000000000000, 9.670983902067479931 ) ) ;
#3147 = CYLINDRICAL_SURFACE ( 'NONE', #1591, 0.3999999999999993006 ) ;
#3148 = SURFACE_STYLE_FILL_AREA ( #1346 ) ;
#3149 = DIRECTION ( 'NONE',  ( -0.000000000000000000, -1.000000000000000000, -0.000000000000000000 ) ) ;
#3150 = AXIS2_PLACEMENT_3D ( 'NONE', #2070, #534, #2638 ) ;
#3151 = ORIENTED_EDGE ( 'NONE', *, *, #693, .T. ) ;
#3152 =( LENGTH_UNIT ( ) NAMED_UNIT ( * ) SI_UNIT ( .MILLI., .METRE. ) );
#3153 = FILL_AREA_STYLE_COLOUR ( '', #227 ) ;
#3154 =( NAMED_UNIT ( * ) SI_UNIT ( $, .STERADIAN. ) SOLID_ANGLE_UNIT ( ) );
#3155 = ORIENTED_EDGE ( 'NONE', *, *, #461, .T. ) ;
#3156 = CARTESIAN_POINT ( 'NONE',  ( -0.8715574274765833795, 28.24999999999999645, 10.36194698091745536 ) ) ;
#3157 = LINE ( 'NONE', #455, #632 ) ;
#3158 = CARTESIAN_POINT ( 'NONE',  ( -1.702137580665993966, 38.25000000000000000, 10.25407162834147989 ) ) ;
#3159 = EDGE_CURVE ( 'NONE', #1029, #1013, #2573, .T. ) ;
#3160 = CARTESIAN_POINT ( 'NONE',  ( 0.000000000000000000, 1.600000000000000089, 0.000000000000000000 ) ) ;
#3161 = COLOUR_RGB ( '',0.2509803921568627416, 0.2509803921568627416, 0.2509803921568627416 ) ;
#3162 = PRESENTATION_STYLE_ASSIGNMENT (( #460 ) ) ;
#3163 = VERTEX_POINT ( 'NONE', #874 ) ;
#3164 = LINE ( 'NONE', #1335, #521 ) ;
#3165 = FILL_AREA_STYLE ('',( #1960 ) ) ;
#3166 = ORIENTED_EDGE ( 'NONE', *, *, #2267, .F. ) ;
#3167 = DIRECTION ( 'NONE',  ( 0.000000000000000000, 1.000000000000000000, 0.000000000000000000 ) ) ;
#3168 = DIRECTION ( 'NONE',  ( -0.000000000000000000, -1.000000000000000000, -0.000000000000000000 ) ) ;
#3169 = ORIENTED_EDGE ( 'NONE', *, *, #164, .F. ) ;
#3170 = FACE_BOUND ( 'NONE', #952, .T. ) ;
#3171 = CIRCLE ( 'NONE', #2078, 0.4000000000000000222 ) ;
#3172 = DIRECTION ( 'NONE',  ( -0.000000000000000000, -1.000000000000000000, -0.000000000000000000 ) ) ;
#3173 = STYLED_ITEM ( 'NONE', ( #1583 ), #2378 ) ;
#3174 = PRESENTATION_STYLE_ASSIGNMENT (( #2311 ) ) ;
#3175 = DIRECTION ( 'NONE',  ( -0.000000000000000000, -1.000000000000000000, -0.000000000000000000 ) ) ;
#3176 = MECHANICAL_DESIGN_GEOMETRIC_PRESENTATION_REPRESENTATION (  '', ( #2731 ), #3689 ) ;
#3177 = EDGE_CURVE ( 'NONE', #201, #2851, #385, .T. ) ;
#3178 = DIRECTION ( 'NONE',  ( 0.000000000000000000, 1.000000000000000000, 0.000000000000000000 ) ) ;
#3179 = UNCERTAINTY_MEASURE_WITH_UNIT (LENGTH_MEASURE( 1.000000000000000082E-05 ), #1616, 'distance_accuracy_value', 'NONE');
#3180 = CARTESIAN_POINT ( 'NONE',  ( -0.7099363585365638940, 24.39999999999999858, 0.02025631087211945958 ) ) ;
#3181 = VECTOR ( 'NONE', #681, 1000.000000000000000 ) ;
#3182 = EDGE_CURVE ( 'NONE', #712, #1464, #3535, .T. ) ;
#3183 = ORIENTED_EDGE ( 'NONE', *, *, #2801, .F. ) ;
#3184 = FILL_AREA_STYLE_COLOUR ( '', #1407 ) ;
#3185 = VECTOR ( 'NONE', #1645, 1000.000000000000000 ) ;
#3186 = SURFACE_STYLE_USAGE ( .BOTH. , #3816 ) ;
#3187 = CARTESIAN_POINT ( 'NONE',  ( -15.09049266094379682, 2.694222958124177006E-16, -11.41250000000007070 ) ) ;
#3188 = CIRCLE ( 'NONE', #2028, 0.3999999999999993006 ) ;
#3189 = FILL_AREA_STYLE_COLOUR ( '', #2280 ) ;
#3190 = AXIS2_PLACEMENT_3D ( 'NONE', #1475, #2006, #560 ) ;
#3191 = SURFACE_STYLE_USAGE ( .BOTH. , #766 ) ;
#3192 = EDGE_LOOP ( 'NONE', ( #3209, #166 ) ) ;
#3193 = SURFACE_SIDE_STYLE ('',( #1322 ) ) ;
#3194 = MECHANICAL_DESIGN_GEOMETRIC_PRESENTATION_REPRESENTATION (  '', ( #606 ), #293 ) ;
#3195 = DIRECTION ( 'NONE',  ( -0.000000000000000000, -1.000000000000000000, -0.000000000000000000 ) ) ;
#3196 = AXIS2_PLACEMENT_3D ( 'NONE', #1879, #3708, #2448 ) ;
#3197 = CIRCLE ( 'NONE', #3071, 0.4000000000000000777 ) ;
#3198 = DIRECTION ( 'NONE',  ( -0.000000000000000000, -1.000000000000000000, -0.000000000000000000 ) ) ;
#3199 = PRESENTATION_STYLE_ASSIGNMENT (( #1968 ) ) ;
#3200 =( GEOMETRIC_REPRESENTATION_CONTEXT ( 3 ) GLOBAL_UNCERTAINTY_ASSIGNED_CONTEXT ( ( #961 ) ) GLOBAL_UNIT_ASSIGNED_CONTEXT ( ( #2515, #1018, #2840 ) ) REPRESENTATION_CONTEXT ( 'NONE', 'WORKASPACE' ) );
#3201 = DIRECTION ( 'NONE',  ( 0.000000000000000000, -1.000000000000000000, 0.000000000000000000 ) ) ;
#3202 = ADVANCED_FACE ( 'NONE', ( #832 ), #1487, .T. ) ;
#3203 = ORIENTED_EDGE ( 'NONE', *, *, #2396, .T. ) ;
#3204 = DIRECTION ( 'NONE',  ( 0.000000000000000000, -0.000000000000000000, 1.000000000000000000 ) ) ;
#3205 = EDGE_CURVE ( 'NONE', #2785, #2355, #3667, .T. ) ;
#3206 = CARTESIAN_POINT ( 'NONE',  ( 2.544026408265383843, 38.25000000000000000, -9.270983902067479576 ) ) ;
#3207 = ORIENTED_EDGE ( 'NONE', *, *, #2882, .T. ) ;
#3208 =( LENGTH_UNIT ( ) NAMED_UNIT ( * ) SI_UNIT ( .MILLI., .METRE. ) );
#3209 = ORIENTED_EDGE ( 'NONE', *, *, #96, .F. ) ;
#3210 =( GEOMETRIC_REPRESENTATION_CONTEXT ( 3 ) GLOBAL_UNCERTAINTY_ASSIGNED_CONTEXT ( ( #1723 ) ) GLOBAL_UNIT_ASSIGNED_CONTEXT ( ( #2131, #1290, #2500 ) ) REPRESENTATION_CONTEXT ( 'NONE', 'WORKASPACE' ) );
#3211 = DIRECTION ( 'NONE',  ( -0.000000000000000000, -1.000000000000000000, -0.000000000000000000 ) ) ;
#3212 =( NAMED_UNIT ( * ) SI_UNIT ( $, .STERADIAN. ) SOLID_ANGLE_UNIT ( ) );
#3213 = AXIS2_PLACEMENT_3D ( 'NONE', #3457, #1917, #2265 ) ;
#3214 = LINE ( 'NONE', #176, #936 ) ;
#3215 = ORIENTED_EDGE ( 'NONE', *, *, #1893, .F. ) ;
#3216 = FACE_OUTER_BOUND ( 'NONE', #899, .T. ) ;
#3217 = AXIS2_PLACEMENT_3D ( 'NONE', #3450, #735, #1944 ) ;
#3218 = DIRECTION ( 'NONE',  ( 0.000000000000000000, 1.000000000000000000, 0.000000000000000000 ) ) ;
#3219 = CYLINDRICAL_SURFACE ( 'NONE', #2762, 8.099999999999999645 ) ;
#3220 = EDGE_LOOP ( 'NONE', ( #2529, #410, #2567, #3814 ) ) ;
#3221 = PRESENTATION_STYLE_ASSIGNMENT (( #1669 ) ) ;
#3222 = DIRECTION ( 'NONE',  ( -0.000000000000000000, -1.000000000000000000, -0.000000000000000000 ) ) ;
#3223 = DIRECTION ( 'NONE',  ( 0.000000000000000000, 0.000000000000000000, 1.000000000000000000 ) ) ;
#3224 = FACE_BOUND ( 'NONE', #3661, .T. ) ;
#3225 =( NAMED_UNIT ( * ) PLANE_ANGLE_UNIT ( ) SI_UNIT ( $, .RADIAN. ) );
#3226 = EDGE_CURVE ( 'NONE', #394, #2249, #2255, .T. ) ;
#3227 = ORIENTED_EDGE ( 'NONE', *, *, #3649, .T. ) ;
#3228 = EDGE_CURVE ( 'NONE', #3897, #613, #35, .T. ) ;
#3229 = SURFACE_SIDE_STYLE ('',( #547 ) ) ;
#3230 =( NAMED_UNIT ( * ) PLANE_ANGLE_UNIT ( ) SI_UNIT ( $, .RADIAN. ) );
#3231 = ORIENTED_EDGE ( 'NONE', *, *, #930, .T. ) ;
#3232 = CARTESIAN_POINT ( 'NONE',  ( 3.306546357697848310E-16, 2.500000000000000000, 20.12499999999999289 ) ) ;
#3233 = FILL_AREA_STYLE ('',( #1159 ) ) ;
#3234 = DIRECTION ( 'NONE',  ( 0.000000000000000000, 0.000000000000000000, 1.000000000000000000 ) ) ;
#3235 = SURFACE_SIDE_STYLE ('',( #1072 ) ) ;
#3236 = ORIENTED_EDGE ( 'NONE', *, *, #3361, .T. ) ;
#3237 = CARTESIAN_POINT ( 'NONE',  ( 0.1848617153801214996, 24.39999999999999858, 1.204021856784204259 ) ) ;
#3238 = CARTESIAN_POINT ( 'NONE',  ( -15.09049266094379682, 2.500000000000000000, -8.712500000000071410 ) ) ;
#3239 = CARTESIAN_POINT ( 'NONE',  ( -1.405902292668247844, 24.39999999999999858, 0.2690257990329674165 ) ) ;
#3240 = CIRCLE ( 'NONE', #2147, 2.699999999999999289 ) ;
#3241 = ORIENTED_EDGE ( 'NONE', *, *, #2396, .F. ) ;
#3242 = DIRECTION ( 'NONE',  ( -0.000000000000000000, -1.000000000000000000, -0.000000000000000000 ) ) ;
#3243 = PRESENTATION_LAYER_ASSIGNMENT (  '', '', ( #2734 ) ) ;
#3244 =( GEOMETRIC_REPRESENTATION_CONTEXT ( 3 ) GLOBAL_UNCERTAINTY_ASSIGNED_CONTEXT ( ( #3731 ) ) GLOBAL_UNIT_ASSIGNED_CONTEXT ( ( #3341, #671, #1580 ) ) REPRESENTATION_CONTEXT ( 'NONE', 'WORKASPACE' ) );
#3245 = AXIS2_PLACEMENT_3D ( 'NONE', #2087, #2713, #662 ) ;
#3246 = ORIENTED_EDGE ( 'NONE', *, *, #3182, .T. ) ;
#3247 = COLOUR_RGB ( '',0.5019607843137254832, 0.5019607843137254832, 0.5019607843137254832 ) ;
#3248 = PRESENTATION_STYLE_ASSIGNMENT (( #2061 ) ) ;
#3249 =( LENGTH_UNIT ( ) NAMED_UNIT ( * ) SI_UNIT ( .MILLI., .METRE. ) );
#3250 = EDGE_CURVE ( 'NONE', #2304, #865, #1533, .T. ) ;
#3251 = DIRECTION ( 'NONE',  ( 0.000000000000000000, 1.000000000000000000, 0.000000000000000000 ) ) ;
#3252 = SURFACE_SIDE_STYLE ('',( #1077 ) ) ;
#3253 = DIRECTION ( 'NONE',  ( -0.000000000000000000, -1.000000000000000000, -0.000000000000000000 ) ) ;
#3254 = AXIS2_PLACEMENT_3D ( 'NONE', #2380, #3600, #1739 ) ;
#3255 = VECTOR ( 'NONE', #3088, 1000.000000000000000 ) ;
#3256 = EDGE_LOOP ( 'NONE', ( #2599, #1510, #903, #2286 ) ) ;
#3257 = EDGE_CURVE ( 'NONE', #3550, #819, #450, .T. ) ;
#3258 = AXIS2_PLACEMENT_3D ( 'NONE', #3028, #3350, #13 ) ;
#3259 = AXIS2_PLACEMENT_3D ( 'NONE', #90, #2966, #804 ) ;
#3260 = DIRECTION ( 'NONE',  ( 0.000000000000000000, 0.000000000000000000, 1.000000000000000000 ) ) ;
#3261 =( GEOMETRIC_REPRESENTATION_CONTEXT ( 3 ) GLOBAL_UNCERTAINTY_ASSIGNED_CONTEXT ( ( #3895 ) ) GLOBAL_UNIT_ASSIGNED_CONTEXT ( ( #2699, #322, #1540 ) ) REPRESENTATION_CONTEXT ( 'NONE', 'WORKASPACE' ) );
#3262 = AXIS2_PLACEMENT_3D ( 'NONE', #232, #2893, #2955 ) ;
#3263 = VERTEX_POINT ( 'NONE', #3628 ) ;
#3264 = CARTESIAN_POINT ( 'NONE',  ( 0.000000000000000000, 0.000000000000000000, 0.000000000000000000 ) ) ;
#3265 = PRESENTATION_STYLE_ASSIGNMENT (( #1523 ) ) ;
#3266 = STYLED_ITEM ( 'NONE', ( #1741 ), #3881 ) ;
#3267 =( LENGTH_UNIT ( ) NAMED_UNIT ( * ) SI_UNIT ( .MILLI., .METRE. ) );
#3268 = PRODUCT_DEFINITION_FORMATION_WITH_SPECIFIED_SOURCE ( 'ANY', '', #3506, .NOT_KNOWN. ) ;
#3269 = ORIENTED_EDGE ( 'NONE', *, *, #2176, .T. ) ;
#3270 = PLANE ( 'NONE',  #1368 ) ;
#3271 =( LENGTH_UNIT ( ) NAMED_UNIT ( * ) SI_UNIT ( .MILLI., .METRE. ) );
#3272 = CARTESIAN_POINT ( 'NONE',  ( 0.000000000000000000, 0.000000000000000000, 0.000000000000000000 ) ) ;
#3273 = ORIENTED_EDGE ( 'NONE', *, *, #20, .F. ) ;
#3274 = DIRECTION ( 'NONE',  ( 0.000000000000000000, 1.000000000000000000, 0.000000000000000000 ) ) ;
#3275 = APPLICATION_CONTEXT ( 'automotive_design' ) ;
#3276 = LINE ( 'NONE', #2023, #3112 ) ;
#3277 = ORIENTED_EDGE ( 'NONE', *, *, #2173, .T. ) ;
#3278 =( NAMED_UNIT ( * ) SI_UNIT ( $, .STERADIAN. ) SOLID_ANGLE_UNIT ( ) );
#3279 = SURFACE_STYLE_USAGE ( .BOTH. , #3555 ) ;
#3280 = AXIS2_PLACEMENT_3D ( 'NONE', #2285, #1981, #1419 ) ;
#3281 = ADVANCED_FACE ( 'NONE', ( #2428 ), #932, .T. ) ;
#3282 = CARTESIAN_POINT ( 'NONE',  ( 1.738004324169895476, 38.25000000000000000, -9.847808942560101642 ) ) ;
#3283 = CARTESIAN_POINT ( 'NONE',  ( 0.000000000000000000, 0.000000000000000000, 0.000000000000000000 ) ) ;
#3284 = ORIENTED_EDGE ( 'NONE', *, *, #577, .F. ) ;
#3285 = DIRECTION ( 'NONE',  ( 0.000000000000000000, 0.000000000000000000, 1.000000000000000000 ) ) ;
#3286 = AXIS2_PLACEMENT_3D ( 'NONE', #664, #1902, #1883 ) ;
#3287 = CARTESIAN_POINT ( 'NONE',  ( 0.000000000000000000, 0.5000000000000000000, 0.000000000000000000 ) ) ;
#3288 = APPLICATION_PROTOCOL_DEFINITION ( 'draft international standard', 'automotive_design', 1998, #1121 ) ;
#3289 = FILL_AREA_STYLE_COLOUR ( '', #3826 ) ;
#3290 = EDGE_LOOP ( 'NONE', ( #1899, #3650, #1600, #1141 ) ) ;
#3291 =( NAMED_UNIT ( * ) SI_UNIT ( $, .STERADIAN. ) SOLID_ANGLE_UNIT ( ) );
#3292 = DIRECTION ( 'NONE',  ( 0.000000000000000000, 1.000000000000000000, 0.000000000000000000 ) ) ;
#3293 = ORIENTED_EDGE ( 'NONE', *, *, #3696, .T. ) ;
#3294 = DIRECTION ( 'NONE',  ( 0.000000000000000000, -1.000000000000000000, 0.000000000000000000 ) ) ;
#3295 =( NAMED_UNIT ( * ) PLANE_ANGLE_UNIT ( ) SI_UNIT ( $, .RADIAN. ) );
#3296 = PLANE ( 'NONE',  #86 ) ;
#3297 = VERTEX_POINT ( 'NONE', #3352 ) ;
#3298 = DIRECTION ( 'NONE',  ( 0.000000000000000000, -0.000000000000000000, 1.000000000000000000 ) ) ;
#3299 = UNCERTAINTY_MEASURE_WITH_UNIT (LENGTH_MEASURE( 1.000000000000000082E-05 ), #2240, 'distance_accuracy_value', 'NONE');
#3300 = SURFACE_STYLE_FILL_AREA ( #2071 ) ;
#3301 = EDGE_LOOP ( 'NONE', ( #3784, #2791, #3623, #651 ) ) ;
#3302 = EDGE_CURVE ( 'NONE', #819, #3550, #3, .T. ) ;
#3303 = MECHANICAL_DESIGN_GEOMETRIC_PRESENTATION_REPRESENTATION (  '', ( #466 ), #3801 ) ;
#3304 = ORIENTED_EDGE ( 'NONE', *, *, #257, .F. ) ;
#3305 = CARTESIAN_POINT ( 'NONE',  ( 4.776122516674677286E-16, 9.400000000000000355, 3.899999999999999467 ) ) ;
#3306 = DIRECTION ( 'NONE',  ( 0.000000000000000000, 0.000000000000000000, 1.000000000000000000 ) ) ;
#3307 = AXIS2_PLACEMENT_3D ( 'NONE', #2718, #1222, #3656 ) ;
#3308 = FACE_OUTER_BOUND ( 'NONE', #329, .T. ) ;
#3309 = ADVANCED_FACE ( 'NONE', ( #971 ), #393, .T. ) ;
#3310 = DIRECTION ( 'NONE',  ( 0.000000000000000000, 0.000000000000000000, -1.000000000000000000 ) ) ;
#3311 = AXIS2_PLACEMENT_3D ( 'NONE', #1048, #167, #3787 ) ;
#3312 =( NAMED_UNIT ( * ) PLANE_ANGLE_UNIT ( ) SI_UNIT ( $, .RADIAN. ) );
#3313 = VERTEX_POINT ( 'NONE', #2549 ) ;
#3314 = CARTESIAN_POINT ( 'NONE',  ( 0.000000000000000000, 38.25000000000000000, -10.00000000000000000 ) ) ;
#3315 = DIRECTION ( 'NONE',  ( -0.000000000000000000, -1.000000000000000000, -0.000000000000000000 ) ) ;
#3316 = VERTEX_POINT ( 'NONE', #2835 ) ;
#3317 = DIRECTION ( 'NONE',  ( 0.000000000000000000, 0.000000000000000000, 1.000000000000000000 ) ) ;
#3318 = CIRCLE ( 'NONE', #3190, 0.4000000000000000222 ) ;
#3319 =( NAMED_UNIT ( * ) SI_UNIT ( $, .STERADIAN. ) SOLID_ANGLE_UNIT ( ) );
#3320 = ORIENTED_EDGE ( 'NONE', *, *, #2447, .T. ) ;
#3321 = AXIS2_PLACEMENT_3D ( 'NONE', #3608, #890, #3135 ) ;
#3322 = VERTEX_POINT ( 'NONE', #2563 ) ;
#3323 = PLANE ( 'NONE',  #1411 ) ;
#3324 = DIRECTION ( 'NONE',  ( -0.000000000000000000, -1.000000000000000000, -0.000000000000000000 ) ) ;
#3325 = CIRCLE ( 'NONE', #2758, 0.5000000000000000000 ) ;
#3326 = DIRECTION ( 'NONE',  ( 0.000000000000000000, 1.000000000000000000, 0.000000000000000000 ) ) ;
#3327 = ORIENTED_EDGE ( 'NONE', *, *, #2478, .F. ) ;
#3328 = ADVANCED_FACE ( 'NONE', ( #1392 ), #448, .T. ) ;
#3329 = CARTESIAN_POINT ( 'NONE',  ( 3.306546357697851761E-16, 2.694222958124177006E-16, 20.12499999999999645 ) ) ;
#3330 = DIRECTION ( 'NONE',  ( 0.000000000000000000, 0.000000000000000000, 1.000000000000000000 ) ) ;
#3331 = DIRECTION ( 'NONE',  ( -0.000000000000000000, -1.000000000000000000, -0.000000000000000000 ) ) ;
#3332 = ORIENTED_EDGE ( 'NONE', *, *, #3082, .F. ) ;
#3333 = FACE_OUTER_BOUND ( 'NONE', #565, .T. ) ;
#3334 = CARTESIAN_POINT ( 'NONE',  ( 0.000000000000000000, 38.25000000000000000, -10.00000000000000000 ) ) ;
#3335 =( GEOMETRIC_REPRESENTATION_CONTEXT ( 3 ) GLOBAL_UNCERTAINTY_ASSIGNED_CONTEXT ( ( #21 ) ) GLOBAL_UNIT_ASSIGNED_CONTEXT ( ( #478, #3128, #1021 ) ) REPRESENTATION_CONTEXT ( 'NONE', 'WORKASPACE' ) );
#3336 = DIRECTION ( 'NONE',  ( 0.000000000000000000, 0.000000000000000000, 1.000000000000000000 ) ) ;
#3337 = FACE_BOUND ( 'NONE', #3553, .T. ) ;
#3338 = DIRECTION ( 'NONE',  ( -0.000000000000000000, -1.000000000000000000, -0.000000000000000000 ) ) ;
#3339 = ORIENTED_EDGE ( 'NONE', *, *, #561, .F. ) ;
#3340 = UNCERTAINTY_MEASURE_WITH_UNIT (LENGTH_MEASURE( 1.000000000000000082E-05 ), #966, 'distance_accuracy_value', 'NONE');
#3341 =( LENGTH_UNIT ( ) NAMED_UNIT ( * ) SI_UNIT ( .MILLI., .METRE. ) );
#3342 = MECHANICAL_DESIGN_GEOMETRIC_PRESENTATION_REPRESENTATION (  '', ( #3529 ), #1269 ) ;
#3343 = EDGE_LOOP ( 'NONE', ( #636, #3873, #1078, #3339 ) ) ;
#3344 = UNCERTAINTY_MEASURE_WITH_UNIT (LENGTH_MEASURE( 1.000000000000000082E-05 ), #3208, 'distance_accuracy_value', 'NONE');
#3345 = CARTESIAN_POINT ( 'NONE',  ( 15.09049266094380037, 2.500000000000000000, -11.41250000000006537 ) ) ;
#3346 = FACE_OUTER_BOUND ( 'NONE', #1735, .T. ) ;
#3347 = PRESENTATION_LAYER_ASSIGNMENT (  '', '', ( #811 ) ) ;
#3348 = VERTEX_POINT ( 'NONE', #1339 ) ;
#3349 =( NAMED_UNIT ( * ) SI_UNIT ( $, .STERADIAN. ) SOLID_ANGLE_UNIT ( ) );
#3350 = DIRECTION ( 'NONE',  ( 0.000000000000000000, 1.000000000000000000, 0.000000000000000000 ) ) ;
#3351 = EDGE_CURVE ( 'NONE', #1526, #1656, #3793, .T. ) ;
#3352 = CARTESIAN_POINT ( 'NONE',  ( 0.000000000000000000, 0.000000000000000000, -9.599999999999999645 ) ) ;
#3353 = EDGE_LOOP ( 'NONE', ( #2463, #67, #1195, #2382 ) ) ;
#3354 = ADVANCED_FACE ( 'NONE', ( #165 ), #2528, .T. ) ;
#3355 =( LENGTH_UNIT ( ) NAMED_UNIT ( * ) SI_UNIT ( .MILLI., .METRE. ) );
#3356 = CARTESIAN_POINT ( 'NONE',  ( 0.8715574274765832685, 38.25000000000000000, -9.961946980917456784 ) ) ;
#3357 = ADVANCED_FACE ( 'NONE', ( #2903, #2302, #1412, #806, #1994, #3224, #1712, #3818, #200, #100, #40, #684, #3337, #3055 ), #3713, .T. ) ;
#3358 = LINE ( 'NONE', #1903, #1058 ) ;
#3359 = ORIENTED_EDGE ( 'NONE', *, *, #3762, .F. ) ;
#3360 = FILL_AREA_STYLE ('',( #2191 ) ) ;
#3361 = EDGE_CURVE ( 'NONE', #404, #3313, #2802, .T. ) ;
#3362 = DIRECTION ( 'NONE',  ( 0.000000000000000000, 0.000000000000000000, -1.000000000000000000 ) ) ;
#3363 = DIRECTION ( 'NONE',  ( 0.000000000000000000, 0.000000000000000000, -1.000000000000000000 ) ) ;
#3364 = ORIENTED_EDGE ( 'NONE', *, *, #1736, .F. ) ;
#3365 = ORIENTED_EDGE ( 'NONE', *, *, #1663, .T. ) ;
#3366 = CARTESIAN_POINT ( 'NONE',  ( -1.702137580665993966, 38.25000000000000000, 9.854071628341479538 ) ) ;
#3367 = FACE_OUTER_BOUND ( 'NONE', #750, .T. ) ;
#3368 =( NAMED_UNIT ( * ) PLANE_ANGLE_UNIT ( ) SI_UNIT ( $, .RADIAN. ) );
#3369 = AXIS2_PLACEMENT_3D ( 'NONE', #87, #1566, #405 ) ;
#3370 = ORIENTED_EDGE ( 'NONE', *, *, #3408, .T. ) ;
#3371 = ORIENTED_EDGE ( 'NONE', *, *, #3572, .F. ) ;
#3372 = CARTESIAN_POINT ( 'NONE',  ( 0.3525766757920598127, 9.400000000000000355, -0.3458650599722584151 ) ) ;
#3373 = AXIS2_PLACEMENT_3D ( 'NONE', #241, #3542, #3604 ) ;
#3374 = FILL_AREA_STYLE ('',( #2985 ) ) ;
#3375 = DIRECTION ( 'NONE',  ( 0.000000000000000000, 0.000000000000000000, 1.000000000000000000 ) ) ;
#3376 = DIRECTION ( 'NONE',  ( 0.000000000000000000, 1.000000000000000000, 0.000000000000000000 ) ) ;
#3377 = ORIENTED_EDGE ( 'NONE', *, *, #3717, .F. ) ;
#3378 = CARTESIAN_POINT ( 'NONE',  ( 0.000000000000000000, 0.000000000000000000, 0.000000000000000000 ) ) ;
#3379 =( NAMED_UNIT ( * ) SI_UNIT ( $, .STERADIAN. ) SOLID_ANGLE_UNIT ( ) );
#3380 = CIRCLE ( 'NONE', #411, 21.87500000000000000 ) ;
#3381 = AXIS2_PLACEMENT_3D ( 'NONE', #726, #512, #3807 ) ;
#3382 = EDGE_CURVE ( 'NONE', #2679, #2836, #1203, .T. ) ;
#3383 = DIRECTION ( 'NONE',  ( 0.000000000000000000, 1.000000000000000000, 0.000000000000000000 ) ) ;
#3384 = DIRECTION ( 'NONE',  ( 0.000000000000000000, 1.000000000000000000, 0.000000000000000000 ) ) ;
#3385 = EDGE_LOOP ( 'NONE', ( #3021, #1982, #1414, #1334 ) ) ;
#3386 = CARTESIAN_POINT ( 'NONE',  ( 5.817072295949927426E-16, 0.5000000000000000000, 4.750000000000000000 ) ) ;
#3387 = MECHANICAL_DESIGN_GEOMETRIC_PRESENTATION_REPRESENTATION (  '', ( #3627 ), #1426 ) ;
#3388 = EDGE_CURVE ( 'NONE', #1126, #828, #1284, .T. ) ;
#3389 = CARTESIAN_POINT ( 'NONE',  ( 1.334865011070615048E-15, 2.500000000000000000, 10.90000000000000036 ) ) ;
#3390 = CIRCLE ( 'NONE', #1682, 4.750000000000000000 ) ;
#3391 = MECHANICAL_DESIGN_GEOMETRIC_PRESENTATION_REPRESENTATION (  '', ( #1175 ), #424 ) ;
#3392 = ORIENTED_EDGE ( 'NONE', *, *, #20, .T. ) ;
#3393 = AXIS2_PLACEMENT_3D ( 'NONE', #1838, #2755, #1818 ) ;
#3394 = PRESENTATION_LAYER_ASSIGNMENT (  '', '', ( #3639 ) ) ;
#3395 = CARTESIAN_POINT ( 'NONE',  ( -0.6287016611611960792, 9.400000000000000355, -0.5341902481823798121 ) ) ;
#3396 = CARTESIAN_POINT ( 'NONE',  ( 0.000000000000000000, 9.400000000000000355, 0.000000000000000000 ) ) ;
#3397 = EDGE_LOOP ( 'NONE', ( #2797, #3858 ) ) ;
#3398 = AXIS2_PLACEMENT_3D ( 'NONE', #2507, #734, #2619 ) ;
#3399 = CARTESIAN_POINT ( 'NONE',  ( 15.09049266094380037, 0.000000000000000000, -11.41250000000006537 ) ) ;
#3400 = AXIS2_PLACEMENT_3D ( 'NONE', #3146, #3172, #2209 ) ;
#3401 = DIRECTION ( 'NONE',  ( -0.000000000000000000, -1.000000000000000000, -0.000000000000000000 ) ) ;
#3402 = CYLINDRICAL_SURFACE ( 'NONE', #698, 0.3999999999999993006 ) ;
#3403 = DIRECTION ( 'NONE',  ( -0.000000000000000000, -1.000000000000000000, -0.000000000000000000 ) ) ;
#3404 = EDGE_LOOP ( 'NONE', ( #3617, #885, #2394, #623 ) ) ;
#3405 = CARTESIAN_POINT ( 'NONE',  ( -0.6287016611611960792, 9.400000000000000355, -0.1341902481823798177 ) ) ;
#3406 = DIRECTION ( 'NONE',  ( 0.000000000000000000, 0.000000000000000000, -1.000000000000000000 ) ) ;
#3407 = DIRECTION ( 'NONE',  ( 0.000000000000000000, 0.000000000000000000, -1.000000000000000000 ) ) ;
#3408 = EDGE_CURVE ( 'NONE', #3640, #404, #3732, .T. ) ;
#3409 = PRESENTATION_STYLE_ASSIGNMENT (( #639 ) ) ;
#3410 = AXIS2_PLACEMENT_3D ( 'NONE', #1907, #2195, #2788 ) ;
#3411 = ORIENTED_EDGE ( 'NONE', *, *, #2499, .T. ) ;
#3412 = FACE_OUTER_BOUND ( 'NONE', #449, .T. ) ;
#3413 = STYLED_ITEM ( 'NONE', ( #2001 ), #3109 ) ;
#3414 = CARTESIAN_POINT ( 'NONE',  ( 0.000000000000000000, 28.24999999999999645, 0.000000000000000000 ) ) ;
#3415 = DIRECTION ( 'NONE',  ( -1.000000000000000000, 0.000000000000000000, 0.000000000000000000 ) ) ;
#3416 = ORIENTED_EDGE ( 'NONE', *, *, #778, .F. ) ;
#3417 = AXIS2_PLACEMENT_3D ( 'NONE', #2105, #2407, #62 ) ;
#3418 = FACE_OUTER_BOUND ( 'NONE', #3256, .T. ) ;
#3419 = VECTOR ( 'NONE', #1304, 1000.000000000000000 ) ;
#3420 = CARTESIAN_POINT ( 'NONE',  ( -1.702137580665993966, 38.25000000000000000, -9.854071628341479538 ) ) ;
#3421 = CARTESIAN_POINT ( 'NONE',  ( 0.000000000000000000, 2.500000000000000000, -21.87500000000000000 ) ) ;
#3422 = FACE_OUTER_BOUND ( 'NONE', #2542, .T. ) ;
#3423 =( NAMED_UNIT ( * ) SI_UNIT ( $, .STERADIAN. ) SOLID_ANGLE_UNIT ( ) );
#3424 = FACE_OUTER_BOUND ( 'NONE', #1578, .T. ) ;
#3425 = SURFACE_STYLE_FILL_AREA ( #1007 ) ;
#3426 = CARTESIAN_POINT ( 'NONE',  ( 0.000000000000000000, 8.900000000000000355, 0.000000000000000000 ) ) ;
#3427 = EDGE_CURVE ( 'NONE', #2079, #443, #192, .T. ) ;
#3428 = ORIENTED_EDGE ( 'NONE', *, *, #902, .F. ) ;
#3429 = EDGE_LOOP ( 'NONE', ( #2757, #3411 ) ) ;
#3430 = PLANE ( 'NONE',  #2725 ) ;
#3431 = CIRCLE ( 'NONE', #2472, 2.699999999999997513 ) ;
#3432 = ADVANCED_FACE ( 'NONE', ( #2126 ), #2167, .T. ) ;
#3433 = ORIENTED_EDGE ( 'NONE', *, *, #778, .T. ) ;
#3434 = PRESENTATION_STYLE_ASSIGNMENT (( #3729 ) ) ;
#3435 = STYLED_ITEM ( 'NONE', ( #3199 ), #208 ) ;
#3436 = DIRECTION ( 'NONE',  ( 0.000000000000000000, -1.000000000000000000, 0.000000000000000000 ) ) ;
#3437 =( NAMED_UNIT ( * ) SI_UNIT ( $, .STERADIAN. ) SOLID_ANGLE_UNIT ( ) );
#3438 = CIRCLE ( 'NONE', #1790, 0.3999999999999999667 ) ;
#3439 = STYLED_ITEM ( 'NONE', ( #884 ), #48 ) ;
#3440 = DIRECTION ( 'NONE',  ( -0.000000000000000000, -1.000000000000000000, -0.000000000000000000 ) ) ;
#3441 = CARTESIAN_POINT ( 'NONE',  ( 0.000000000000000000, 24.39999999999999858, -0.4000000000000000222 ) ) ;
#3442 = AXIS2_PLACEMENT_3D ( 'NONE', #1549, #2453, #1606 ) ;
#3443 = CARTESIAN_POINT ( 'NONE',  ( -0.8715574274765833795, 38.25000000000000000, -9.961946980917456784 ) ) ;
#3444 = CARTESIAN_POINT ( 'NONE',  ( 2.544026408265383843, 38.25000000000000000, -10.07098390206747851 ) ) ;
#3445 = AXIS2_PLACEMENT_3D ( 'NONE', #402, #1892, #2153 ) ;
#3446 = VECTOR ( 'NONE', #2595, 1000.000000000000000 ) ;
#3447 = ORIENTED_EDGE ( 'NONE', *, *, #3110, .F. ) ;
#3448 = DIRECTION ( 'NONE',  ( 0.000000000000000000, 1.000000000000000000, 0.000000000000000000 ) ) ;
#3449 = PRESENTATION_STYLE_ASSIGNMENT (( #447 ) ) ;
#3450 = CARTESIAN_POINT ( 'NONE',  ( -1.702137580665993966, 38.25000000000000000, -9.854071628341479538 ) ) ;
#3451 = VERTEX_POINT ( 'NONE', #2435 ) ;
#3452 = FACE_OUTER_BOUND ( 'NONE', #2115, .T. ) ;
#3453 = CIRCLE ( 'NONE', #3140, 0.4000000000000000777 ) ;
#3454 = EDGE_CURVE ( 'NONE', #2994, #1672, #2650, .T. ) ;
#3455 = CIRCLE ( 'NONE', #2873, 0.4000000000000000222 ) ;
#3456 = MECHANICAL_DESIGN_GEOMETRIC_PRESENTATION_REPRESENTATION (  '', ( #170 ), #3200 ) ;
#3457 = CARTESIAN_POINT ( 'NONE',  ( 0.8715574274765832685, 38.25000000000000000, 9.961946980917456784 ) ) ;
#3458 = ORIENTED_EDGE ( 'NONE', *, *, #2101, .T. ) ;
#3459 = SURFACE_STYLE_FILL_AREA ( #419 ) ;
#3460 = ORIENTED_EDGE ( 'NONE', *, *, #3806, .T. ) ;
#3461 =( NAMED_UNIT ( * ) SI_UNIT ( $, .STERADIAN. ) SOLID_ANGLE_UNIT ( ) );
#3462 = STYLED_ITEM ( 'NONE', ( #9 ), #3683 ) ;
#3463 = DIRECTION ( 'NONE',  ( -0.000000000000000000, -1.000000000000000000, -0.000000000000000000 ) ) ;
#3464 = DIRECTION ( 'NONE',  ( 0.000000000000000000, 1.000000000000000000, 0.000000000000000000 ) ) ;
#3465 = MECHANICAL_DESIGN_GEOMETRIC_PRESENTATION_REPRESENTATION (  '', ( #2241 ), #1587 ) ;
#3466 = VERTEX_POINT ( 'NONE', #627 ) ;
#3467 = FILL_AREA_STYLE_COLOUR ( '', #764 ) ;
#3468 = DIRECTION ( 'NONE',  ( 0.000000000000000000, 1.000000000000000000, 0.000000000000000000 ) ) ;
#3469 = ORIENTED_EDGE ( 'NONE', *, *, #1049, .F. ) ;
#3470 =( GEOMETRIC_REPRESENTATION_CONTEXT ( 3 ) GLOBAL_UNCERTAINTY_ASSIGNED_CONTEXT ( ( #610 ) ) GLOBAL_UNIT_ASSIGNED_CONTEXT ( ( #818, #3754, #1662 ) ) REPRESENTATION_CONTEXT ( 'NONE', 'WORKASPACE' ) );
#3471 = CARTESIAN_POINT ( 'NONE',  ( 2.678914873134834916E-15, 2.500000000000000000, 21.87500000000000000 ) ) ;
#3472 = EDGE_CURVE ( 'NONE', #1948, #3662, #1394, .T. ) ;
#3473 = LINE ( 'NONE', #1087, #3539 ) ;
#3474 = COLOUR_RGB ( '',1.000000000000000000, 1.000000000000000000, 1.000000000000000000 ) ;
#3475 = CYLINDRICAL_SURFACE ( 'NONE', #2189, 21.87500000000000000 ) ;
#3476 = ORIENTED_EDGE ( 'NONE', *, *, #1455, .F. ) ;
#3477 = EDGE_CURVE ( 'NONE', #2162, #235, #7, .T. ) ;
#3478 = FILL_AREA_STYLE_COLOUR ( '', #922 ) ;
#3479 = DIRECTION ( 'NONE',  ( -0.000000000000000000, -1.000000000000000000, -0.000000000000000000 ) ) ;
#3480 = ADVANCED_FACE ( 'NONE', ( #16 ), #3402, .T. ) ;
#3481 = CARTESIAN_POINT ( 'NONE',  ( 1.334865011070615048E-15, 28.24999999999999645, 10.90000000000000036 ) ) ;
#3482 = ORIENTED_EDGE ( 'NONE', *, *, #1124, .T. ) ;
#3483 = SURFACE_SIDE_STYLE ('',( #2276 ) ) ;
#3484 = FILL_AREA_STYLE ('',( #3743 ) ) ;
#3485 = DIRECTION ( 'NONE',  ( 0.000000000000000000, 0.000000000000000000, 1.000000000000000000 ) ) ;
#3486 = FILL_AREA_STYLE ('',( #2264 ) ) ;
#3487 = CARTESIAN_POINT ( 'NONE',  ( -0.8715574274765833795, 38.25000000000000000, 9.961946980917456784 ) ) ;
#3488 = CARTESIAN_POINT ( 'NONE',  ( 0.000000000000000000, 0.000000000000000000, 17.42499999999999716 ) ) ;
#3489 = EDGE_CURVE ( 'NONE', #277, #2217, #956, .T. ) ;
#3490 = AXIS2_PLACEMENT_3D ( 'NONE', #880, #592, #2995 ) ;
#3491 = AXIS2_PLACEMENT_3D ( 'NONE', #3854, #1147, #1522 ) ;
#3492 = CYLINDRICAL_SURFACE ( 'NONE', #351, 0.4000000000000010214 ) ;
#3493 = CIRCLE ( 'NONE', #95, 0.3999999999999999667 ) ;
#3494 = MECHANICAL_DESIGN_GEOMETRIC_PRESENTATION_REPRESENTATION (  '', ( #2807 ), #901 ) ;
#3495 = SURFACE_STYLE_FILL_AREA ( #1404 ) ;
#3496 = EDGE_CURVE ( 'NONE', #3767, #2122, #2852, .T. ) ;
#3497 = FILL_AREA_STYLE_COLOUR ( '', #2612 ) ;
#3498 = MECHANICAL_DESIGN_GEOMETRIC_PRESENTATION_REPRESENTATION (  '', ( #2734 ), #906 ) ;
#3499 = EDGE_LOOP ( 'NONE', ( #1909, #1570 ) ) ;
#3500 = FACE_OUTER_BOUND ( 'NONE', #2437, .T. ) ;
#3501 = CIRCLE ( 'NONE', #155, 0.4000000000000000222 ) ;
#3502 = AXIS2_PLACEMENT_3D ( 'NONE', #849, #8, #1148 ) ;
#3503 = SURFACE_STYLE_FILL_AREA ( #2261 ) ;
#3504 = ORIENTED_EDGE ( 'NONE', *, *, #907, .T. ) ;
#3505 = PLANE ( 'NONE',  #1623 ) ;
#3506 = PRODUCT ( '1000030', '1000030', '', ( #3005 ) ) ;
#3507 =( GEOMETRIC_REPRESENTATION_CONTEXT ( 3 ) GLOBAL_UNCERTAINTY_ASSIGNED_CONTEXT ( ( #1686 ) ) GLOBAL_UNIT_ASSIGNED_CONTEXT ( ( #2860, #3796, #2236 ) ) REPRESENTATION_CONTEXT ( 'NONE', 'WORKASPACE' ) );
#3508 = DIRECTION ( 'NONE',  ( 0.000000000000000000, 0.000000000000000000, -1.000000000000000000 ) ) ;
#3509 = DIRECTION ( 'NONE',  ( -0.000000000000000000, -1.000000000000000000, -0.000000000000000000 ) ) ;
#3510 = VERTEX_POINT ( 'NONE', #2284 ) ;
#3511 = CIRCLE ( 'NONE', #2820, 0.3999999999999993006 ) ;
#3512 = EDGE_LOOP ( 'NONE', ( #1097, #2523 ) ) ;
#3513 = FILL_AREA_STYLE_COLOUR ( '', #1348 ) ;
#3514 = MECHANICAL_DESIGN_GEOMETRIC_PRESENTATION_REPRESENTATION (  '', ( #1370 ), #2686 ) ;
#3515 = EDGE_LOOP ( 'NONE', ( #2015, #3880 ) ) ;
#3516 = CARTESIAN_POINT ( 'NONE',  ( -0.2650306909542099465, 24.39999999999999858, -1.366355876195836760 ) ) ;
#3517 = PRODUCT_DEFINITION_FORMATION_WITH_SPECIFIED_SOURCE ( 'ANY', '', #1681, .NOT_KNOWN. ) ;
#3518 = EDGE_CURVE ( 'NONE', #1708, #1945, #3473, .T. ) ;
#3519 = CARTESIAN_POINT ( 'NONE',  ( 0.000000000000000000, 1.600000000000000089, 0.000000000000000000 ) ) ;
#3520 = EDGE_CURVE ( 'NONE', #3610, #2258, #2324, .T. ) ;
#3521 = ORIENTED_EDGE ( 'NONE', *, *, #265, .F. ) ;
#3522 = DIRECTION ( 'NONE',  ( -0.000000000000000000, -1.000000000000000000, -0.000000000000000000 ) ) ;
#3523 = CARTESIAN_POINT ( 'NONE',  ( -0.2650306909542099465, 24.39999999999999858, -1.366355876195836760 ) ) ;
#3524 = EDGE_LOOP ( 'NONE', ( #1876, #126, #3277, #644 ) ) ;
#3525 = VERTEX_POINT ( 'NONE', #3748 ) ;
#3526 = FILL_AREA_STYLE_COLOUR ( '', #982 ) ;
#3527 = DIRECTION ( 'NONE',  ( 0.000000000000000000, 0.000000000000000000, 1.000000000000000000 ) ) ;
#3528 = FACE_OUTER_BOUND ( 'NONE', #1351, .T. ) ;
#3529 = STYLED_ITEM ( 'NONE', ( #1219 ), #2793 ) ;
#3530 = CARTESIAN_POINT ( 'NONE',  ( 1.738004324169895476, 38.25000000000000000, 9.847808942560101642 ) ) ;
#3531 =( LENGTH_UNIT ( ) NAMED_UNIT ( * ) SI_UNIT ( .MILLI., .METRE. ) );
#3532 = STYLED_ITEM ( 'NONE', ( #2609 ), #3038 ) ;
#3533 = ORIENTED_EDGE ( 'NONE', *, *, #1998, .F. ) ;
#3534 = DIRECTION ( 'NONE',  ( 0.000000000000000000, 1.000000000000000000, 0.000000000000000000 ) ) ;
#3535 = CIRCLE ( 'NONE', #940, 0.3999999999999999667 ) ;
#3536 = PRESENTATION_STYLE_ASSIGNMENT (( #1120 ) ) ;
#3537 = UNCERTAINTY_MEASURE_WITH_UNIT (LENGTH_MEASURE( 1.000000000000000082E-05 ), #326, 'distance_accuracy_value', 'NONE');
#3538 = DIRECTION ( 'NONE',  ( 0.000000000000000000, 0.000000000000000000, -1.000000000000000000 ) ) ;
#3539 = VECTOR ( 'NONE', #1015, 1000.000000000000000 ) ;
#3540 = FACE_OUTER_BOUND ( 'NONE', #588, .T. ) ;
#3541 = ORIENTED_EDGE ( 'NONE', *, *, #3745, .F. ) ;
#3542 = DIRECTION ( 'NONE',  ( 0.000000000000000000, 1.000000000000000000, 0.000000000000000000 ) ) ;
#3543 = SURFACE_SIDE_STYLE ('',( #2965 ) ) ;
#3544 = EDGE_CURVE ( 'NONE', #3322, #1727, #1646, .T. ) ;
#3545 = VERTEX_POINT ( 'NONE', #1342 ) ;
#3546 = EDGE_CURVE ( 'NONE', #972, #348, #3788, .T. ) ;
#3547 =( NAMED_UNIT ( * ) SI_UNIT ( $, .STERADIAN. ) SOLID_ANGLE_UNIT ( ) );
#3548 = DIRECTION ( 'NONE',  ( 0.000000000000000000, 1.000000000000000000, 0.000000000000000000 ) ) ;
#3549 = CARTESIAN_POINT ( 'NONE',  ( 15.09049266094380037, 2.500000000000000000, -8.712500000000069633 ) ) ;
#3550 = VERTEX_POINT ( 'NONE', #1067 ) ;
#3551 = EDGE_LOOP ( 'NONE', ( #1256, #2781, #2486, #3227 ) ) ;
#3552 =( NAMED_UNIT ( * ) SI_UNIT ( $, .STERADIAN. ) SOLID_ANGLE_UNIT ( ) );
#3553 = EDGE_LOOP ( 'NONE', ( #3655, #3541 ) ) ;
#3554 = AXIS2_PLACEMENT_3D ( 'NONE', #3803, #3253, #1184 ) ;
#3555 = SURFACE_SIDE_STYLE ('',( #2332 ) ) ;
#3556 = SURFACE_STYLE_FILL_AREA ( #2616 ) ;
#3557 = AXIS2_PLACEMENT_3D ( 'NONE', #2848, #464, #144 ) ;
#3558 = DIRECTION ( 'NONE',  ( -0.000000000000000000, -1.000000000000000000, -0.000000000000000000 ) ) ;
#3559 = AXIS2_PLACEMENT_3D ( 'NONE', #1579, #2207, #2287 ) ;
#3560 = VERTEX_POINT ( 'NONE', #119 ) ;
#3561 = CARTESIAN_POINT ( 'NONE',  ( 0.8232053680170706711, 9.400000000000000355, 0.4543867821063123924 ) ) ;
#3562 = MANIFOLD_SOLID_BREP ( 'Boss-Extrude2', #3753 ) ;
#3563 = DIRECTION ( 'NONE',  ( -0.000000000000000000, -1.000000000000000000, -0.000000000000000000 ) ) ;
#3564 = PRESENTATION_LAYER_ASSIGNMENT (  '', '', ( #769 ) ) ;
#3565 =( NAMED_UNIT ( * ) PLANE_ANGLE_UNIT ( ) SI_UNIT ( $, .RADIAN. ) );
#3566 = CIRCLE ( 'NONE', #2740, 2.699999999999999289 ) ;
#3567 = ORIENTED_EDGE ( 'NONE', *, *, #1261, .F. ) ;
#3568 = STYLED_ITEM ( 'NONE', ( #3434 ), #957 ) ;
#3569 = FACE_OUTER_BOUND ( 'NONE', #1388, .T. ) ;
#3570 = DIRECTION ( 'NONE',  ( 0.000000000000000000, 0.000000000000000000, 1.000000000000000000 ) ) ;
#3571 = CARTESIAN_POINT ( 'NONE',  ( 0.000000000000000000, 2.500000000000000000, 0.000000000000000000 ) ) ;
#3572 = EDGE_CURVE ( 'NONE', #3137, #73, #149, .T. ) ;
#3573 = CARTESIAN_POINT ( 'NONE',  ( -0.7099363585365638940, 9.400000000000000355, 0.4202563108721194540 ) ) ;
#3574 = AXIS2_PLACEMENT_3D ( 'NONE', #514, #2681, #3538 ) ;
#3575 = AXIS2_PLACEMENT_3D ( 'NONE', #1782, #76, #3072 ) ;
#3576 =( NAMED_UNIT ( * ) PLANE_ANGLE_UNIT ( ) SI_UNIT ( $, .RADIAN. ) );
#3577 = EDGE_LOOP ( 'NONE', ( #202, #3504, #2185, #1552 ) ) ;
#3578 = DIRECTION ( 'NONE',  ( 0.000000000000000000, 0.000000000000000000, -1.000000000000000000 ) ) ;
#3579 = COLOUR_RGB ( '',0.5254901960784313930, 0.4431372549019607643, 0.03137254901960784270 ) ;
#3580 = AXIS2_PLACEMENT_3D ( 'NONE', #199, #1711, #1481 ) ;
#3581 = UNCERTAINTY_MEASURE_WITH_UNIT (LENGTH_MEASURE( 1.000000000000000082E-05 ), #2654, 'distance_accuracy_value', 'NONE');
#3582 = CARTESIAN_POINT ( 'NONE',  ( 0.000000000000000000, 24.39999999999999858, -0.4000000000000000222 ) ) ;
#3583 = SURFACE_STYLE_FILL_AREA ( #1774 ) ;
#3584 = PRESENTATION_LAYER_ASSIGNMENT (  '', '', ( #3462 ) ) ;
#3585 = AXIS2_PLACEMENT_3D ( 'NONE', #756, #1323, #3102 ) ;
#3586 = EDGE_LOOP ( 'NONE', ( #373, #666, #1483, #823 ) ) ;
#3587 = CARTESIAN_POINT ( 'NONE',  ( 0.000000000000000000, 28.24999999999999645, -10.90000000000000036 ) ) ;
#3588 = FILL_AREA_STYLE_COLOUR ( '', #2680 ) ;
#3589 = DIRECTION ( 'NONE',  ( -0.000000000000000000, -1.000000000000000000, -0.000000000000000000 ) ) ;
#3590 = ORIENTED_EDGE ( 'NONE', *, *, #3008, .F. ) ;
#3591 = CARTESIAN_POINT ( 'NONE',  ( 1.044608899179063410, 24.39999999999999858, 1.308636607695468745 ) ) ;
#3592 = CYLINDRICAL_SURFACE ( 'NONE', #3196, 0.4000000000000010214 ) ;
#3593 = DIRECTION ( 'NONE',  ( 0.000000000000000000, 0.000000000000000000, 1.000000000000000000 ) ) ;
#3594 = EDGE_LOOP ( 'NONE', ( #1436, #2684 ) ) ;
#3595 = CARTESIAN_POINT ( 'NONE',  ( -1.702137580665993966, 38.25000000000000000, -9.854071628341479538 ) ) ;
#3596 = EDGE_CURVE ( 'NONE', #3545, #814, #297, .T. ) ;
#3597 = EDGE_CURVE ( 'NONE', #947, #2814, #3004, .T. ) ;
#3598 = ORIENTED_EDGE ( 'NONE', *, *, #1069, .T. ) ;
#3599 = AXIS2_PLACEMENT_3D ( 'NONE', #2737, #2495, #3080 ) ;
#3600 = DIRECTION ( 'NONE',  ( -0.000000000000000000, -1.000000000000000000, -0.000000000000000000 ) ) ;
#3601 = EDGE_CURVE ( 'NONE', #3316, #3510, #2620, .T. ) ;
#3602 = VERTEX_POINT ( 'NONE', #2653 ) ;
#3603 = ORIENTED_EDGE ( 'NONE', *, *, #1305, .F. ) ;
#3604 = DIRECTION ( 'NONE',  ( 0.000000000000000000, 0.000000000000000000, 1.000000000000000000 ) ) ;
#3605 = AXIS2_PLACEMENT_3D ( 'NONE', #2455, #704, #3693 ) ;
#3606 = SURFACE_STYLE_FILL_AREA ( #2011 ) ;
#3607 = VERTEX_POINT ( 'NONE', #228 ) ;
#3608 = CARTESIAN_POINT ( 'NONE',  ( 0.1848617153801214441, 24.39999999999999858, 0.8040218567842040143 ) ) ;
#3609 = CARTESIAN_POINT ( 'NONE',  ( 0.8715574274765832685, 38.25000000000000000, 9.961946980917456784 ) ) ;
#3610 = VERTEX_POINT ( 'NONE', #873 ) ;
#3611 = CARTESIAN_POINT ( 'NONE',  ( 2.544026408265383843, 38.25000000000000000, -9.670983902067479931 ) ) ;
#3612 = VERTEX_POINT ( 'NONE', #1445 ) ;
#3613 = PRESENTATION_STYLE_ASSIGNMENT (( #2027 ) ) ;
#3614 = UNCERTAINTY_MEASURE_WITH_UNIT (LENGTH_MEASURE( 1.000000000000000082E-05 ), #2386, 'distance_accuracy_value', 'NONE');
#3615 = VECTOR ( 'NONE', #3195, 1000.000000000000000 ) ;
#3616 =( NAMED_UNIT ( * ) PLANE_ANGLE_UNIT ( ) SI_UNIT ( $, .RADIAN. ) );
#3617 = ORIENTED_EDGE ( 'NONE', *, *, #2982, .F. ) ;
#3618 = STYLED_ITEM ( 'NONE', ( #3105 ), #2417 ) ;
#3619 = EDGE_CURVE ( 'NONE', #3466, #590, #363, .T. ) ;
#3620 = EDGE_LOOP ( 'NONE', ( #1925, #2418, #1190, #1536 ) ) ;
#3621 = CARTESIAN_POINT ( 'NONE',  ( 0.3525766757920598127, 24.39999999999999858, -0.3458650599722584151 ) ) ;
#3622 = AXIS2_PLACEMENT_3D ( 'NONE', #3751, #1035, #1904 ) ;
#3623 = ORIENTED_EDGE ( 'NONE', *, *, #2771, .T. ) ;
#3624 = MECHANICAL_DESIGN_GEOMETRIC_PRESENTATION_REPRESENTATION (  '', ( #474 ), #1728 ) ;
#3625 = FILL_AREA_STYLE ('',( #2136 ) ) ;
#3626 = CYLINDRICAL_SURFACE ( 'NONE', #2942, 2.699999999999997513 ) ;
#3627 = STYLED_ITEM ( 'NONE', ( #934 ), #858 ) ;
#3628 = CARTESIAN_POINT ( 'NONE',  ( 1.175660927181458842E-15, 0.000000000000000000, 9.599999999999999645 ) ) ;
#3629 = VERTEX_POINT ( 'NONE', #1783 ) ;
#3630 = VECTOR ( 'NONE', #342, 1000.000000000000000 ) ;
#3631 = CARTESIAN_POINT ( 'NONE',  ( -0.7099363585365638940, 24.39999999999999858, 0.4202563108721194540 ) ) ;
#3632 = STYLED_ITEM ( 'NONE', ( #3409 ), #1100 ) ;
#3633 = CARTESIAN_POINT ( 'NONE',  ( 1.738004324169895476, 28.24999999999999645, 9.847808942560101642 ) ) ;
#3634 = ORIENTED_EDGE ( 'NONE', *, *, #1937, .T. ) ;
#3635 = CARTESIAN_POINT ( 'NONE',  ( 0.8715574274765832685, 28.24999999999999645, -9.961946980917456784 ) ) ;
#3636 = COLOUR_RGB ( '',1.000000000000000000, 1.000000000000000000, 0.5019607843137254832 ) ;
#3637 = AXIS2_PLACEMENT_3D ( 'NONE', #1012, #2816, #2203 ) ;
#3638 = CARTESIAN_POINT ( 'NONE',  ( 2.544026408265383843, 38.25000000000000000, 9.670983902067479931 ) ) ;
#3639 = STYLED_ITEM ( 'NONE', ( #3536 ), #1757 ) ;
#3640 = VERTEX_POINT ( 'NONE', #855 ) ;
#3641 = ADVANCED_FACE ( 'NONE', ( #3859 ), #2041, .T. ) ;
#3642 = CIRCLE ( 'NONE', #3393, 0.4000000000000000777 ) ;
#3643 = DIRECTION ( 'NONE',  ( 0.5831531062624795148, 0.000000000000000000, -0.8123622681146766000 ) ) ;
#3644 = EDGE_CURVE ( 'NONE', #1765, #1441, #2296, .T. ) ;
#3645 = EDGE_LOOP ( 'NONE', ( #4, #1690, #722, #3802 ) ) ;
#3646 = COLOUR_RGB ( '',0.2509803921568627416, 0.2509803921568627416, 0.2509803921568627416 ) ;
#3647 = DIRECTION ( 'NONE',  ( 0.000000000000000000, 1.000000000000000000, 0.000000000000000000 ) ) ;
#3648 = DIRECTION ( 'NONE',  ( 0.000000000000000000, 1.000000000000000000, 0.000000000000000000 ) ) ;
#3649 = EDGE_CURVE ( 'NONE', #310, #370, #3455, .T. ) ;
#3650 = ORIENTED_EDGE ( 'NONE', *, *, #3644, .F. ) ;
#3651 = FILL_AREA_STYLE ('',( #2431 ) ) ;
#3652 = CYLINDRICAL_SURFACE ( 'NONE', #3879, 0.3999999999999993006 ) ;
#3653 = DIRECTION ( 'NONE',  ( 0.000000000000000000, 0.000000000000000000, -1.000000000000000000 ) ) ;
#3654 = DIRECTION ( 'NONE',  ( -0.000000000000000000, -1.000000000000000000, -0.000000000000000000 ) ) ;
#3655 = ORIENTED_EDGE ( 'NONE', *, *, #3649, .F. ) ;
#3656 = DIRECTION ( 'NONE',  ( 0.000000000000000000, 0.000000000000000000, 1.000000000000000000 ) ) ;
#3657 = PRESENTATION_STYLE_ASSIGNMENT (( #981 ) ) ;
#3658 = UNCERTAINTY_MEASURE_WITH_UNIT (LENGTH_MEASURE( 1.000000000000000082E-05 ), #2029, 'distance_accuracy_value', 'NONE');
#3659 = CARTESIAN_POINT ( 'NONE',  ( 2.544026408265383843, 38.25000000000000000, -9.670983902067479931 ) ) ;
#3660 = MECHANICAL_DESIGN_GEOMETRIC_PRESENTATION_REPRESENTATION (  '', ( #442 ), #1385 ) ;
#3661 = EDGE_LOOP ( 'NONE', ( #837, #1760 ) ) ;
#3662 = VERTEX_POINT ( 'NONE', #831 ) ;
#3663 = FILL_AREA_STYLE_COLOUR ( '', #276 ) ;
#3664 = UNCERTAINTY_MEASURE_WITH_UNIT (LENGTH_MEASURE( 1.000000000000000082E-05 ), #2442, 'distance_accuracy_value', 'NONE');
#3665 = DIRECTION ( 'NONE',  ( 0.000000000000000000, 1.000000000000000000, 0.000000000000000000 ) ) ;
#3666 = CIRCLE ( 'NONE', #3724, 0.4000000000000002442 ) ;
#3667 = CIRCLE ( 'NONE', #1061, 0.4000000000000010214 ) ;
#3668 = ORIENTED_EDGE ( 'NONE', *, *, #1693, .F. ) ;
#3669 = DIRECTION ( 'NONE',  ( 0.000000000000000000, 1.000000000000000000, 0.000000000000000000 ) ) ;
#3670 = EDGE_CURVE ( 'NONE', #2669, #1630, #205, .T. ) ;
#3671 = PRESENTATION_STYLE_ASSIGNMENT (( #2120 ) ) ;
#3672 = FILL_AREA_STYLE_COLOUR ( '', #1825 ) ;
#3673 = EDGE_LOOP ( 'NONE', ( #2325, #3603 ) ) ;
#3674 = SURFACE_SIDE_STYLE ('',( #2452 ) ) ;
#3675 = CARTESIAN_POINT ( 'NONE',  ( 1.044608899179063410, 9.400000000000000355, 0.5086366076954685900 ) ) ;
#3676 = EDGE_CURVE ( 'NONE', #892, #1082, #986, .T. ) ;
#3677 = PRESENTATION_STYLE_ASSIGNMENT (( #915 ) ) ;
#3678 = SURFACE_STYLE_FILL_AREA ( #417 ) ;
#3679 = ORIENTED_EDGE ( 'NONE', *, *, #1205, .F. ) ;
#3680 =( NAMED_UNIT ( * ) SI_UNIT ( $, .STERADIAN. ) SOLID_ANGLE_UNIT ( ) );
#3681 = SURFACE_STYLE_FILL_AREA ( #708 ) ;
#3682 = DIRECTION ( 'NONE',  ( 0.000000000000000000, 1.000000000000000000, 0.000000000000000000 ) ) ;
#3683 = ADVANCED_BREP_SHAPE_REPRESENTATION ( '', ( #3562, #1446 ), #3261 ) ;
#3684 = ORIENTED_EDGE ( 'NONE', *, *, #3226, .F. ) ;
#3685 = CARTESIAN_POINT ( 'NONE',  ( 0.000000000000000000, 0.000000000000000000, 0.000000000000000000 ) ) ;
#3686 = AXIS2_PLACEMENT_3D ( 'NONE', #2622, #278, #3898 ) ;
#3687 =( NAMED_UNIT ( * ) PLANE_ANGLE_UNIT ( ) SI_UNIT ( $, .RADIAN. ) );
#3688 = ORIENTED_EDGE ( 'NONE', *, *, #1455, .T. ) ;
#3689 =( GEOMETRIC_REPRESENTATION_CONTEXT ( 3 ) GLOBAL_UNCERTAINTY_ASSIGNED_CONTEXT ( ( #1211 ) ) GLOBAL_UNIT_ASSIGNED_CONTEXT ( ( #2496, #2805, #3680 ) ) REPRESENTATION_CONTEXT ( 'NONE', 'WORKASPACE' ) );
#3690 = AXIS2_PLACEMENT_3D ( 'NONE', #1615, #2461, #1851 ) ;
#3691 = DIRECTION ( 'NONE',  ( 0.000000000000000000, 0.000000000000000000, -1.000000000000000000 ) ) ;
#3692 = AXIS2_PLACEMENT_3D ( 'NONE', #859, #2692, #1468 ) ;
#3693 = DIRECTION ( 'NONE',  ( 0.000000000000000000, 0.000000000000000000, 1.000000000000000000 ) ) ;
#3694 = CARTESIAN_POINT ( 'NONE',  ( 0.000000000000000000, 28.24999999999999645, 0.000000000000000000 ) ) ;
#3695 = ORIENTED_EDGE ( 'NONE', *, *, #1395, .T. ) ;
#3696 = EDGE_CURVE ( 'NONE', #516, #2977, #2557, .T. ) ;
#3697 = SURFACE_STYLE_USAGE ( .BOTH. , #2477 ) ;
#3698 = SURFACE_SIDE_STYLE ('',( #2697 ) ) ;
#3699 =( GEOMETRIC_REPRESENTATION_CONTEXT ( 3 ) GLOBAL_UNCERTAINTY_ASSIGNED_CONTEXT ( ( #996 ) ) GLOBAL_UNIT_ASSIGNED_CONTEXT ( ( #1789, #3844, #1423 ) ) REPRESENTATION_CONTEXT ( 'NONE', 'WORKASPACE' ) );
#3700 = PRODUCT_DEFINITION_SHAPE ( 'NONE', 'NONE',  #3833 ) ;
#3701 = AXIS2_PLACEMENT_3D ( 'NONE', #2401, #3222, #887 ) ;
#3702 =( LENGTH_UNIT ( ) NAMED_UNIT ( * ) SI_UNIT ( .MILLI., .METRE. ) );
#3703 = FACE_OUTER_BOUND ( 'NONE', #294, .T. ) ;
#3704 = AXIS2_PLACEMENT_3D ( 'NONE', #2846, #2215, #1924 ) ;
#3705 = STYLED_ITEM ( 'NONE', ( #602 ), #1506 ) ;
#3706 = ORIENTED_EDGE ( 'NONE', *, *, #1934, .F. ) ;
#3707 = DIRECTION ( 'NONE',  ( -0.000000000000000000, -1.000000000000000000, -0.000000000000000000 ) ) ;
#3708 = DIRECTION ( 'NONE',  ( -0.000000000000000000, -1.000000000000000000, -0.000000000000000000 ) ) ;
#3709 =( NAMED_UNIT ( * ) PLANE_ANGLE_UNIT ( ) SI_UNIT ( $, .RADIAN. ) );
#3710 = EDGE_LOOP ( 'NONE', ( #1941, #1399, #378, #2157 ) ) ;
#3711 = AXIS2_PLACEMENT_3D ( 'NONE', #2230, #457, #2856 ) ;
#3712 = FACE_OUTER_BOUND ( 'NONE', #630, .T. ) ;
#3713 = PLANE ( 'NONE',  #3286 ) ;
#3714 = CARTESIAN_POINT ( 'NONE',  ( 9.919639073093559228E-16, 1.600000000000000089, 8.099999999999999645 ) ) ;
#3715 = CARTESIAN_POINT ( 'NONE',  ( 4.898587196589413075E-17, 38.25000000000000000, -9.600000000000001421 ) ) ;
#3716 = DIRECTION ( 'NONE',  ( 0.000000000000000000, 0.000000000000000000, -1.000000000000000000 ) ) ;
#3717 = EDGE_CURVE ( 'NONE', #2067, #14, #1110, .T. ) ;
#3718 = EDGE_CURVE ( 'NONE', #2048, #2614, #3325, .T. ) ;
#3719 = CYLINDRICAL_SURFACE ( 'NONE', #2867, 0.3999999999999993006 ) ;
#3720 = CONTEXT_DEPENDENT_SHAPE_REPRESENTATION ( #1849, #3730 ) ;
#3721 = COLOUR_RGB ( '',1.000000000000000000, 0.6156862745098039547, 0.2235294117647058654 ) ;
#3722 = VERTEX_POINT ( 'NONE', #246 ) ;
#3723 = PRESENTATION_STYLE_ASSIGNMENT (( #349 ) ) ;
#3724 = AXIS2_PLACEMENT_3D ( 'NONE', #2127, #3384, #2764 ) ;
#3725 = CYLINDRICAL_SURFACE ( 'NONE', #3821, 0.3999999999999993006 ) ;
#3726 = PRESENTATION_STYLE_ASSIGNMENT (( #1622 ) ) ;
#3727 = ORIENTED_EDGE ( 'NONE', *, *, #3351, .T. ) ;
#3728 = CIRCLE ( 'NONE', #1597, 9.599999999999999645 ) ;
#3729 = SURFACE_STYLE_USAGE ( .BOTH. , #3768 ) ;
#3730 = PRODUCT_DEFINITION_SHAPE ( 'NONE', 'NONE',  #3907 ) ;
#3731 = UNCERTAINTY_MEASURE_WITH_UNIT (LENGTH_MEASURE( 1.000000000000000082E-05 ), #3341, 'distance_accuracy_value', 'NONE');
#3732 = CIRCLE ( 'NONE', #510, 0.3999999999999993006 ) ;
#3733 = CARTESIAN_POINT ( 'NONE',  ( 15.09049266094380037, 0.000000000000000000, -6.012500000000073008 ) ) ;
#3734 = LINE ( 'NONE', #2436, #3087 ) ;
#3735 = CARTESIAN_POINT ( 'NONE',  ( -1.702137580665993966, 38.25000000000000000, -9.454071628341480960 ) ) ;
#3736 = FACE_OUTER_BOUND ( 'NONE', #929, .T. ) ;
#3737 = ITEM_DEFINED_TRANSFORMATION ( 'NONE', 'NONE', #1691,  #1446 ) ;
#3738 = ADVANCED_FACE ( 'NONE', ( #3569 ), #3592, .T. ) ;
#3739 = EDGE_LOOP ( 'NONE', ( #2717, #2377, #2033, #1812 ) ) ;
#3740 = CARTESIAN_POINT ( 'NONE',  ( 2.544026408265383843, 28.24999999999999645, 10.07098390206747851 ) ) ;
#3741 = PRESENTATION_LAYER_ASSIGNMENT (  '', '', ( #1905 ) ) ;
#3742 =( NAMED_UNIT ( * ) PLANE_ANGLE_UNIT ( ) SI_UNIT ( $, .RADIAN. ) );
#3743 = FILL_AREA_STYLE_COLOUR ( '', #2843 ) ;
#3744 = EDGE_LOOP ( 'NONE', ( #3819, #1301 ) ) ;
#3745 = EDGE_CURVE ( 'NONE', #370, #310, #921, .T. ) ;
#3746 = DIRECTION ( 'NONE',  ( -0.000000000000000000, -1.000000000000000000, -0.000000000000000000 ) ) ;
#3747 = MECHANICAL_DESIGN_GEOMETRIC_PRESENTATION_REPRESENTATION (  '', ( #2210 ), #2594 ) ;
#3748 = CARTESIAN_POINT ( 'NONE',  ( 0.8715574274765832685, 38.25000000000000000, -10.36194698091745536 ) ) ;
#3749 = CIRCLE ( 'NONE', #3490, 2.699999999999995737 ) ;
#3750 = CYLINDRICAL_SURFACE ( 'NONE', #3280, 2.699999999999995737 ) ;
#3751 = CARTESIAN_POINT ( 'NONE',  ( 0.000000000000000000, 28.24999999999999645, 0.000000000000000000 ) ) ;
#3752 = FACE_OUTER_BOUND ( 'NONE', #584, .T. ) ;
#3753 = CLOSED_SHELL ( 'NONE', ( #1715, #48, #2693, #1427, #2793, #316, #2592, #1626, #1122, #1803, #1844, #1006, #1773, #2099, #2228, #2118, #3357, #737, #2293, #559, #1664, #2566, #259, #3432, #1993, #983, #1537, #341, #600, #1073, #2719, #3354, #3109, #2179, #1506, #3038, #3328, #263, #1459, #2047, #697, #435, #2021, #392, #2541 ) ) ;
#3754 =( NAMED_UNIT ( * ) PLANE_ANGLE_UNIT ( ) SI_UNIT ( $, .RADIAN. ) );
#3755 = FILL_AREA_STYLE_COLOUR ( '', #2674 ) ;
#3756 = DIRECTION ( 'NONE',  ( 0.000000000000000000, 0.000000000000000000, -1.000000000000000000 ) ) ;
#3757 = DIRECTION ( 'NONE',  ( 0.000000000000000000, 0.000000000000000000, 1.000000000000000000 ) ) ;
#3758 = MECHANICAL_DESIGN_GEOMETRIC_PRESENTATION_REPRESENTATION (  '', ( #2548 ), #1853 ) ;
#3759 = AXIS2_PLACEMENT_3D ( 'NONE', #845, #256, #2662 ) ;
#3760 = VERTEX_POINT ( 'NONE', #2708 ) ;
#3761 = CARTESIAN_POINT ( 'NONE',  ( 0.000000000000000000, 38.25000000000000000, -10.40000000000000036 ) ) ;
#3762 = EDGE_CURVE ( 'NONE', #814, #3545, #1442, .T. ) ;
#3763 = EDGE_CURVE ( 'NONE', #3897, #699, #3642, .T. ) ;
#3764 = AXIS2_PLACEMENT_3D ( 'NONE', #3414, #2546, #1603 ) ;
#3765 = SURFACE_STYLE_FILL_AREA ( #2506 ) ;
#3766 = FILL_AREA_STYLE_COLOUR ( '', #751 ) ;
#3767 = VERTEX_POINT ( 'NONE', #3089 ) ;
#3768 = SURFACE_SIDE_STYLE ('',( #763 ) ) ;
#3769 = EDGE_CURVE ( 'NONE', #333, #1854, #331, .T. ) ;
#3770 = COLOUR_RGB ( '',1.000000000000000000, 0.000000000000000000, 0.000000000000000000 ) ;
#3771 = EDGE_CURVE ( 'NONE', #240, #3100, #1511, .T. ) ;
#3772 = AXIS2_PLACEMENT_3D ( 'NONE', #45, #296, #3362 ) ;
#3773 = DIRECTION ( 'NONE',  ( -0.000000000000000000, -1.000000000000000000, -0.000000000000000000 ) ) ;
#3774 = FACE_BOUND ( 'NONE', #1477, .T. ) ;
#3775 = CARTESIAN_POINT ( 'NONE',  ( 0.000000000000000000, 1.600000000000000089, -9.599999999999999645 ) ) ;
#3776 = DIRECTION ( 'NONE',  ( 0.000000000000000000, 1.000000000000000000, 0.000000000000000000 ) ) ;
#3777 = SURFACE_STYLE_USAGE ( .BOTH. , #124 ) ;
#3778 = AXIS2_PLACEMENT_3D ( 'NONE', #1456, #2998, #3298 ) ;
#3779 = VERTEX_POINT ( 'NONE', #2795 ) ;
#3780 = AXIS2_PLACEMENT_3D ( 'NONE', #381, #3440, #3406 ) ;
#3781 = COLOUR_RGB ( '',1.000000000000000000, 0.000000000000000000, 0.000000000000000000 ) ;
#3782 = LINE ( 'NONE', #145, #3255 ) ;
#3783 = DIRECTION ( 'NONE',  ( 0.000000000000000000, -0.000000000000000000, 1.000000000000000000 ) ) ;
#3784 = ORIENTED_EDGE ( 'NONE', *, *, #458, .F. ) ;
#3785 = EDGE_CURVE ( 'NONE', #3100, #240, #1922, .T. ) ;
#3786 = VECTOR ( 'NONE', #721, 1000.000000000000000 ) ;
#3787 = DIRECTION ( 'NONE',  ( 0.000000000000000000, 0.000000000000000000, -1.000000000000000000 ) ) ;
#3788 = LINE ( 'NONE', #1628, #944 ) ;
#3789 = AXIS2_PLACEMENT_3D ( 'NONE', #2018, #3292, #3593 ) ;
#3790 = CARTESIAN_POINT ( 'NONE',  ( 4.898587196589413075E-17, 24.39999999999999858, 0.4000000000000000222 ) ) ;
#3791 =( NAMED_UNIT ( * ) PLANE_ANGLE_UNIT ( ) SI_UNIT ( $, .RADIAN. ) );
#3792 = ADVANCED_FACE ( 'NONE', ( #2489 ), #3626, .F. ) ;
#3793 = CIRCLE ( 'NONE', #2709, 0.4000000000000000222 ) ;
#3794 = FACE_OUTER_BOUND ( 'NONE', #3290, .T. ) ;
#3795 = DIRECTION ( 'NONE',  ( 0.000000000000000000, 0.000000000000000000, 1.000000000000000000 ) ) ;
#3796 =( NAMED_UNIT ( * ) PLANE_ANGLE_UNIT ( ) SI_UNIT ( $, .RADIAN. ) );
#3797 = ORIENTED_EDGE ( 'NONE', *, *, #1069, .F. ) ;
#3798 = ORIENTED_EDGE ( 'NONE', *, *, #3477, .F. ) ;
#3799 = STYLED_ITEM ( 'NONE', ( #1701 ), #1935 ) ;
#3800 = FACE_BOUND ( 'NONE', #1192, .T. ) ;
#3801 =( GEOMETRIC_REPRESENTATION_CONTEXT ( 3 ) GLOBAL_UNCERTAINTY_ASSIGNED_CONTEXT ( ( #2093 ) ) GLOBAL_UNIT_ASSIGNED_CONTEXT ( ( #1895, #111, #1275 ) ) REPRESENTATION_CONTEXT ( 'NONE', 'WORKASPACE' ) );
#3802 = ORIENTED_EDGE ( 'NONE', *, *, #2940, .T. ) ;
#3803 = CARTESIAN_POINT ( 'NONE',  ( 1.738004324169895476, 38.25000000000000000, 9.847808942560101642 ) ) ;
#3804 = COLOUR_RGB ( '',0.7294117647058823151, 0.3568627450980392246, 0.02352941176470588203 ) ;
#3805 = CIRCLE ( 'NONE', #1023, 3.399999999999999467 ) ;
#3806 = EDGE_CURVE ( 'NONE', #3760, #370, #3010, .T. ) ;
#3807 = DIRECTION ( 'NONE',  ( 0.000000000000000000, 0.000000000000000000, 1.000000000000000000 ) ) ;
#3808 = FILL_AREA_STYLE ('',( #10 ) ) ;
#3809 = PRESENTATION_LAYER_ASSIGNMENT (  '', '', ( #1418 ) ) ;
#3810 = DIRECTION ( 'NONE',  ( 0.000000000000000000, 1.000000000000000000, 0.000000000000000000 ) ) ;
#3811 = UNCERTAINTY_MEASURE_WITH_UNIT (LENGTH_MEASURE( 1.000000000000000082E-05 ), #3152, 'distance_accuracy_value', 'NONE');
#3812 = AXIS2_PLACEMENT_3D ( 'NONE', #3334, #1882, #955 ) ;
#3813 = FILL_AREA_STYLE_COLOUR ( '', #301 ) ;
#3814 = ORIENTED_EDGE ( 'NONE', *, *, #3059, .F. ) ;
#3815 = CARTESIAN_POINT ( 'NONE',  ( 4.898587196589413075E-17, 24.39999999999999858, 0.4000000000000000222 ) ) ;
#3816 = SURFACE_SIDE_STYLE ('',( #2260 ) ) ;
#3817 =( GEOMETRIC_REPRESENTATION_CONTEXT ( 3 ) GLOBAL_UNCERTAINTY_ASSIGNED_CONTEXT ( ( #3179 ) ) GLOBAL_UNIT_ASSIGNED_CONTEXT ( ( #1616, #1599, #2790 ) ) REPRESENTATION_CONTEXT ( 'NONE', 'WORKASPACE' ) );
#3818 = FACE_BOUND ( 'NONE', #1719, .T. ) ;
#3819 = ORIENTED_EDGE ( 'NONE', *, *, #2887, .F. ) ;
#3820 = ORIENTED_EDGE ( 'NONE', *, *, #3596, .F. ) ;
#3821 = AXIS2_PLACEMENT_3D ( 'NONE', #465, #390, #1671 ) ;
#3822 = FACE_OUTER_BOUND ( 'NONE', #248, .T. ) ;
#3823 = SURFACE_STYLE_FILL_AREA ( #1417 ) ;
#3824 = SURFACE_STYLE_FILL_AREA ( #508 ) ;
#3825 = DIRECTION ( 'NONE',  ( 0.000000000000000000, 0.000000000000000000, 1.000000000000000000 ) ) ;
#3826 = COLOUR_RGB ( '',0.5019607843137254832, 0.7137254901960784492, 0.5019607843137254832 ) ;
#3827 = DIRECTION ( 'NONE',  ( -0.000000000000000000, -1.000000000000000000, -0.000000000000000000 ) ) ;
#3828 = DIRECTION ( 'NONE',  ( 0.000000000000000000, 1.000000000000000000, 0.000000000000000000 ) ) ;
#3829 = STYLED_ITEM ( 'NONE', ( #264 ), #1664 ) ;
#3830 = ORIENTED_EDGE ( 'NONE', *, *, #805, .T. ) ;
#3831 = AXIS2_PLACEMENT_3D ( 'NONE', #2834, #3113, #1102 ) ;
#3832 = CYLINDRICAL_SURFACE ( 'NONE', #3772, 0.4000000000000000777 ) ;
#3833 = PRODUCT_DEFINITION ( 'UNKNOWN', '', #3268, #2932 ) ;
#3834 = PRESENTATION_STYLE_ASSIGNMENT (( #513 ) ) ;
#3835 = ORIENTED_EDGE ( 'NONE', *, *, #102, .F. ) ;
#3836 = ADVANCED_FACE ( 'NONE', ( #2082 ), #61, .T. ) ;
#3837 = ORIENTED_EDGE ( 'NONE', *, *, #951, .F. ) ;
#3838 = LINE ( 'NONE', #220, #2598 ) ;
#3839 = FILL_AREA_STYLE_COLOUR ( '', #2874 ) ;
#3840 = VERTEX_POINT ( 'NONE', #2641 ) ;
#3841 = ORIENTED_EDGE ( 'NONE', *, *, #286, .F. ) ;
#3842 = STYLED_ITEM ( 'NONE', ( #1636 ), #2618 ) ;
#3843 = SURFACE_STYLE_FILL_AREA ( #2632 ) ;
#3844 =( NAMED_UNIT ( * ) PLANE_ANGLE_UNIT ( ) SI_UNIT ( $, .RADIAN. ) );
#3845 = SURFACE_STYLE_USAGE ( .BOTH. , #491 ) ;
#3846 = VECTOR ( 'NONE', #1866, 1000.000000000000000 ) ;
#3847 =( LENGTH_UNIT ( ) NAMED_UNIT ( * ) SI_UNIT ( .MILLI., .METRE. ) );
#3848 = EDGE_LOOP ( 'NONE', ( #3241, #2408 ) ) ;
#3849 = AXIS2_PLACEMENT_3D ( 'NONE', #701, #3376, #1858 ) ;
#3850 = FILL_AREA_STYLE_COLOUR ( '', #1371 ) ;
#3851 = UNCERTAINTY_MEASURE_WITH_UNIT (LENGTH_MEASURE( 1.000000000000000082E-05 ), #434, 'distance_accuracy_value', 'NONE');
#3852 = DIRECTION ( 'NONE',  ( 0.000000000000000000, 0.000000000000000000, 1.000000000000000000 ) ) ;
#3853 = ORIENTED_EDGE ( 'NONE', *, *, #1649, .T. ) ;
#3854 = CARTESIAN_POINT ( 'NONE',  ( -1.702137580665993966, 28.24999999999999645, -9.854071628341479538 ) ) ;
#3855 = DIRECTION ( 'NONE',  ( -0.000000000000000000, -1.000000000000000000, -0.000000000000000000 ) ) ;
#3856 = FACE_OUTER_BOUND ( 'NONE', #1745, .T. ) ;
#3857 = EDGE_CURVE ( 'NONE', #1316, #3560, #1706, .T. ) ;
#3858 = ORIENTED_EDGE ( 'NONE', *, *, #2845, .T. ) ;
#3859 = FACE_OUTER_BOUND ( 'NONE', #1268, .T. ) ;
#3860 = EDGE_CURVE ( 'NONE', #3767, #1316, #1747, .T. ) ;
#3861 = DIRECTION ( 'NONE',  ( 0.000000000000000000, 0.000000000000000000, -1.000000000000000000 ) ) ;
#3862 = ORIENTED_EDGE ( 'NONE', *, *, #1937, .F. ) ;
#3863 = FACE_OUTER_BOUND ( 'NONE', #3586, .T. ) ;
#3864 = ORIENTED_EDGE ( 'NONE', *, *, #1873, .F. ) ;
#3865 = CARTESIAN_POINT ( 'NONE',  ( 15.09049266094380037, 2.694222958124177006E-16, -8.712500000000069633 ) ) ;
#3866 = CARTESIAN_POINT ( 'NONE',  ( -0.5553116310352962381, 24.39999999999999858, 1.313679779901635536 ) ) ;
#3867 = ORIENTED_EDGE ( 'NONE', *, *, #3408, .F. ) ;
#3868 = VECTOR ( 'NONE', #2589, 1000.000000000000000 ) ;
#3869 =( NAMED_UNIT ( * ) PLANE_ANGLE_UNIT ( ) SI_UNIT ( $, .RADIAN. ) );
#3870 = CIRCLE ( 'NONE', #2144, 8.099999999999999645 ) ;
#3871 = FACE_OUTER_BOUND ( 'NONE', #3343, .T. ) ;
#3872 = AXIS2_PLACEMENT_3D ( 'NONE', #1119, #3534, #867 ) ;
#3873 = ORIENTED_EDGE ( 'NONE', *, *, #3572, .T. ) ;
#3874 = CARTESIAN_POINT ( 'NONE',  ( 1.175660927181458842E-15, 1.600000000000000089, 9.599999999999999645 ) ) ;
#3875 = CARTESIAN_POINT ( 'NONE',  ( 0.8715574274765832685, 38.25000000000000000, 10.36194698091745536 ) ) ;
#3876 = MECHANICAL_DESIGN_GEOMETRIC_PRESENTATION_REPRESENTATION (  '', ( #1418 ), #2987 ) ;
#3877 = CIRCLE ( 'NONE', #2151, 0.4000000000000000777 ) ;
#3878 = SURFACE_SIDE_STYLE ('',( #1410 ) ) ;
#3879 = AXIS2_PLACEMENT_3D ( 'NONE', #2565, #1930, #752 ) ;
#3880 = ORIENTED_EDGE ( 'NONE', *, *, #3763, .T. ) ;
#3881 = ADVANCED_FACE ( 'NONE', ( #992 ), #717, .T. ) ;
#3882 = PRESENTATION_LAYER_ASSIGNMENT (  '', '', ( #3568 ) ) ;
#3883 = DIRECTION ( 'NONE',  ( -0.000000000000000000, -1.000000000000000000, -0.000000000000000000 ) ) ;
#3884 = SURFACE_STYLE_USAGE ( .BOTH. , #549 ) ;
#3885 = ORIENTED_EDGE ( 'NONE', *, *, #1560, .T. ) ;
#3886 = PRESENTATION_STYLE_ASSIGNMENT (( #2064 ) ) ;
#3887 = CYLINDRICAL_SURFACE ( 'NONE', #1032, 0.3999999999999993006 ) ;
#3888 = DIRECTION ( 'NONE',  ( -0.000000000000000000, -1.000000000000000000, -0.000000000000000000 ) ) ;
#3889 = VECTOR ( 'NONE', #3883, 1000.000000000000000 ) ;
#3890 = ADVANCED_FACE ( 'NONE', ( #218 ), #3219, .T. ) ;
#3891 = PRESENTATION_LAYER_ASSIGNMENT (  '', '', ( #3705 ) ) ;
#3892 = ORIENTED_EDGE ( 'NONE', *, *, #2046, .F. ) ;
#3893 =( GEOMETRIC_REPRESENTATION_CONTEXT ( 3 ) GLOBAL_UNCERTAINTY_ASSIGNED_CONTEXT ( ( #3851 ) ) GLOBAL_UNIT_ASSIGNED_CONTEXT ( ( #434, #187, #1962 ) ) REPRESENTATION_CONTEXT ( 'NONE', 'WORKASPACE' ) );
#3894 = CIRCLE ( 'NONE', #1972, 8.099999999999999645 ) ;
#3895 = UNCERTAINTY_MEASURE_WITH_UNIT (LENGTH_MEASURE( 1.000000000000000082E-05 ), #2699, 'distance_accuracy_value', 'NONE');
#3896 = DIRECTION ( 'NONE',  ( -0.000000000000000000, -1.000000000000000000, -0.000000000000000000 ) ) ;
#3897 = VERTEX_POINT ( 'NONE', #3239 ) ;
#3898 = DIRECTION ( 'NONE',  ( 0.000000000000000000, 0.000000000000000000, -1.000000000000000000 ) ) ;
#3899 = DIRECTION ( 'NONE',  ( -0.000000000000000000, -1.000000000000000000, -0.000000000000000000 ) ) ;
#3900 = VERTEX_POINT ( 'NONE', #239 ) ;
#3901 = DIRECTION ( 'NONE',  ( 0.000000000000000000, 0.000000000000000000, 1.000000000000000000 ) ) ;
#3902 = ORIENTED_EDGE ( 'NONE', *, *, #2520, .F. ) ;
#3903 = ADVANCED_FACE ( 'NONE', ( #3540 ), #822, .T. ) ;
#3904 = CARTESIAN_POINT ( 'NONE',  ( -0.2650306909542098910, 24.39999999999999858, -0.9663558761958366272 ) ) ;
#3905 = CARTESIAN_POINT ( 'NONE',  ( -0.7099363585365638940, 9.400000000000000355, 0.4202563108721194540 ) ) ;
#3906 = CARTESIAN_POINT ( 'NONE',  ( 0.8715574274765832685, 38.25000000000000000, -9.561946980917456429 ) ) ;
#3907 = NEXT_ASSEMBLY_USAGE_OCCURRENCE ( 'NAUO1', ' ', ' ', #2373, #1022, $ ) ;
#3908 = NEXT_ASSEMBLY_USAGE_OCCURRENCE ( 'NAUO2', ' ', ' ', #2373, #3833, $ ) ;
ENDSEC;
END-ISO-10303-21;
